[1,["11997eda8@6c48a"],["_textureSource"],["cc.SpriteFrame","cc.ImageAsset","cc.Texture2D"],0,[[[{"name":"btn_xephang","rect":{"x":927,"y":497,"width":93,"height":85},"offset":{"x":0,"y":0},"originalSize":{"width":93,"height":85},"rotated":false,"capInsets":[0,0,0,0],"texture":"11997eda8@6c48a","packable":true}],[0],0,[0],[0],[0]],[[{"name":"btn_hotline2","rect":{"x":693,"y":618,"width":92,"height":35},"offset":{"x":0,"y":0.5},"originalSize":{"width":92,"height":70},"rotated":false,"capInsets":[0,0,0,0],"texture":"11997eda8@6c48a","packable":true}],[0],0,[0],[0],[0]],[[{"name":"ct_co","rect":{"x":226,"y":994,"width":27,"height":26},"offset":{"x":0,"y":0},"originalSize":{"width":27,"height":26},"rotated":true,"capInsets":[0,0,0,0],"texture":"11997eda8@6c48a","packable":true}],[0],0,[0],[0],[0]],[[{"name":"tps_line_numb_1","rect":{"x":791,"y":651,"width":1,"height":1},"offset":{"x":15,"y":-19},"originalSize":{"width":31,"height":39},"rotated":false,"capInsets":[0,0,0,0],"texture":"11997eda8@6c48a","packable":true}],[0],0,[0],[0],[0]],[[{"name":"tps_btn2_line_16","rect":{"x":927,"y":588,"width":93,"height":67},"offset":{"x":0,"y":0},"originalSize":{"width":93,"height":67},"rotated":false,"capInsets":[0,0,0,0],"texture":"11997eda8@6c48a","packable":true}],[0],0,[0],[0],[0]],[[{"name":"lb_icon_nap_card","rect":{"x":616,"y":618,"width":37,"height":25},"offset":{"x":0,"y":0},"originalSize":{"width":37,"height":25},"rotated":true,"capInsets":[0,0,0,0],"texture":"11997eda8@6c48a","packable":true}],[0],0,[0],[0],[0]],[[{"fmt":"0","w":1024,"h":1024}],[1],0,[],[],[]],[[{"base":"2,2,0,0,0,1","mipmaps":["11997eda8"]}],[2],0,[],[],[]],[[{"name":"font_soi_cau","rect":{"x":170,"y":994,"width":50,"height":27},"offset":{"x":-7,"y":2.5},"originalSize":{"width":64,"height":32},"rotated":false,"capInsets":[0,0,0,0],"texture":"11997eda8@6c48a","packable":true}],[0],0,[0],[0],[0]],[[{"name":"lb_quenmk_text","rect":{"x":791,"y":618,"width":128,"height":27},"offset":{"x":0,"y":-1.5},"originalSize":{"width":128,"height":54},"rotated":false,"capInsets":[0,0,0,0],"texture":"11997eda8@6c48a","packable":true}],[0],0,[0],[0],[0]],[[{"name":"logo_100_xiu copy 4","rect":{"x":798,"y":651,"width":1,"height":1},"offset":{"x":0,"y":0},"originalSize":{"width":1,"height":1},"rotated":false,"capInsets":[0,0,0,0],"texture":"11997eda8@6c48a","packable":true}],[0],0,[0],[0],[0]],[[{"name":"btn_ketsat","rect":{"x":647,"y":618,"width":40,"height":36},"offset":{"x":0,"y":0},"originalSize":{"width":40,"height":36},"rotated":false,"capInsets":[0,0,0,0],"texture":"11997eda8@6c48a","packable":true}],[0],0,[0],[0],[0]],[[{"name":"tx_doc","rect":{"x":805,"y":651,"width":1,"height":1},"offset":{"x":0,"y":0},"originalSize":{"width":1,"height":1},"rotated":false,"capInsets":[0,0,0,0],"texture":"11997eda8@6c48a","packable":true}],[0],0,[0],[0],[0]],[[{"name":"ig_bg_text_3","rect":{"x":3,"y":618,"width":145,"height":37},"offset":{"x":0,"y":0},"originalSize":{"width":145,"height":37},"rotated":false,"capInsets":[0,0,0,0],"texture":"11997eda8@6c48a","packable":true}],[0],0,[0],[0],[0]],[[{"name":"btn_reg","rect":{"x":757,"y":772,"width":249,"height":60},"offset":{"x":0,"y":0},"originalSize":{"width":249,"height":60},"rotated":true,"capInsets":[0,0,0,0],"texture":"11997eda8@6c48a","packable":true}],[0],0,[0],[0],[0]],[[{"name":"doctin_bg1","rect":{"x":889,"y":772,"width":131,"height":117},"offset":{"x":0,"y":0},"originalSize":{"width":131,"height":117},"rotated":false,"capInsets":[0,0,0,0],"texture":"11997eda8@6c48a","packable":true}],[0],0,[0],[0],[0]],[[{"name":"mng_minipoker","rect":{"x":170,"y":661,"width":177,"height":117},"offset":{"x":0,"y":-0.5},"originalSize":{"width":179,"height":118},"rotated":true,"capInsets":[0,0,0,0],"texture":"11997eda8@6c48a","packable":true}],[0],0,[0],[0],[0]],[[{"name":"lb_icon_thongbao_204","rect":{"x":927,"y":295,"width":104,"height":93},"offset":{"x":0,"y":0},"originalSize":{"width":104,"height":93},"rotated":true,"capInsets":[0,0,0,0],"texture":"11997eda8@6c48a","packable":true}],[0],0,[0],[0],[0]],[[{"name":"lb_popup_title_bg_1","rect":{"x":812,"y":651,"width":1,"height":1},"offset":{"x":0,"y":0},"originalSize":{"width":1,"height":1},"rotated":false,"capInsets":[0,0,0,0],"texture":"11997eda8@6c48a","packable":true}],[0],0,[0],[0],[0]],[[{"name":"tps_line_numb_0","rect":{"x":819,"y":651,"width":1,"height":1},"offset":{"x":15,"y":-19},"originalSize":{"width":31,"height":39},"rotated":false,"capInsets":[0,0,0,0],"texture":"11997eda8@6c48a","packable":true}],[0],0,[0],[0],[0]],[[{"name":"ct_text_caothap","rect":{"x":3,"y":661,"width":359,"height":161},"offset":{"x":0,"y":0},"originalSize":{"width":359,"height":161},"rotated":true,"capInsets":[0,0,0,0],"texture":"11997eda8@6c48a","packable":true}],[0],0,[0],[0],[0]],[[{"name":"ct_tep","rect":{"x":258,"y":994,"width":26,"height":26},"offset":{"x":0,"y":0},"originalSize":{"width":26,"height":26},"rotated":false,"capInsets":[0,0,0,0],"texture":"11997eda8@6c48a","packable":true}],[0],0,[0],[0],[0]],[[{"name":"tps_bg","rect":{"x":3,"y":3,"width":918,"height":609},"offset":{"x":0,"y":0},"originalSize":{"width":918,"height":609},"rotated":false,"capInsets":[0,0,0,0],"texture":"11997eda8@6c48a","packable":true}],[0],0,[0],[0],[0]],[[{"name":"lb_edit_box","rect":{"x":293,"y":618,"width":399,"height":60},"offset":{"x":0,"y":0},"originalSize":{"width":399,"height":60},"rotated":true,"capInsets":[0,0,0,0],"texture":"11997eda8@6c48a","packable":true}],[0],0,[0],[0],[0]],[[{"name":"lb_khung_id","rect":{"x":154,"y":618,"width":133,"height":37},"offset":{"x":0,"y":0},"originalSize":{"width":133,"height":37},"rotated":false,"capInsets":[0,0,0,0],"texture":"11997eda8@6c48a","packable":true}],[0],0,[0],[0],[0]],[[{"name":"lb_icon_thongbao_221","rect":{"x":927,"y":405,"width":93,"height":86},"offset":{"x":0,"y":0},"originalSize":{"width":93,"height":86},"rotated":false,"capInsets":[0,0,0,0],"texture":"11997eda8@6c48a","packable":true}],[0],0,[0],[0],[0]],[[{"name":"btn_reg","rect":{"x":823,"y":772,"width":249,"height":60},"offset":{"x":0,"y":0},"originalSize":{"width":249,"height":60},"rotated":true,"capInsets":[0,0,0,0],"texture":"11997eda8@6c48a","packable":true}],[0],0,[0],[0],[0]],[[{"name":"lb_icon_logout","rect":{"x":498,"y":618,"width":37,"height":37},"offset":{"x":0,"y":0},"originalSize":{"width":37,"height":37},"rotated":false,"capInsets":[0,0,0,0],"texture":"11997eda8@6c48a","packable":true}],[0],0,[0],[0],[0]],[[{"name":"btn_to","rect":{"x":170,"y":844,"width":117,"height":144},"offset":{"x":0,"y":0},"originalSize":{"width":117,"height":144},"rotated":false,"capInsets":[0,0,0,0],"texture":"11997eda8@6c48a","packable":true}],[0],0,[0],[0],[0]],[[{"name":"lb_icon_nap_bank","rect":{"x":541,"y":618,"width":37,"height":35},"offset":{"x":0,"y":0},"originalSize":{"width":37,"height":35},"rotated":true,"capInsets":[0,0,0,0],"texture":"11997eda8@6c48a","packable":true}],[0],0,[0],[0],[0]],[[{"name":"blank_sprite","rect":{"x":826,"y":651,"width":1,"height":1},"offset":{"x":0,"y":0},"originalSize":{"width":1,"height":1},"rotated":false,"capInsets":[0,0,0,0],"texture":"11997eda8@6c48a","packable":true}],[0],0,[0],[0],[0]],[[{"name":"tx_xanh2","rect":{"x":833,"y":651,"width":1,"height":1},"offset":{"x":0,"y":0},"originalSize":{"width":1,"height":1},"rotated":false,"capInsets":[0,0,0,0],"texture":"11997eda8@6c48a","packable":true}],[0],0,[0],[0],[0]],[[{"name":"tps_btn2_line_19","rect":{"x":927,"y":3,"width":94,"height":67},"offset":{"x":0,"y":0},"originalSize":{"width":94,"height":67},"rotated":false,"capInsets":[0,0,0,0],"texture":"11997eda8@6c48a","packable":true}],[0],0,[0],[0],[0]],[[{"name":"lb_floating_text_bg","rect":{"x":359,"y":661,"width":660,"height":38},"offset":{"x":0,"y":0},"originalSize":{"width":660,"height":38},"rotated":false,"capInsets":[0,0,0,0],"texture":"11997eda8@6c48a","packable":true}],[0],0,[0],[0],[0]],[[{"name":"tps_btn2_line_14","rect":{"x":927,"y":76,"width":94,"height":67},"offset":{"x":0,"y":0},"originalSize":{"width":94,"height":67},"rotated":false,"capInsets":[0,0,0,0],"texture":"11997eda8@6c48a","packable":true}],[0],0,[0],[0],[0]],[[{"name":"btn_login","rect":{"x":757,"y":705,"width":262,"height":61},"offset":{"x":0,"y":0},"originalSize":{"width":262,"height":61},"rotated":false,"capInsets":[0,0,0,0],"texture":"11997eda8@6c48a","packable":true}],[0],0,[0],[0],[0]],[[{"name":"logo_100_bg_money","rect":{"x":840,"y":651,"width":1,"height":1},"offset":{"x":0,"y":0},"originalSize":{"width":1,"height":1},"rotated":false,"capInsets":[0,0,0,0],"texture":"11997eda8@6c48a","packable":true}],[0],0,[0],[0],[0]],[[{"name":"logo_100_tai_on","rect":{"x":847,"y":651,"width":1,"height":1},"offset":{"x":0,"y":0},"originalSize":{"width":1,"height":1},"rotated":false,"capInsets":[0,0,0,0],"texture":"11997eda8@6c48a","packable":true}],[0],0,[0],[0],[0]],[[{"name":"tps_btn1_line_19","rect":{"x":927,"y":149,"width":94,"height":67},"offset":{"x":0,"y":0},"originalSize":{"width":94,"height":67},"rotated":false,"capInsets":[0,0,0,0],"texture":"11997eda8@6c48a","packable":true}],[0],0,[0],[0],[0]],[[{"name":"lb_logo_setting","rect":{"x":629,"y":705,"width":310,"height":122},"offset":{"x":0,"y":0},"originalSize":{"width":310,"height":122},"rotated":true,"capInsets":[0,0,0,0],"texture":"11997eda8@6c48a","packable":true}],[0],0,[0],[0],[0]],[[{"name":"tx_xanh","rect":{"x":854,"y":651,"width":1,"height":1},"offset":{"x":0,"y":0},"originalSize":{"width":1,"height":1},"rotated":false,"capInsets":[0,0,0,0],"texture":"11997eda8@6c48a","packable":true}],[0],0,[0],[0],[0]],[[{"name":"bottom","rect":{"x":861,"y":651,"width":1,"height":1},"offset":{"x":639.5,"y":-45.5},"originalSize":{"width":1280,"height":92},"rotated":false,"capInsets":[0,0,0,0],"texture":"11997eda8@6c48a","packable":true}],[0],0,[0],[0],[0]],[[{"name":"lb_logo_smartlink","rect":{"x":359,"y":705,"width":315,"height":264},"offset":{"x":0,"y":0},"originalSize":{"width":315,"height":264},"rotated":true,"capInsets":[0,0,0,0],"texture":"11997eda8@6c48a","packable":true}],[0],0,[0],[0],[0]],[[{"name":"logo_100_tai","rect":{"x":868,"y":651,"width":1,"height":1},"offset":{"x":0,"y":0},"originalSize":{"width":1,"height":1},"rotated":false,"capInsets":[0,0,0,0],"texture":"11997eda8@6c48a","packable":true}],[0],0,[0],[0],[0]],[[{"name":"tps_btn1_line_14","rect":{"x":927,"y":222,"width":94,"height":67},"offset":{"x":0,"y":0},"originalSize":{"width":94,"height":67},"rotated":false,"capInsets":[0,0,0,0],"texture":"11997eda8@6c48a","packable":true}],[0],0,[0],[0],[0]],[[{"name":"tx_den","rect":{"x":875,"y":651,"width":1,"height":1},"offset":{"x":0,"y":0},"originalSize":{"width":1,"height":1},"rotated":false,"capInsets":[0,0,0,0],"texture":"11997eda8@6c48a","packable":true}],[0],0,[0],[0],[0]],[[{"name":"logo_100_xiu","rect":{"x":882,"y":651,"width":1,"height":1},"offset":{"x":0,"y":0},"originalSize":{"width":1,"height":1},"rotated":false,"capInsets":[0,0,0,0],"texture":"11997eda8@6c48a","packable":true}],[0],0,[0],[0],[0]],[[{"name":"mnpk_bg_sk","rect":{"x":889,"y":651,"width":1,"height":1},"offset":{"x":143,"y":-202},"originalSize":{"width":287,"height":405},"rotated":false,"capInsets":[0,0,0,0],"texture":"11997eda8@6c48a","packable":true}],[0],0,[0],[0],[0]],[[{"name":"lb_khung_id","rect":{"x":359,"y":618,"width":133,"height":37},"offset":{"x":0,"y":0},"originalSize":{"width":133,"height":37},"rotated":false,"capInsets":[0,0,0,0],"texture":"11997eda8@6c48a","packable":true}],[0],0,[0],[0],[0]],[[{"name":"stg_icon_moichoi","rect":{"x":582,"y":618,"width":37,"height":28},"offset":{"x":-1.5,"y":0.5},"originalSize":{"width":40,"height":39},"rotated":true,"capInsets":[0,0,0,0],"texture":"11997eda8@6c48a","packable":true}],[0],0,[0],[0],[0]],[[{"name":"temp_captcha","rect":{"x":896,"y":651,"width":1,"height":1},"offset":{"x":119.5,"y":-34.5},"originalSize":{"width":240,"height":70},"rotated":false,"capInsets":[0,0,0,0],"texture":"11997eda8@6c48a","packable":true}],[0],0,[0],[0],[0]],[[{"name":"doctin_bg2","rect":{"x":889,"y":895,"width":131,"height":117},"offset":{"x":0,"y":0},"originalSize":{"width":131,"height":117},"rotated":false,"capInsets":[0,0,0,0],"texture":"11997eda8@6c48a","packable":true}],[0],0,[0],[0],[0]]]]
