[1,["11810ca3e@6c48a"],["_textureSource"],["cc.SpriteFrame","cc.ImageAsset","cc.Texture2D"],0,[[[{"name":"tps_btn2_line_8","rect":{"x":890,"y":933,"width":86,"height":67},"offset":{"x":0,"y":0},"originalSize":{"width":86,"height":67},"rotated":true,"capInsets":[0,0,0,0],"texture":"11810ca3e@6c48a","packable":true}],[0],0,[0],[0],[0]],[[{"name":"Card_11B","rect":{"x":781,"y":469,"width":110,"height":156},"offset":{"x":0,"y":0.5},"originalSize":{"width":114,"height":161},"rotated":true,"capInsets":[0,0,0,0],"texture":"11810ca3e@6c48a","packable":true}],[0],0,[0],[0],[0]],[[{"name":"tps_btn2_line_11","rect":{"x":598,"y":933,"width":87,"height":67},"offset":{"x":0,"y":0},"originalSize":{"width":87,"height":67},"rotated":true,"capInsets":[0,0,0,0],"texture":"11810ca3e@6c48a","packable":true}],[0],0,[0],[0],[0]],[[{"fmt":"0","w":1024,"h":1023}],[1],0,[],[],[]],[[{"base":"2,2,0,0,0,1","mipmaps":["11810ca3e"]}],[2],0,[],[],[]],[[{"name":"Card_10B","rect":{"x":781,"y":585,"width":110,"height":156},"offset":{"x":0,"y":-0.5},"originalSize":{"width":114,"height":161},"rotated":true,"capInsets":[0,0,0,0],"texture":"11810ca3e@6c48a","packable":true}],[0],0,[0],[0],[0]],[[{"name":"tps_btn2_line_1","rect":{"x":583,"y":770,"width":81,"height":67},"offset":{"x":0,"y":0},"originalSize":{"width":81,"height":67},"rotated":true,"capInsets":[0,0,0,0],"texture":"11810ca3e@6c48a","packable":true}],[0],0,[0],[0],[0]],[[{"name":"lb_icon_thongbao_6","rect":{"x":943,"y":510,"width":77,"height":71},"offset":{"x":0,"y":0},"originalSize":{"width":77,"height":71},"rotated":false,"capInsets":[0,0,0,0],"texture":"11810ca3e@6c48a","packable":true}],[0],0,[0],[0],[0]],[[{"name":"lb_icon_thongbao_205","rect":{"x":583,"y":618,"width":74,"height":82},"offset":{"x":0,"y":0},"originalSize":{"width":74,"height":82},"rotated":false,"capInsets":[0,0,0,0],"texture":"11810ca3e@6c48a","packable":true}],[0],0,[0],[0],[0]],[[{"name":"Card_6B","rect":{"x":664,"y":593,"width":110,"height":156},"offset":{"x":0,"y":-0.5},"originalSize":{"width":114,"height":161},"rotated":false,"capInsets":[0,0,0,0],"texture":"11810ca3e@6c48a","packable":true}],[0],0,[0],[0],[0]],[[{"name":"Card_6R","rect":{"x":532,"y":3,"width":110,"height":158},"offset":{"x":0,"y":-0.5},"originalSize":{"width":114,"height":161},"rotated":true,"capInsets":[0,0,0,0],"texture":"11810ca3e@6c48a","packable":true}],[0],0,[0],[0],[0]],[[{"name":"Card_2T","rect":{"x":3,"y":314,"width":110,"height":157},"offset":{"x":0,"y":0},"originalSize":{"width":114,"height":161},"rotated":true,"capInsets":[0,0,0,0],"texture":"11810ca3e@6c48a","packable":true}],[0],0,[0],[0],[0]],[[{"name":"Card_13T","rect":{"x":696,"y":3,"width":110,"height":157},"offset":{"x":0,"y":0},"originalSize":{"width":114,"height":161},"rotated":true,"capInsets":[0,0,0,0],"texture":"11810ca3e@6c48a","packable":true}],[0],0,[0],[0],[0]],[[{"name":"lb_icon_thongbao_7","rect":{"x":943,"y":587,"width":77,"height":71},"offset":{"x":0,"y":0},"originalSize":{"width":77,"height":71},"rotated":false,"capInsets":[0,0,0,0],"texture":"11810ca3e@6c48a","packable":true}],[0],0,[0],[0],[0]],[[{"name":"Card_8B","rect":{"x":819,"y":235,"width":111,"height":156},"offset":{"x":0.5,"y":-0.5},"originalSize":{"width":114,"height":161},"rotated":true,"capInsets":[0,0,0,0],"texture":"11810ca3e@6c48a","packable":true}],[0],0,[0],[0],[0]],[[{"name":"Card_13R","rect":{"x":859,"y":3,"width":110,"height":157},"offset":{"x":0,"y":-1},"originalSize":{"width":114,"height":161},"rotated":true,"capInsets":[0,0,0,0],"texture":"11810ca3e@6c48a","packable":true}],[0],0,[0],[0],[0]],[[{"name":"tps_btn2_line_4","rect":{"x":239,"y":435,"width":91,"height":68},"offset":{"x":0,"y":0},"originalSize":{"width":91,"height":68},"rotated":true,"capInsets":[0,0,0,0],"texture":"11810ca3e@6c48a","packable":true}],[0],0,[0],[0],[0]],[[{"name":"mnpk_btn_bet_event_inactive_2","rect":{"x":945,"y":433,"width":76,"height":71},"offset":{"x":0,"y":0},"originalSize":{"width":76,"height":71},"rotated":false,"capInsets":[0,0,0,0],"texture":"11810ca3e@6c48a","packable":true}],[0],0,[0],[0],[0]],[[{"name":"lb_icon_thongbao_100","rect":{"x":329,"y":350,"width":81,"height":79},"offset":{"x":0,"y":0.5},"originalSize":{"width":83,"height":80},"rotated":false,"capInsets":[0,0,0,0],"texture":"11810ca3e@6c48a","packable":true}],[0],0,[0],[0],[0]],[[{"name":"Card_4R","rect":{"x":501,"y":119,"width":110,"height":157},"offset":{"x":0,"y":0},"originalSize":{"width":114,"height":161},"rotated":true,"capInsets":[0,0,0,0],"texture":"11810ca3e@6c48a","packable":true}],[0],0,[0],[0],[0]],[[{"name":"Card_7R","rect":{"x":337,"y":118,"width":110,"height":158},"offset":{"x":0,"y":-0.5},"originalSize":{"width":114,"height":161},"rotated":true,"capInsets":[0,0,0,0],"texture":"11810ca3e@6c48a","packable":true}],[0],0,[0],[0],[0]],[[{"name":"Card_3R","rect":{"x":334,"y":234,"width":110,"height":157},"offset":{"x":0,"y":-1},"originalSize":{"width":114,"height":161},"rotated":true,"capInsets":[0,0,0,0],"texture":"11810ca3e@6c48a","packable":true}],[0],0,[0],[0],[0]],[[{"name":"Card_bc","rect":{"x":166,"y":319,"width":110,"height":157},"offset":{"x":0,"y":0},"originalSize":{"width":114,"height":161},"rotated":true,"capInsets":[0,0,0,0],"texture":"11810ca3e@6c48a","packable":true}],[0],0,[0],[0],[0]],[[{"name":"btn_invite2","rect":{"x":416,"y":350,"width":78,"height":78},"offset":{"x":0,"y":0},"originalSize":{"width":78,"height":78},"rotated":false,"capInsets":[0,0,0,0],"texture":"11810ca3e@6c48a","packable":true}],[0],0,[0],[0],[0]],[[{"name":"lb_iap_item_3","rect":{"x":3,"y":872,"width":120,"height":117},"offset":{"x":0,"y":0},"originalSize":{"width":120,"height":117},"rotated":true,"capInsets":[0,0,0,0],"texture":"11810ca3e@6c48a","packable":true}],[0],0,[0],[0],[0]],[[{"name":"Card_5R","rect":{"x":3,"y":430,"width":110,"height":157},"offset":{"x":1,"y":-1},"originalSize":{"width":114,"height":161},"rotated":true,"capInsets":[0,0,0,0],"texture":"11810ca3e@6c48a","packable":true}],[0],0,[0],[0],[0]],[[{"name":"tps_btn2_line_15","rect":{"x":166,"y":435,"width":92,"height":67},"offset":{"x":0,"y":0},"originalSize":{"width":92,"height":67},"rotated":true,"capInsets":[0,0,0,0],"texture":"11810ca3e@6c48a","packable":true}],[0],0,[0],[0],[0]],[[{"name":"Card_5B","rect":{"x":780,"y":701,"width":110,"height":156},"offset":{"x":0,"y":-0.5},"originalSize":{"width":114,"height":161},"rotated":true,"capInsets":[0,0,0,0],"texture":"11810ca3e@6c48a","packable":true}],[0],0,[0],[0],[0]],[[{"name":"Card_7C","rect":{"x":497,"y":235,"width":109,"height":155},"offset":{"x":-0.5,"y":0},"originalSize":{"width":114,"height":161},"rotated":true,"capInsets":[0,0,0,0],"texture":"11810ca3e@6c48a","packable":true}],[0],0,[0],[0],[0]],[[{"name":"lb_icon_thongbao_4","rect":{"x":584,"y":350,"width":77,"height":74},"offset":{"x":0,"y":0},"originalSize":{"width":77,"height":74},"rotated":true,"capInsets":[0,0,0,0],"texture":"11810ca3e@6c48a","packable":true}],[0],0,[0],[0],[0]],[[{"name":"Card_2C","rect":{"x":658,"y":235,"width":109,"height":155},"offset":{"x":-0.5,"y":1},"originalSize":{"width":114,"height":161},"rotated":true,"capInsets":[0,0,0,0],"texture":"11810ca3e@6c48a","packable":true}],[0],0,[0],[0],[0]],[[{"name":"Card_9T","rect":{"x":664,"y":119,"width":110,"height":157},"offset":{"x":0,"y":0},"originalSize":{"width":114,"height":161},"rotated":true,"capInsets":[0,0,0,0],"texture":"11810ca3e@6c48a","packable":true}],[0],0,[0],[0],[0]],[[{"name":"Card_10R","rect":{"x":827,"y":119,"width":110,"height":157},"offset":{"x":0,"y":-1},"originalSize":{"width":114,"height":161},"rotated":true,"capInsets":[0,0,0,0],"texture":"11810ca3e@6c48a","packable":true}],[0],0,[0],[0],[0]],[[{"name":"Card_3B","rect":{"x":662,"y":755,"width":110,"height":156},"offset":{"x":0,"y":0.5},"originalSize":{"width":114,"height":161},"rotated":false,"capInsets":[0,0,0,0],"texture":"11810ca3e@6c48a","packable":true}],[0],0,[0],[0],[0]],[[{"name":"tps_btn1_line_4","rect":{"x":313,"y":435,"width":91,"height":68},"offset":{"x":0,"y":0},"originalSize":{"width":91,"height":68},"rotated":true,"capInsets":[0,0,0,0],"texture":"11810ca3e@6c48a","packable":true}],[0],0,[0],[0],[0]],[[{"name":"Card_5T","rect":{"x":3,"y":546,"width":110,"height":157},"offset":{"x":0,"y":0},"originalSize":{"width":114,"height":161},"rotated":false,"capInsets":[0,0,0,0],"texture":"11810ca3e@6c48a","packable":true}],[0],0,[0],[0],[0]],[[{"name":"tps_btn2_line_12","rect":{"x":387,"y":435,"width":91,"height":67},"offset":{"x":0,"y":0},"originalSize":{"width":91,"height":67},"rotated":true,"capInsets":[0,0,0,0],"texture":"11810ca3e@6c48a","packable":true}],[0],0,[0],[0],[0]],[[{"name":"tps_btn2_line_17","rect":{"x":460,"y":434,"width":91,"height":67},"offset":{"x":0,"y":0},"originalSize":{"width":91,"height":67},"rotated":true,"capInsets":[0,0,0,0],"texture":"11810ca3e@6c48a","packable":true}],[0],0,[0],[0],[0]],[[{"name":"Card_8T","rect":{"x":3,"y":709,"width":110,"height":157},"offset":{"x":0,"y":0},"originalSize":{"width":114,"height":161},"rotated":false,"capInsets":[0,0,0,0],"texture":"11810ca3e@6c48a","packable":true}],[0],0,[0],[0],[0]],[[{"name":"lb_icon_thongbao_8","rect":{"x":943,"y":664,"width":77,"height":71},"offset":{"x":0,"y":0},"originalSize":{"width":77,"height":71},"rotated":false,"capInsets":[0,0,0,0],"texture":"11810ca3e@6c48a","packable":true}],[0],0,[0],[0],[0]],[[{"name":"Card_1B","rect":{"x":778,"y":817,"width":110,"height":156},"offset":{"x":0,"y":-0.5},"originalSize":{"width":114,"height":161},"rotated":true,"capInsets":[0,0,0,0],"texture":"11810ca3e@6c48a","packable":true}],[0],0,[0],[0],[0]],[[{"name":"Card_12R","rect":{"x":119,"y":546,"width":110,"height":157},"offset":{"x":0,"y":-1},"originalSize":{"width":114,"height":161},"rotated":false,"capInsets":[0,0,0,0],"texture":"11810ca3e@6c48a","packable":true}],[0],0,[0],[0],[0]],[[{"name":"Card_12T","rect":{"x":119,"y":709,"width":110,"height":157},"offset":{"x":0,"y":0},"originalSize":{"width":114,"height":161},"rotated":false,"capInsets":[0,0,0,0],"texture":"11810ca3e@6c48a","packable":true}],[0],0,[0],[0],[0]],[[{"name":"tx_nan_btn_inactive","rect":{"x":598,"y":706,"width":58,"height":58},"offset":{"x":0,"y":0},"originalSize":{"width":58,"height":58},"rotated":false,"capInsets":[0,0,0,0],"texture":"11810ca3e@6c48a","packable":true}],[0],0,[0],[0],[0]],[[{"name":"lb_icon_thongbao_199","rect":{"x":664,"y":350,"width":113,"height":75},"offset":{"x":-0.5,"y":0},"originalSize":{"width":116,"height":75},"rotated":false,"capInsets":[0,0,0,0],"texture":"11810ca3e@6c48a","packable":true}],[0],0,[0],[0],[0]],[[{"name":"lb_icon_thongbao_12","rect":{"x":583,"y":531,"width":81,"height":75},"offset":{"x":0,"y":0},"originalSize":{"width":81,"height":75},"rotated":true,"capInsets":[0,0,0,0],"texture":"11810ca3e@6c48a","packable":true}],[0],0,[0],[0],[0]],[[{"name":"tps_btn2_line_13","rect":{"x":533,"y":434,"width":91,"height":67},"offset":{"x":0,"y":0},"originalSize":{"width":91,"height":67},"rotated":true,"capInsets":[0,0,0,0],"texture":"11810ca3e@6c48a","packable":true}],[0],0,[0],[0],[0]],[[{"name":"Card_6T","rect":{"x":235,"y":533,"width":110,"height":157},"offset":{"x":0,"y":0},"originalSize":{"width":114,"height":161},"rotated":false,"capInsets":[0,0,0,0],"texture":"11810ca3e@6c48a","packable":true}],[0],0,[0],[0],[0]],[[{"name":"Card_8R","rect":{"x":235,"y":696,"width":110,"height":157},"offset":{"x":0,"y":0},"originalSize":{"width":114,"height":161},"rotated":false,"capInsets":[0,0,0,0],"texture":"11810ca3e@6c48a","packable":true}],[0],0,[0],[0],[0]],[[{"name":"Card_10T","rect":{"x":250,"y":859,"width":110,"height":157},"offset":{"x":1,"y":0},"originalSize":{"width":114,"height":161},"rotated":false,"capInsets":[0,0,0,0],"texture":"11810ca3e@6c48a","packable":true}],[0],0,[0],[0],[0]],[[{"name":"Card_9B","rect":{"x":783,"y":352,"width":111,"height":156},"offset":{"x":-0.5,"y":0.5},"originalSize":{"width":114,"height":161},"rotated":true,"capInsets":[0,0,0,0],"texture":"11810ca3e@6c48a","packable":true}],[0],0,[0],[0],[0]],[[{"name":"btn_sansang","rect":{"x":195,"y":3,"width":164,"height":79},"offset":{"x":0,"y":0},"originalSize":{"width":164,"height":79},"rotated":false,"capInsets":[0,0,0,0],"texture":"11810ca3e@6c48a","packable":true}],[0],0,[0],[0],[0]],[[{"name":"logo_coming_soon","rect":{"x":126,"y":872,"width":118,"height":118},"offset":{"x":0,"y":0},"originalSize":{"width":118,"height":118},"rotated":false,"capInsets":[0,0,0,0],"texture":"11810ca3e@6c48a","packable":true}],[0],0,[0],[0],[0]],[[{"name":"lb_icon_thongbao_5","rect":{"x":942,"y":741,"width":77,"height":71},"offset":{"x":0,"y":0},"originalSize":{"width":77,"height":71},"rotated":false,"capInsets":[0,0,0,0],"texture":"11810ca3e@6c48a","packable":true}],[0],0,[0],[0],[0]],[[{"name":"Card_12B","rect":{"x":664,"y":431,"width":111,"height":156},"offset":{"x":0.5,"y":-0.5},"originalSize":{"width":114,"height":161},"rotated":false,"capInsets":[0,0,0,0],"texture":"11810ca3e@6c48a","packable":true}],[0],0,[0],[0],[0]],[[{"name":"Card_8C_blur","rect":{"x":3,"y":84,"width":109,"height":161},"offset":{"x":-0.5,"y":0},"originalSize":{"width":114,"height":161},"rotated":true,"capInsets":[0,0,0,0],"texture":"11810ca3e@6c48a","packable":true}],[0],0,[0],[0],[0]],[[{"name":"tx_bkg_times","rect":{"x":945,"y":352,"width":75,"height":76},"offset":{"x":0,"y":0},"originalSize":{"width":75,"height":76},"rotated":true,"capInsets":[0,0,0,0],"texture":"11810ca3e@6c48a","packable":true}],[0],0,[0],[0],[0]],[[{"name":"tx_btn_close","rect":{"x":598,"y":857,"width":58,"height":58},"offset":{"x":0,"y":0},"originalSize":{"width":58,"height":58},"rotated":false,"capInsets":[0,0,0,0],"texture":"11810ca3e@6c48a","packable":true}],[0],0,[0],[0],[0]],[[{"name":"Card_4T","rect":{"x":351,"y":532,"width":110,"height":157},"offset":{"x":0,"y":0},"originalSize":{"width":114,"height":161},"rotated":false,"capInsets":[0,0,0,0],"texture":"11810ca3e@6c48a","packable":true}],[0],0,[0],[0],[0]],[[{"name":"Card_7C_blur","rect":{"x":365,"y":3,"width":109,"height":161},"offset":{"x":-0.5,"y":0},"originalSize":{"width":114,"height":161},"rotated":true,"capInsets":[0,0,0,0],"texture":"11810ca3e@6c48a","packable":true}],[0],0,[0],[0],[0]],[[{"name":"Card_7T","rect":{"x":351,"y":695,"width":110,"height":157},"offset":{"x":0,"y":0},"originalSize":{"width":114,"height":161},"rotated":false,"capInsets":[0,0,0,0],"texture":"11810ca3e@6c48a","packable":true}],[0],0,[0],[0],[0]],[[{"name":"tx_nan_btn_active","rect":{"x":963,"y":891,"width":58,"height":58},"offset":{"x":0,"y":0},"originalSize":{"width":58,"height":58},"rotated":false,"capInsets":[0,0,0,0],"texture":"11810ca3e@6c48a","packable":true}],[0],0,[0],[0],[0]],[[{"name":"tx_btn_chat","rect":{"x":963,"y":955,"width":58,"height":58},"offset":{"x":0,"y":0},"originalSize":{"width":58,"height":58},"rotated":false,"capInsets":[0,0,0,0],"texture":"11810ca3e@6c48a","packable":true}],[0],0,[0],[0],[0]],[[{"name":"Card_2R","rect":{"x":170,"y":203,"width":110,"height":158},"offset":{"x":1,"y":-0.5},"originalSize":{"width":114,"height":161},"rotated":true,"capInsets":[0,0,0,0],"texture":"11810ca3e@6c48a","packable":true}],[0],0,[0],[0],[0]],[[{"name":"btn_2","rect":{"x":3,"y":3,"width":186,"height":75},"offset":{"x":0,"y":0},"originalSize":{"width":186,"height":75},"rotated":false,"capInsets":[0,0,0,0],"texture":"11810ca3e@6c48a","packable":true}],[0],0,[0],[0],[0]],[[{"name":"btn_invite","rect":{"x":500,"y":350,"width":78,"height":78},"offset":{"x":0,"y":0},"originalSize":{"width":78,"height":78},"rotated":false,"capInsets":[0,0,0,0],"texture":"11810ca3e@6c48a","packable":true}],[0],0,[0],[0],[0]],[[{"name":"Card_3T","rect":{"x":366,"y":858,"width":110,"height":157},"offset":{"x":0,"y":0},"originalSize":{"width":114,"height":161},"rotated":false,"capInsets":[0,0,0,0],"texture":"11810ca3e@6c48a","packable":true}],[0],0,[0],[0],[0]],[[{"name":"Card_11C_blur","rect":{"x":170,"y":88,"width":109,"height":161},"offset":{"x":0.5,"y":0},"originalSize":{"width":114,"height":161},"rotated":true,"capInsets":[0,0,0,0],"texture":"11810ca3e@6c48a","packable":true}],[0],0,[0],[0],[0]],[[{"name":"Card_1C_blur","rect":{"x":3,"y":199,"width":109,"height":161},"offset":{"x":0.5,"y":0},"originalSize":{"width":114,"height":161},"rotated":true,"capInsets":[0,0,0,0],"texture":"11810ca3e@6c48a","packable":true}],[0],0,[0],[0],[0]],[[{"name":"tps_btn1_line_11","rect":{"x":671,"y":933,"width":87,"height":67},"offset":{"x":0,"y":0},"originalSize":{"width":87,"height":67},"rotated":true,"capInsets":[0,0,0,0],"texture":"11810ca3e@6c48a","packable":true}],[0],0,[0],[0],[0]],[[{"name":"tps_btn1_line_1","rect":{"x":940,"y":818,"width":81,"height":67},"offset":{"x":0,"y":0},"originalSize":{"width":81,"height":67},"rotated":false,"capInsets":[0,0,0,0],"texture":"11810ca3e@6c48a","packable":true}],[0],0,[0],[0],[0]],[[{"name":"Card_11T","rect":{"x":467,"y":531,"width":110,"height":157},"offset":{"x":0,"y":0},"originalSize":{"width":114,"height":161},"rotated":false,"capInsets":[0,0,0,0],"texture":"11810ca3e@6c48a","packable":true}],[0],0,[0],[0],[0]],[[{"name":"Card_11R","rect":{"x":467,"y":694,"width":110,"height":157},"offset":{"x":1,"y":-1},"originalSize":{"width":114,"height":161},"rotated":false,"capInsets":[0,0,0,0],"texture":"11810ca3e@6c48a","packable":true}],[0],0,[0],[0],[0]],[[{"name":"tps_btn1_line_6","rect":{"x":744,"y":933,"width":87,"height":67},"offset":{"x":0,"y":0},"originalSize":{"width":87,"height":67},"rotated":true,"capInsets":[0,0,0,0],"texture":"11810ca3e@6c48a","packable":true}],[0],0,[0],[0],[0]],[[{"name":"tps_btn2_line_6","rect":{"x":817,"y":933,"width":87,"height":67},"offset":{"x":0,"y":0},"originalSize":{"width":87,"height":67},"rotated":true,"capInsets":[0,0,0,0],"texture":"11810ca3e@6c48a","packable":true}],[0],0,[0],[0],[0]],[[{"name":"Card_1R","rect":{"x":482,"y":857,"width":110,"height":157},"offset":{"x":1,"y":-1},"originalSize":{"width":114,"height":161},"rotated":false,"capInsets":[0,0,0,0],"texture":"11810ca3e@6c48a","packable":true}],[0],0,[0],[0],[0]]]]
