[1,["f6WMUkD4NIioYW48ahOq8l"],0,[["sp.SkeletonData",["_name","_atlasText","textureNames","_skeletonJson","textures"],-1,3]],[[0,0,1,2,3,4,5]],[[0,"skeleton","\nskeleton.png\nsize: 2048,256\nformat: RGBA8888\nfilter: Linear,Linear\nrepeat: none\nRUT\n  rotate: false\n  xy: 2, 2\n  size: 67, 50\n  orig: 67, 50\n  offset: 0, 0\n  index: -1\ngold_coin\n  rotate: false\n  xy: 170, 33\n  size: 127, 127\n  orig: 127, 127\n  offset: 0, 0\n  index: -1\nlight_rou\n  rotate: false\n  xy: 2, 54\n  size: 166, 166\n  orig: 166, 166\n  offset: 0, 0\n  index: -1\npar_light\n  rotate: true\n  xy: 170, 162\n  size: 58, 223\n  orig: 58, 223\n  offset: 0, 0\n  index: -1\nspark/spark_00000\n  rotate: false\n  xy: 299, 60\n  size: 100, 100\n  orig: 100, 100\n  offset: 0, 0\n  index: -1\nspark/spark_00001\n  rotate: false\n  xy: 401, 120\n  size: 100, 100\n  orig: 100, 100\n  offset: 0, 0\n  index: -1\nspark/spark_00002\n  rotate: false\n  xy: 503, 120\n  size: 100, 100\n  orig: 100, 100\n  offset: 0, 0\n  index: -1\nspark/spark_00003\n  rotate: false\n  xy: 605, 120\n  size: 100, 100\n  orig: 100, 100\n  offset: 0, 0\n  index: -1\nspark/spark_00004\n  rotate: false\n  xy: 707, 120\n  size: 100, 100\n  orig: 100, 100\n  offset: 0, 0\n  index: -1\nspark/spark_00005\n  rotate: false\n  xy: 809, 120\n  size: 100, 100\n  orig: 100, 100\n  offset: 0, 0\n  index: -1\nspark/spark_00006\n  rotate: false\n  xy: 911, 120\n  size: 100, 100\n  orig: 100, 100\n  offset: 0, 0\n  index: -1\nspark/spark_00007\n  rotate: false\n  xy: 1013, 120\n  size: 100, 100\n  orig: 100, 100\n  offset: 0, 0\n  index: -1\nspark/spark_00008\n  rotate: false\n  xy: 1115, 120\n  size: 100, 100\n  orig: 100, 100\n  offset: 0, 0\n  index: -1\nspark/spark_00009\n  rotate: false\n  xy: 1217, 120\n  size: 100, 100\n  orig: 100, 100\n  offset: 0, 0\n  index: -1\nspark/spark_00010\n  rotate: false\n  xy: 1319, 120\n  size: 100, 100\n  orig: 100, 100\n  offset: 0, 0\n  index: -1\nspark/spark_00011\n  rotate: false\n  xy: 1421, 120\n  size: 100, 100\n  orig: 100, 100\n  offset: 0, 0\n  index: -1\nspark/spark_00012\n  rotate: false\n  xy: 1523, 120\n  size: 100, 100\n  orig: 100, 100\n  offset: 0, 0\n  index: -1\nspark/spark_00013\n  rotate: false\n  xy: 1625, 120\n  size: 100, 100\n  orig: 100, 100\n  offset: 0, 0\n  index: -1\nspark/spark_00014\n  rotate: false\n  xy: 1727, 120\n  size: 100, 100\n  orig: 100, 100\n  offset: 0, 0\n  index: -1\nspark/spark_00015\n  rotate: false\n  xy: 1829, 120\n  size: 100, 100\n  orig: 100, 100\n  offset: 0, 0\n  index: -1\nspark/spark_00016\n  rotate: false\n  xy: 1931, 120\n  size: 100, 100\n  orig: 100, 100\n  offset: 0, 0\n  index: -1\nspark/spark_00017\n  rotate: false\n  xy: 401, 18\n  size: 100, 100\n  orig: 100, 100\n  offset: 0, 0\n  index: -1\nspark/spark_00018\n  rotate: false\n  xy: 503, 18\n  size: 100, 100\n  orig: 100, 100\n  offset: 0, 0\n  index: -1\nspark/spark_00019\n  rotate: false\n  xy: 605, 18\n  size: 100, 100\n  orig: 100, 100\n  offset: 0, 0\n  index: -1\nspark/spark_00020\n  rotate: false\n  xy: 707, 18\n  size: 100, 100\n  orig: 100, 100\n  offset: 0, 0\n  index: -1\n",["skeleton.png"],{"skeleton":{"hash":"Yyv3V3WpdudBD77Uhan1YLLbdiM","spine":"3.7.94","width":527.45,"height":189.4,"images":"./LOBBY/","audio":"/Users/homick/Documents/MANCLUB_EXPORT/RES"},"bones":[{"name":"root","x":-452.31,"y":289.98},{"name":"gold_coin","parent":"root","length":55.88,"x":454.05,"y":-290.19,"color":"fff900ff"},{"name":"spark2","parent":"root","length":43.56,"rotation":-177.78,"x":89.92,"y":-249.47,"scaleX":1.115,"scaleY":1.206,"color":"f000ffff"},{"name":"light_rou2","parent":"root","length":56.73,"rotation":178.75,"x":75.92,"y":-283.99,"color":"9e00ffff"},{"name":"par","parent":"root","length":148.15,"rotation":1.63,"x":2.2,"y":-275.85,"scaleX":0.953,"scaleY":0.545,"color":"fd0000ff"},{"name":"par2","parent":"root","length":148.15,"rotation":14.2,"x":12.7,"y":-271.07,"scaleX":0.853,"scaleY":0.335,"color":"fd0000ff"},{"name":"par3","parent":"root","length":148.15,"rotation":26.79,"x":12.7,"y":-264.39,"scaleX":0.853,"scaleY":0.335,"color":"fd0000ff"}],"slots":[{"name":"gold_coin2","bone":"gold_coin","attachment":"gold_coin"},{"name":"gold_coin","bone":"root","attachment":"gold_coin"},{"name":"gold_coin3","bone":"root","color":"ffffff1a","attachment":"gold_coin","blend":"additive"},{"name":"RUT","bone":"root","attachment":"RUT"},{"name":"par_light","bone":"par","color":"f7ffad26","attachment":"par_light","blend":"additive"},{"name":"par_light2","bone":"par2","color":"f7ffad26","attachment":"par_light","blend":"additive"},{"name":"par_light3","bone":"par3","color":"f7ffad26","attachment":"par_light","blend":"additive"},{"name":"light_rou2","bone":"light_rou2","color":"fffda980","attachment":"light_rou","blend":"additive"},{"name":"spark/spark_1","bone":"spark2","blend":"additive"},{"name":"clip","bone":"root","attachment":"clip"}],"skins":{"default":{"RUT":{"RUT":{"x":452.04,"y":-288.14,"width":67,"height":50}},"clip":{"clip":{"type":"clipping","vertexCount":104,"color":"ce3a3aff","vertices":[-459.19,-352.19,-446.39,-352.53,-444.66,-345.96,-438.9,-343.46,-440.91,-338.24,-439.91,-331.2,-436.89,-328.59,-433.28,-331.2,-429.66,-336.63,-427.25,-340.25,-424.43,-334.82,-419.61,-331.2,-414.78,-331.2,-410.76,-334.02,-409.96,-338.04,-411.17,-343.66,-415.79,-345.07,-417.4,-342.26,-417,-339.04,-420.41,-338.24,-423.23,-342.06,-422.82,-347.28,-418,-351.5,-407.95,-352.51,-389.06,-352.31,-378.11,-337.87,-365.23,-317.5,-357.74,-305.11,-345.51,-287.5,-336.22,-277.4,-327.26,-271.53,-318.94,-270.39,-299.87,-270.23,-275.17,-270.72,-232.13,-270.44,-197.93,-270.72,-168.86,-270.72,-145.78,-270.72,-122.17,-270.78,-90.2,-270.15,-70.13,-270.36,-40.55,-269.99,-36.73,-262.19,-32.08,-255.88,-25.94,-252.39,-21.79,-252.72,24.03,-252.56,27.51,-251.56,31.99,-253.22,38.63,-258.37,43.23,-265.28,45.6,-270.4,94.44,-270.8,231.01,-271.17,285.73,-271.45,346.67,-271.48,356.12,-274.63,366.27,-283.21,374.85,-295.98,386.05,-314.53,396.55,-329.76,407.75,-346.73,411.77,-351.28,422.34,-351.73,432.83,-351.56,441.26,-351.22,446.07,-347.26,446.07,-341.58,442.98,-339,440.71,-339.56,440.47,-341.43,441.33,-343.38,438.91,-345.56,435.56,-345.17,432.83,-341.04,432.21,-336.91,434.31,-331.52,439.77,-329.89,444.53,-330.28,447.81,-333.32,450.14,-336.83,451.78,-336.44,454.28,-332.38,457.79,-328.79,461.3,-327.23,463.75,-328.78,464.64,-332.17,464.36,-335.83,463.94,-338.79,463.14,-342.13,465.26,-343.45,467.89,-345.14,470.11,-350.11,468.27,-354.29,464.18,-356.12,452.61,-355.96,446.25,-360.2,-425.61,-360.03,-426.64,-355.77,-433.11,-355.77,-438.1,-359.15,-442.81,-358.56,-444.87,-355.18,-458.39,-354.89]}},"gold_coin":{"gold_coin":{"x":453.8,"y":-287.96,"width":127,"height":127}},"gold_coin2":{"gold_coin":{"x":-0.25,"y":2.23,"width":127,"height":127}},"gold_coin3":{"gold_coin":{"x":453.8,"y":-287.96,"width":127,"height":127}},"light_rou2":{"light_rou":{"type":"mesh","hull":4,"width":166,"height":166,"uvs":[1,1,0,1,0,0,1,0],"triangles":[1,2,3,1,3,0],"vertices":[-83.18,78.35,82.78,81.96,86.39,-84.01,-79.57,-87.61],"edges":[0,2,2,4,4,6,0,6]}},"par_light":{"par_light":{"type":"mesh","hull":4,"width":58,"height":223,"uvs":[1,1,0,1,0,0,1,0],"triangles":[1,2,3,1,3,0],"vertices":[-13.07,-26.66,-12.45,31.33,210.54,28.96,209.92,-29.04],"edges":[0,2,2,4,4,6,0,6]}},"par_light2":{"par_light":{"type":"mesh","hull":4,"width":58,"height":223,"uvs":[1,1,0,1,0,0,1,0],"triangles":[1,2,3,1,3,0],"vertices":[-13.07,-26.66,-12.45,31.33,210.54,28.96,209.92,-29.04],"edges":[0,2,2,4,4,6,0,6]}},"par_light3":{"par_light":{"type":"mesh","hull":4,"width":58,"height":223,"uvs":[1,1,0,1,0,0,1,0],"triangles":[1,2,3,1,3,0],"vertices":[-13.07,-26.66,-12.45,31.33,210.54,28.96,209.92,-29.04],"edges":[0,2,2,4,4,6,0,6]}},"spark/spark_1":{"spark/spark_00000":{"x":-0.23,"y":-1.3,"rotation":-178.36,"width":100,"height":100},"spark/spark_00001":{"x":-0.23,"y":-1.3,"rotation":-178.36,"width":100,"height":100},"spark/spark_00002":{"x":-0.23,"y":-1.3,"rotation":-178.36,"width":100,"height":100},"spark/spark_00003":{"x":-0.23,"y":-1.3,"rotation":-178.36,"width":100,"height":100},"spark/spark_00004":{"x":-0.23,"y":-1.3,"rotation":-178.36,"width":100,"height":100},"spark/spark_00005":{"x":-0.23,"y":-1.3,"rotation":-178.36,"width":100,"height":100},"spark/spark_00006":{"x":-0.23,"y":-1.3,"rotation":-178.36,"width":100,"height":100},"spark/spark_00007":{"x":-0.23,"y":-1.3,"rotation":-178.36,"width":100,"height":100},"spark/spark_00008":{"x":-0.23,"y":-1.3,"rotation":-178.36,"width":100,"height":100},"spark/spark_00009":{"x":-0.23,"y":-1.3,"rotation":-178.36,"width":100,"height":100},"spark/spark_00010":{"x":-0.23,"y":-1.3,"rotation":-178.36,"width":100,"height":100},"spark/spark_00011":{"x":-0.23,"y":-1.3,"rotation":-178.36,"width":100,"height":100},"spark/spark_00012":{"x":-0.23,"y":-1.3,"rotation":-178.36,"width":100,"height":100},"spark/spark_00013":{"x":-0.23,"y":-1.3,"rotation":-178.36,"width":100,"height":100},"spark/spark_00014":{"x":-0.23,"y":-1.3,"rotation":-178.36,"width":100,"height":100},"spark/spark_00015":{"x":-0.23,"y":-1.3,"rotation":-178.36,"width":100,"height":100},"spark/spark_00016":{"x":-0.23,"y":-1.3,"rotation":-178.36,"width":100,"height":100},"spark/spark_00017":{"x":-0.23,"y":-1.3,"rotation":-178.36,"width":100,"height":100},"spark/spark_00018":{"x":-0.23,"y":-1.3,"rotation":-178.36,"width":100,"height":100},"spark/spark_00019":{"x":-0.23,"y":-1.3,"rotation":-178.36,"width":100,"height":100},"spark/spark_00020":{"x":-0.23,"y":-1.3,"rotation":-178.36,"width":100,"height":100}}}},"animations":{"animation":{"slots":{"gold_coin3":{"color":[{"time":0,"color":"ffffff00"},{"time":0.6667,"color":"ffffff34"},{"time":1.3333,"color":"ffffff00"},{"time":2,"color":"ffffff34"},{"time":2.6667,"color":"ffffff00"},{"time":3.3333,"color":"ffffff34"},{"time":4,"color":"ffffff00"},{"time":4.6667,"color":"ffffff34"},{"time":5.3333,"color":"ffffff00"}]},"light_rou2":{"color":[{"time":0,"color":"fffda900","curve":"stepped"},{"time":2.5333,"color":"fffda900"},{"time":2.7,"color":"fffda98e","curve":"stepped"},{"time":2.8667,"color":"fffda98e"},{"time":3.0333,"color":"fffda900"}]},"par_light":{"color":[{"time":0,"color":"f7ffad00"},{"time":2.6667,"color":"f7ffad00"},{"time":2.8,"color":"f7ffad26"},{"time":3,"color":"f7ffad00"}]},"par_light2":{"color":[{"time":0,"color":"f7ffad00"},{"time":2.6667,"color":"f7ffad00"},{"time":2.8,"color":"f7ffad26"},{"time":3,"color":"f7ffad00"}]},"par_light3":{"color":[{"time":0,"color":"f7ffad00"},{"time":2.6667,"color":"f7ffad00"},{"time":2.8,"color":"f7ffad26"},{"time":3,"color":"f7ffad00"}]},"spark/spark_1":{"attachment":[{"time":2.5,"name":"spark/spark_00000"},{"time":2.5333,"name":"spark/spark_00001"},{"time":2.5667,"name":"spark/spark_00002"},{"time":2.6,"name":"spark/spark_00003"},{"time":2.6333,"name":"spark/spark_00004"},{"time":2.6667,"name":"spark/spark_00005"},{"time":2.7,"name":"spark/spark_00006"},{"time":2.7333,"name":"spark/spark_00007"},{"time":2.7667,"name":"spark/spark_00008"},{"time":2.8,"name":"spark/spark_00009"},{"time":2.8333,"name":"spark/spark_00010"},{"time":2.8667,"name":"spark/spark_00011"},{"time":2.9,"name":"spark/spark_00012"},{"time":2.9333,"name":"spark/spark_00013"},{"time":2.9667,"name":"spark/spark_00014"},{"time":3,"name":"spark/spark_00015"},{"time":3.0333,"name":"spark/spark_00016"},{"time":3.0667,"name":"spark/spark_00017"},{"time":3.1,"name":"spark/spark_00018"},{"time":3.1333,"name":"spark/spark_00019"},{"time":3.1667,"name":"spark/spark_00020"},{"time":3.2,"name":null}]}},"bones":{"gold_coin":{"rotate":[{"time":2.3333,"angle":-89.48},{"time":2.5333,"angle":178.35},{"time":2.6,"angle":156.01},{"time":2.6667,"angle":178.56},{"time":3,"angle":87.82},{"time":3.3333,"angle":0}],"translate":[{"time":2.3333,"x":-445.86,"y":0},{"time":2.5333,"x":-371.59,"y":0},{"time":2.6,"x":-376.89,"y":0},{"time":2.6667,"x":-371.59,"y":0},{"time":3.3333,"x":0,"y":0}]}}}}},[0]]],0,0,[0],[-1],[0]]
