[1,["9313rfzvdLD5f/3N2A69km@f9941"],["spriteFrame"],[["cc.BitmapFont",["_name","fontSize","fntConfig"],0]],[[0,0,1,2,4]],[[0,"font_title2",32,{"commonHeight":35,"fontSize":32,"atlasName":"font_title2.png","fontDefDictionary":{"9":{"xOffset":0,"yOffset":0,"xAdvance":70,"rect":{"x":0,"y":0,"width":0,"height":0}},"32":{"xOffset":0,"yOffset":0,"xAdvance":7,"rect":{"x":0,"y":0,"width":0,"height":0}},"33":{"xOffset":0,"yOffset":8,"xAdvance":10,"rect":{"x":256,"y":383,"width":10,"height":27}},"34":{"xOffset":0,"yOffset":8,"xAdvance":14,"rect":{"x":24,"y":420,"width":14,"height":11}},"35":{"xOffset":0,"yOffset":8,"xAdvance":19,"rect":{"x":99,"y":0,"width":19,"height":27}},"36":{"xOffset":0,"yOffset":5,"xAdvance":19,"rect":{"x":111,"y":287,"width":19,"height":33}},"37":{"xOffset":0,"yOffset":8,"xAdvance":18,"rect":{"x":152,"y":88,"width":18,"height":27}},"38":{"xOffset":0,"yOffset":10,"xAdvance":22,"rect":{"x":23,"y":441,"width":22,"height":25}},"39":{"xOffset":0,"yOffset":8,"xAdvance":8,"rect":{"x":61,"y":38,"width":8,"height":11}},"40":{"xOffset":0,"yOffset":8,"xAdvance":11,"rect":{"x":256,"y":156,"width":11,"height":30}},"41":{"xOffset":0,"yOffset":8,"xAdvance":12,"rect":{"x":244,"y":63,"width":12,"height":30}},"42":{"xOffset":0,"yOffset":8,"xAdvance":17,"rect":{"x":23,"y":495,"width":17,"height":15}},"43":{"xOffset":0,"yOffset":14,"xAdvance":25,"rect":{"x":0,"y":114,"width":25,"height":21}},"44":{"xOffset":0,"yOffset":27,"xAdvance":10,"rect":{"x":71,"y":160,"width":10,"height":10}},"45":{"xOffset":0,"yOffset":20,"xAdvance":17,"rect":{"x":0,"y":498,"width":17,"height":8}},"46":{"xOffset":0,"yOffset":27,"xAdvance":10,"rect":{"x":24,"y":432,"width":10,"height":8}},"47":{"xOffset":0,"yOffset":8,"xAdvance":14,"rect":{"x":241,"y":180,"width":14,"height":27}},"48":{"xOffset":0,"yOffset":8,"xAdvance":17,"rect":{"x":225,"y":445,"width":17,"height":27}},"49":{"xOffset":0,"yOffset":8,"xAdvance":13,"rect":{"x":243,"y":294,"width":13,"height":27}},"50":{"xOffset":0,"yOffset":8,"xAdvance":17,"rect":{"x":208,"y":117,"width":17,"height":27}},"51":{"xOffset":0,"yOffset":8,"xAdvance":17,"rect":{"x":207,"y":461,"width":17,"height":27}},"52":{"xOffset":0,"yOffset":8,"xAdvance":19,"rect":{"x":111,"y":321,"width":19,"height":27}},"53":{"xOffset":0,"yOffset":8,"xAdvance":17,"rect":{"x":208,"y":0,"width":17,"height":27}},"54":{"xOffset":0,"yOffset":8,"xAdvance":17,"rect":{"x":208,"y":89,"width":17,"height":27}},"55":{"xOffset":0,"yOffset":8,"xAdvance":17,"rect":{"x":226,"y":34,"width":17,"height":27}},"56":{"xOffset":0,"yOffset":8,"xAdvance":17,"rect":{"x":226,"y":152,"width":17,"height":27}},"57":{"xOffset":0,"yOffset":8,"xAdvance":17,"rect":{"x":226,"y":124,"width":17,"height":27}},"58":{"xOffset":0,"yOffset":20,"xAdvance":10,"rect":{"x":50,"y":38,"width":10,"height":15}},"59":{"xOffset":0,"yOffset":20,"xAdvance":10,"rect":{"x":55,"y":492,"width":10,"height":17}},"60":{"xOffset":0,"yOffset":14,"xAdvance":25,"rect":{"x":0,"y":136,"width":25,"height":21}},"61":{"xOffset":0,"yOffset":18,"xAdvance":25,"rect":{"x":0,"y":78,"width":25,"height":13}},"62":{"xOffset":0,"yOffset":14,"xAdvance":25,"rect":{"x":0,"y":92,"width":25,"height":21}},"63":{"xOffset":0,"yOffset":8,"xAdvance":17,"rect":{"x":226,"y":62,"width":17,"height":27}},"64":{"xOffset":0,"yOffset":8,"xAdvance":33,"rect":{"x":0,"y":0,"width":33,"height":27}},"65":{"xOffset":0,"yOffset":8,"xAdvance":21,"rect":{"x":48,"y":205,"width":21,"height":27}},"66":{"xOffset":0,"yOffset":8,"xAdvance":19,"rect":{"x":111,"y":377,"width":19,"height":27}},"67":{"xOffset":0,"yOffset":8,"xAdvance":19,"rect":{"x":111,"y":405,"width":19,"height":27}},"68":{"xOffset":0,"yOffset":8,"xAdvance":19,"rect":{"x":111,"y":467,"width":19,"height":27}},"69":{"xOffset":0,"yOffset":8,"xAdvance":18,"rect":{"x":152,"y":22,"width":18,"height":27}},"70":{"xOffset":0,"yOffset":8,"xAdvance":18,"rect":{"x":152,"y":153,"width":18,"height":27}},"71":{"xOffset":0,"yOffset":8,"xAdvance":19,"rect":{"x":112,"y":94,"width":19,"height":27}},"72":{"xOffset":0,"yOffset":8,"xAdvance":19,"rect":{"x":112,"y":122,"width":19,"height":27}},"73":{"xOffset":0,"yOffset":8,"xAdvance":9,"rect":{"x":256,"y":444,"width":9,"height":27}},"74":{"xOffset":0,"yOffset":8,"xAdvance":17,"rect":{"x":190,"y":35,"width":17,"height":27}},"75":{"xOffset":0,"yOffset":8,"xAdvance":21,"rect":{"x":68,"y":415,"width":21,"height":27}},"76":{"xOffset":0,"yOffset":8,"xAdvance":18,"rect":{"x":171,"y":161,"width":18,"height":27}},"77":{"xOffset":0,"yOffset":8,"xAdvance":24,"rect":{"x":0,"y":217,"width":24,"height":27}},"78":{"xOffset":0,"yOffset":8,"xAdvance":20,"rect":{"x":70,"y":199,"width":20,"height":27}},"79":{"xOffset":0,"yOffset":8,"xAdvance":19,"rect":{"x":112,"y":217,"width":19,"height":27}},"80":{"xOffset":0,"yOffset":8,"xAdvance":19,"rect":{"x":132,"y":206,"width":19,"height":27}},"81":{"xOffset":0,"yOffset":8,"xAdvance":21,"rect":{"x":70,"y":171,"width":21,"height":27}},"82":{"xOffset":0,"yOffset":8,"xAdvance":20,"rect":{"x":71,"y":71,"width":20,"height":27}},"83":{"xOffset":0,"yOffset":8,"xAdvance":19,"rect":{"x":151,"y":234,"width":19,"height":27}},"84":{"xOffset":0,"yOffset":8,"xAdvance":18,"rect":{"x":152,"y":181,"width":18,"height":27}},"85":{"xOffset":0,"yOffset":8,"xAdvance":19,"rect":{"x":151,"y":262,"width":19,"height":27}},"86":{"xOffset":0,"yOffset":8,"xAdvance":20,"rect":{"x":90,"y":465,"width":20,"height":27}},"87":{"xOffset":0,"yOffset":8,"xAdvance":27,"rect":{"x":0,"y":28,"width":27,"height":27}},"88":{"xOffset":0,"yOffset":8,"xAdvance":20,"rect":{"x":91,"y":199,"width":20,"height":27}},"89":{"xOffset":0,"yOffset":8,"xAdvance":20,"rect":{"x":91,"y":227,"width":20,"height":27}},"90":{"xOffset":0,"yOffset":8,"xAdvance":17,"rect":{"x":190,"y":131,"width":17,"height":27}},"91":{"xOffset":0,"yOffset":8,"xAdvance":12,"rect":{"x":243,"y":470,"width":12,"height":30}},"92":{"xOffset":0,"yOffset":8,"xAdvance":14,"rect":{"x":241,"y":208,"width":14,"height":27}},"93":{"xOffset":0,"yOffset":8,"xAdvance":12,"rect":{"x":243,"y":439,"width":12,"height":30}},"94":{"xOffset":0,"yOffset":8,"xAdvance":24,"rect":{"x":0,"y":180,"width":24,"height":18}},"95":{"xOffset":0,"yOffset":32,"xAdvance":24,"rect":{"x":0,"y":199,"width":24,"height":7}},"96":{"xOffset":0,"yOffset":8,"xAdvance":13,"rect":{"x":41,"y":495,"width":13,"height":9}},"97":{"xOffset":0,"yOffset":14,"xAdvance":17,"rect":{"x":152,"y":209,"width":17,"height":21}},"98":{"xOffset":0,"yOffset":8,"xAdvance":18,"rect":{"x":151,"y":412,"width":18,"height":27}},"99":{"xOffset":0,"yOffset":14,"xAdvance":18,"rect":{"x":139,"y":0,"width":18,"height":21}},"100":{"xOffset":0,"yOffset":8,"xAdvance":18,"rect":{"x":151,"y":384,"width":18,"height":27}},"101":{"xOffset":0,"yOffset":14,"xAdvance":17,"rect":{"x":189,"y":486,"width":17,"height":21}},"102":{"xOffset":0,"yOffset":8,"xAdvance":14,"rect":{"x":226,"y":180,"width":14,"height":27}},"103":{"xOffset":0,"yOffset":14,"xAdvance":18,"rect":{"x":151,"y":440,"width":18,"height":27}},"104":{"xOffset":0,"yOffset":8,"xAdvance":18,"rect":{"x":170,"y":330,"width":18,"height":27}},"105":{"xOffset":0,"yOffset":8,"xAdvance":10,"rect":{"x":256,"y":355,"width":10,"height":27}},"106":{"xOffset":0,"yOffset":8,"xAdvance":12,"rect":{"x":244,"y":0,"width":12,"height":33}},"107":{"xOffset":0,"yOffset":8,"xAdvance":19,"rect":{"x":91,"y":315,"width":19,"height":27}},"108":{"xOffset":0,"yOffset":8,"xAdvance":12,"rect":{"x":243,"y":383,"width":12,"height":27}},"109":{"xOffset":0,"yOffset":14,"xAdvance":25,"rect":{"x":0,"y":158,"width":25,"height":21}},"110":{"xOffset":0,"yOffset":14,"xAdvance":18,"rect":{"x":131,"y":489,"width":18,"height":21}},"111":{"xOffset":0,"yOffset":14,"xAdvance":17,"rect":{"x":190,"y":215,"width":17,"height":21}},"112":{"xOffset":0,"yOffset":14,"xAdvance":18,"rect":{"x":170,"y":385,"width":18,"height":27}},"113":{"xOffset":0,"yOffset":14,"xAdvance":18,"rect":{"x":171,"y":22,"width":18,"height":27}},"114":{"xOffset":0,"yOffset":14,"xAdvance":15,"rect":{"x":190,"y":264,"width":15,"height":21}},"115":{"xOffset":0,"yOffset":14,"xAdvance":17,"rect":{"x":225,"y":473,"width":17,"height":21}},"116":{"xOffset":0,"yOffset":9,"xAdvance":14,"rect":{"x":243,"y":236,"width":14,"height":26}},"117":{"xOffset":0,"yOffset":14,"xAdvance":18,"rect":{"x":158,"y":0,"width":18,"height":21}},"118":{"xOffset":0,"yOffset":14,"xAdvance":19,"rect":{"x":91,"y":371,"width":19,"height":21}},"119":{"xOffset":0,"yOffset":14,"xAdvance":26,"rect":{"x":0,"y":56,"width":26,"height":21}},"120":{"xOffset":0,"yOffset":14,"xAdvance":19,"rect":{"x":119,"y":0,"width":19,"height":21}},"121":{"xOffset":0,"yOffset":14,"xAdvance":19,"rect":{"x":91,"y":287,"width":19,"height":27}},"122":{"xOffset":0,"yOffset":14,"xAdvance":17,"rect":{"x":207,"y":489,"width":17,"height":21}},"123":{"xOffset":0,"yOffset":8,"xAdvance":14,"rect":{"x":243,"y":263,"width":14,"height":30}},"124":{"xOffset":0,"yOffset":7,"xAdvance":9,"rect":{"x":256,"y":472,"width":9,"height":36}},"125":{"xOffset":0,"yOffset":8,"xAdvance":14,"rect":{"x":226,"y":208,"width":14,"height":30}},"126":{"xOffset":0,"yOffset":20,"xAdvance":24,"rect":{"x":0,"y":207,"width":24,"height":9}},"192":{"xOffset":0,"yOffset":3,"xAdvance":21,"rect":{"x":47,"y":278,"width":21,"height":32}},"193":{"xOffset":0,"yOffset":3,"xAdvance":21,"rect":{"x":48,"y":172,"width":21,"height":32}},"194":{"xOffset":0,"yOffset":3,"xAdvance":21,"rect":{"x":47,"y":382,"width":21,"height":32}},"195":{"xOffset":0,"yOffset":3,"xAdvance":21,"rect":{"x":68,"y":476,"width":21,"height":32}},"200":{"xOffset":0,"yOffset":3,"xAdvance":18,"rect":{"x":171,"y":256,"width":18,"height":32}},"201":{"xOffset":0,"yOffset":3,"xAdvance":18,"rect":{"x":151,"y":468,"width":18,"height":32}},"202":{"xOffset":0,"yOffset":3,"xAdvance":18,"rect":{"x":171,"y":50,"width":18,"height":32}},"204":{"xOffset":0,"yOffset":3,"xAdvance":11,"rect":{"x":244,"y":127,"width":11,"height":32}},"205":{"xOffset":0,"yOffset":3,"xAdvance":11,"rect":{"x":244,"y":94,"width":11,"height":32}},"210":{"xOffset":0,"yOffset":3,"xAdvance":19,"rect":{"x":92,"y":130,"width":19,"height":32}},"211":{"xOffset":0,"yOffset":3,"xAdvance":19,"rect":{"x":92,"y":97,"width":19,"height":32}},"212":{"xOffset":0,"yOffset":3,"xAdvance":19,"rect":{"x":131,"y":456,"width":19,"height":32}},"213":{"xOffset":0,"yOffset":3,"xAdvance":19,"rect":{"x":112,"y":61,"width":19,"height":32}},"217":{"xOffset":0,"yOffset":3,"xAdvance":19,"rect":{"x":131,"y":278,"width":19,"height":32}},"218":{"xOffset":0,"yOffset":3,"xAdvance":19,"rect":{"x":132,"y":173,"width":19,"height":32}},"221":{"xOffset":0,"yOffset":3,"xAdvance":20,"rect":{"x":90,"y":400,"width":20,"height":32}},"224":{"xOffset":0,"yOffset":8,"xAdvance":17,"rect":{"x":189,"y":400,"width":17,"height":27}},"225":{"xOffset":0,"yOffset":8,"xAdvance":17,"rect":{"x":189,"y":372,"width":17,"height":27}},"226":{"xOffset":0,"yOffset":8,"xAdvance":17,"rect":{"x":225,"y":277,"width":17,"height":27}},"227":{"xOffset":0,"yOffset":8,"xAdvance":18,"rect":{"x":151,"y":290,"width":18,"height":27}},"232":{"xOffset":0,"yOffset":8,"xAdvance":17,"rect":{"x":190,"y":159,"width":17,"height":27}},"233":{"xOffset":0,"yOffset":8,"xAdvance":17,"rect":{"x":190,"y":187,"width":17,"height":27}},"234":{"xOffset":0,"yOffset":8,"xAdvance":17,"rect":{"x":189,"y":344,"width":17,"height":27}},"236":{"xOffset":0,"yOffset":8,"xAdvance":12,"rect":{"x":243,"y":355,"width":12,"height":27}},"237":{"xOffset":0,"yOffset":8,"xAdvance":12,"rect":{"x":243,"y":411,"width":12,"height":27}},"242":{"xOffset":0,"yOffset":8,"xAdvance":17,"rect":{"x":225,"y":333,"width":17,"height":27}},"243":{"xOffset":0,"yOffset":8,"xAdvance":17,"rect":{"x":225,"y":305,"width":17,"height":27}},"244":{"xOffset":0,"yOffset":8,"xAdvance":17,"rect":{"x":208,"y":61,"width":17,"height":27}},"245":{"xOffset":0,"yOffset":8,"xAdvance":17,"rect":{"x":225,"y":390,"width":17,"height":27}},"249":{"xOffset":0,"yOffset":8,"xAdvance":18,"rect":{"x":170,"y":442,"width":18,"height":27}},"250":{"xOffset":0,"yOffset":8,"xAdvance":18,"rect":{"x":170,"y":470,"width":18,"height":27}},"253":{"xOffset":0,"yOffset":8,"xAdvance":19,"rect":{"x":131,"y":311,"width":19,"height":33}},"258":{"xOffset":0,"yOffset":3,"xAdvance":21,"rect":{"x":47,"y":311,"width":21,"height":32}},"259":{"xOffset":0,"yOffset":8,"xAdvance":17,"rect":{"x":207,"y":264,"width":17,"height":27}},"272":{"xOffset":0,"yOffset":8,"xAdvance":20,"rect":{"x":71,"y":99,"width":20,"height":27}},"273":{"xOffset":0,"yOffset":8,"xAdvance":19,"rect":{"x":92,"y":69,"width":19,"height":27}},"296":{"xOffset":0,"yOffset":3,"xAdvance":13,"rect":{"x":243,"y":322,"width":13,"height":32}},"297":{"xOffset":0,"yOffset":8,"xAdvance":11,"rect":{"x":256,"y":94,"width":11,"height":27}},"360":{"xOffset":0,"yOffset":3,"xAdvance":19,"rect":{"x":92,"y":36,"width":19,"height":32}},"361":{"xOffset":0,"yOffset":8,"xAdvance":19,"rect":{"x":91,"y":343,"width":19,"height":27}},"416":{"xOffset":0,"yOffset":8,"xAdvance":22,"rect":{"x":26,"y":144,"width":22,"height":27}},"417":{"xOffset":0,"yOffset":14,"xAdvance":21,"rect":{"x":27,"y":56,"width":21,"height":21}},"431":{"xOffset":0,"yOffset":7,"xAdvance":23,"rect":{"x":0,"y":378,"width":23,"height":28}},"432":{"xOffset":0,"yOffset":14,"xAdvance":22,"rect":{"x":24,"y":272,"width":22,"height":21}},"7840":{"xOffset":0,"yOffset":8,"xAdvance":21,"rect":{"x":68,"y":443,"width":21,"height":32}},"7841":{"xOffset":0,"yOffset":14,"xAdvance":17,"rect":{"x":190,"y":237,"width":17,"height":26}},"7842":{"xOffset":0,"yOffset":2,"xAdvance":21,"rect":{"x":69,"y":233,"width":21,"height":33}},"7843":{"xOffset":0,"yOffset":7,"xAdvance":17,"rect":{"x":189,"y":457,"width":17,"height":28}},"7844":{"xOffset":0,"yOffset":-3,"xAdvance":21,"rect":{"x":69,"y":361,"width":21,"height":38}},"7845":{"xOffset":0,"yOffset":2,"xAdvance":17,"rect":{"x":226,"y":90,"width":17,"height":33}},"7846":{"xOffset":0,"yOffset":-3,"xAdvance":21,"rect":{"x":49,"y":55,"width":21,"height":38}},"7847":{"xOffset":0,"yOffset":2,"xAdvance":17,"rect":{"x":226,"y":0,"width":17,"height":33}},"7848":{"xOffset":0,"yOffset":-4,"xAdvance":21,"rect":{"x":49,"y":94,"width":21,"height":39}},"7849":{"xOffset":0,"yOffset":1,"xAdvance":17,"rect":{"x":207,"y":359,"width":17,"height":34}},"7850":{"xOffset":0,"yOffset":-1,"xAdvance":21,"rect":{"x":49,"y":134,"width":21,"height":36}},"7851":{"xOffset":0,"yOffset":4,"xAdvance":19,"rect":{"x":111,"y":255,"width":19,"height":31}},"7852":{"xOffset":0,"yOffset":3,"xAdvance":21,"rect":{"x":56,"y":0,"width":21,"height":37}},"7853":{"xOffset":0,"yOffset":8,"xAdvance":17,"rect":{"x":207,"y":326,"width":17,"height":32}},"7854":{"xOffset":0,"yOffset":0,"xAdvance":21,"rect":{"x":46,"y":420,"width":21,"height":35}},"7855":{"xOffset":0,"yOffset":3,"xAdvance":18,"rect":{"x":151,"y":318,"width":18,"height":32}},"7856":{"xOffset":0,"yOffset":0,"xAdvance":21,"rect":{"x":46,"y":456,"width":21,"height":35}},"7857":{"xOffset":0,"yOffset":3,"xAdvance":17,"rect":{"x":208,"y":28,"width":17,"height":32}},"7858":{"xOffset":0,"yOffset":-1,"xAdvance":21,"rect":{"x":47,"y":241,"width":21,"height":36}},"7859":{"xOffset":0,"yOffset":2,"xAdvance":17,"rect":{"x":208,"y":210,"width":17,"height":33}},"7860":{"xOffset":0,"yOffset":-1,"xAdvance":21,"rect":{"x":69,"y":267,"width":21,"height":36}},"7861":{"xOffset":0,"yOffset":3,"xAdvance":18,"rect":{"x":151,"y":351,"width":18,"height":32}},"7862":{"xOffset":0,"yOffset":3,"xAdvance":21,"rect":{"x":47,"y":344,"width":21,"height":37}},"7863":{"xOffset":0,"yOffset":8,"xAdvance":17,"rect":{"x":225,"y":244,"width":17,"height":32}},"7864":{"xOffset":0,"yOffset":8,"xAdvance":18,"rect":{"x":171,"y":223,"width":18,"height":32}},"7865":{"xOffset":0,"yOffset":14,"xAdvance":17,"rect":{"x":189,"y":289,"width":17,"height":26}},"7866":{"xOffset":0,"yOffset":2,"xAdvance":18,"rect":{"x":171,"y":189,"width":18,"height":33}},"7867":{"xOffset":0,"yOffset":7,"xAdvance":17,"rect":{"x":189,"y":428,"width":17,"height":28}},"7868":{"xOffset":0,"yOffset":3,"xAdvance":19,"rect":{"x":112,"y":28,"width":19,"height":32}},"7869":{"xOffset":0,"yOffset":8,"xAdvance":17,"rect":{"x":189,"y":316,"width":17,"height":27}},"7870":{"xOffset":0,"yOffset":-3,"xAdvance":18,"rect":{"x":171,"y":83,"width":18,"height":38}},"7871":{"xOffset":0,"yOffset":2,"xAdvance":17,"rect":{"x":190,"y":63,"width":17,"height":33}},"7872":{"xOffset":0,"yOffset":-3,"xAdvance":18,"rect":{"x":171,"y":122,"width":18,"height":38}},"7873":{"xOffset":0,"yOffset":2,"xAdvance":17,"rect":{"x":190,"y":97,"width":17,"height":33}},"7874":{"xOffset":0,"yOffset":-4,"xAdvance":18,"rect":{"x":170,"y":290,"width":18,"height":39}},"7875":{"xOffset":0,"yOffset":1,"xAdvance":17,"rect":{"x":190,"y":0,"width":17,"height":34}},"7876":{"xOffset":0,"yOffset":-1,"xAdvance":18,"rect":{"x":152,"y":116,"width":18,"height":36}},"7877":{"xOffset":0,"yOffset":4,"xAdvance":17,"rect":{"x":208,"y":178,"width":17,"height":31}},"7878":{"xOffset":0,"yOffset":3,"xAdvance":18,"rect":{"x":152,"y":50,"width":18,"height":37}},"7879":{"xOffset":0,"yOffset":8,"xAdvance":17,"rect":{"x":208,"y":145,"width":17,"height":32}},"7880":{"xOffset":0,"yOffset":2,"xAdvance":11,"rect":{"x":256,"y":122,"width":11,"height":33}},"7881":{"xOffset":0,"yOffset":7,"xAdvance":12,"rect":{"x":244,"y":34,"width":12,"height":28}},"7882":{"xOffset":0,"yOffset":8,"xAdvance":9,"rect":{"x":256,"y":411,"width":9,"height":32}},"7883":{"xOffset":0,"yOffset":8,"xAdvance":10,"rect":{"x":256,"y":187,"width":10,"height":32}},"7884":{"xOffset":0,"yOffset":8,"xAdvance":19,"rect":{"x":112,"y":150,"width":19,"height":32}},"7885":{"xOffset":0,"yOffset":14,"xAdvance":17,"rect":{"x":225,"y":418,"width":17,"height":26}},"7886":{"xOffset":0,"yOffset":2,"xAdvance":19,"rect":{"x":92,"y":163,"width":19,"height":33}},"7887":{"xOffset":0,"yOffset":7,"xAdvance":17,"rect":{"x":225,"y":361,"width":17,"height":28}},"7888":{"xOffset":0,"yOffset":-3,"xAdvance":19,"rect":{"x":131,"y":379,"width":19,"height":38}},"7889":{"xOffset":0,"yOffset":2,"xAdvance":17,"rect":{"x":207,"y":292,"width":17,"height":33}},"7890":{"xOffset":0,"yOffset":-3,"xAdvance":19,"rect":{"x":132,"y":59,"width":19,"height":38}},"7891":{"xOffset":0,"yOffset":2,"xAdvance":17,"rect":{"x":207,"y":394,"width":17,"height":33}},"7892":{"xOffset":0,"yOffset":-4,"xAdvance":19,"rect":{"x":132,"y":98,"width":19,"height":39}},"7893":{"xOffset":0,"yOffset":5,"xAdvance":22,"rect":{"x":24,"y":355,"width":22,"height":30}},"7894":{"xOffset":0,"yOffset":-1,"xAdvance":19,"rect":{"x":132,"y":22,"width":19,"height":36}},"7895":{"xOffset":0,"yOffset":4,"xAdvance":19,"rect":{"x":91,"y":255,"width":19,"height":31}},"7896":{"xOffset":0,"yOffset":3,"xAdvance":19,"rect":{"x":131,"y":418,"width":19,"height":37}},"7897":{"xOffset":0,"yOffset":8,"xAdvance":17,"rect":{"x":207,"y":428,"width":17,"height":32}},"7898":{"xOffset":0,"yOffset":3,"xAdvance":22,"rect":{"x":24,"y":322,"width":22,"height":32}},"7899":{"xOffset":0,"yOffset":8,"xAdvance":21,"rect":{"x":34,"y":0,"width":21,"height":27}},"7900":{"xOffset":0,"yOffset":3,"xAdvance":22,"rect":{"x":26,"y":78,"width":22,"height":32}},"7901":{"xOffset":0,"yOffset":8,"xAdvance":21,"rect":{"x":69,"y":333,"width":21,"height":27}},"7902":{"xOffset":0,"yOffset":2,"xAdvance":22,"rect":{"x":24,"y":386,"width":22,"height":33}},"7903":{"xOffset":0,"yOffset":7,"xAdvance":21,"rect":{"x":69,"y":304,"width":21,"height":28}},"7904":{"xOffset":0,"yOffset":3,"xAdvance":22,"rect":{"x":25,"y":180,"width":22,"height":32}},"7905":{"xOffset":0,"yOffset":8,"xAdvance":22,"rect":{"x":25,"y":213,"width":22,"height":27}},"7906":{"xOffset":0,"yOffset":8,"xAdvance":22,"rect":{"x":26,"y":111,"width":22,"height":32}},"7907":{"xOffset":0,"yOffset":14,"xAdvance":21,"rect":{"x":28,"y":28,"width":21,"height":26}},"7908":{"xOffset":0,"yOffset":8,"xAdvance":19,"rect":{"x":131,"y":245,"width":19,"height":32}},"7909":{"xOffset":0,"yOffset":14,"xAdvance":18,"rect":{"x":170,"y":358,"width":18,"height":26}},"7910":{"xOffset":0,"yOffset":2,"xAdvance":19,"rect":{"x":111,"y":433,"width":19,"height":33}},"7911":{"xOffset":0,"yOffset":7,"xAdvance":18,"rect":{"x":170,"y":413,"width":18,"height":28}},"7912":{"xOffset":0,"yOffset":3,"xAdvance":23,"rect":{"x":0,"y":345,"width":23,"height":32}},"7913":{"xOffset":0,"yOffset":8,"xAdvance":22,"rect":{"x":24,"y":294,"width":22,"height":27}},"7914":{"xOffset":0,"yOffset":3,"xAdvance":23,"rect":{"x":0,"y":312,"width":23,"height":32}},"7915":{"xOffset":0,"yOffset":8,"xAdvance":22,"rect":{"x":0,"y":441,"width":22,"height":27}},"7916":{"xOffset":0,"yOffset":2,"xAdvance":23,"rect":{"x":0,"y":407,"width":23,"height":33}},"7917":{"xOffset":0,"yOffset":7,"xAdvance":22,"rect":{"x":0,"y":469,"width":22,"height":28}},"7918":{"xOffset":0,"yOffset":3,"xAdvance":23,"rect":{"x":0,"y":279,"width":23,"height":32}},"7919":{"xOffset":0,"yOffset":8,"xAdvance":22,"rect":{"x":23,"y":467,"width":22,"height":27}},"7920":{"xOffset":0,"yOffset":7,"xAdvance":23,"rect":{"x":0,"y":245,"width":23,"height":33}},"7921":{"xOffset":0,"yOffset":14,"xAdvance":22,"rect":{"x":24,"y":245,"width":22,"height":26}},"7922":{"xOffset":0,"yOffset":4,"xAdvance":20,"rect":{"x":90,"y":433,"width":20,"height":31}},"7923":{"xOffset":0,"yOffset":8,"xAdvance":19,"rect":{"x":131,"y":345,"width":19,"height":33}},"7924":{"xOffset":0,"yOffset":8,"xAdvance":20,"rect":{"x":71,"y":127,"width":20,"height":32}},"7925":{"xOffset":0,"yOffset":14,"xAdvance":19,"rect":{"x":111,"y":349,"width":19,"height":27}},"7926":{"xOffset":0,"yOffset":0,"xAdvance":20,"rect":{"x":78,"y":0,"width":20,"height":35}},"7927":{"xOffset":0,"yOffset":7,"xAdvance":19,"rect":{"x":132,"y":138,"width":19,"height":34}},"7928":{"xOffset":0,"yOffset":3,"xAdvance":20,"rect":{"x":71,"y":38,"width":20,"height":32}},"7929":{"xOffset":0,"yOffset":8,"xAdvance":19,"rect":{"x":112,"y":183,"width":19,"height":33}}},"kerningDict":{}}]],0,0,[0],[0],[0]]
