[1,["8f4HihsIRH+6TdseduITLZ"],0,[["sp.SkeletonData",["_name","_atlasText","textureNames","_skeletonJson","textures"],-1,3]],[[0,0,1,2,3,4,5]],[[0,"skeleton","\nskeleton.png\nsize: 348,164\nformat: RGBA8888\nfilter: Linear,Linear\nrepeat: none\nLayer 1\n  rotate: false\n  xy: 300, 33\n  size: 43, 42\n  orig: 43, 42\n  offset: 0, 0\n  index: -1\nbut_1\n  rotate: false\n  xy: 169, 7\n  size: 67, 63\n  orig: 67, 63\n  offset: 0, 0\n  index: -1\nbut_2\n  rotate: false\n  xy: 261, 77\n  size: 85, 85\n  orig: 85, 85\n  offset: 0, 0\n  index: -1\nbut_3\n  rotate: false\n  xy: 169, 72\n  size: 90, 90\n  orig: 90, 90\n  offset: 0, 0\n  index: -1\nlight\n  rotate: false\n  xy: 2, 2\n  size: 165, 160\n  orig: 165, 160\n  offset: 0, 0\n  index: -1\nmini_2\n  rotate: false\n  xy: 238, 22\n  size: 60, 48\n  orig: 60, 48\n  offset: 0, 0\n  index: -1\n",["skeleton.png"],{"skeleton":{"hash":"st4STCRdjgJB50IZeOMhIgXwrxE","spine":"3.7.94","width":112.54,"height":98.36,"images":"","audio":""},"bones":[{"name":"root"},{"name":"bone","parent":"root","length":79.77,"rotation":51.54,"x":-92.25,"y":28.58,"color":"ffef00ff"},{"name":"bone2","parent":"root","length":24.47,"rotation":42.06,"x":34.44,"y":-18.7,"color":"00f8ffff"},{"name":"bone3","parent":"root","length":24.47,"rotation":42.06,"x":-35.1,"y":33.45,"color":"00f8ffff"}],"slots":[{"name":"but_3","bone":"root","attachment":"but_3"},{"name":"but_2","bone":"root","attachment":"but_2"},{"name":"but_1","bone":"root","attachment":"but_1"},{"name":"mini_2","bone":"root","attachment":"mini_2"},{"name":"Layer 1","bone":"bone2","attachment":"Layer 1"},{"name":"Layer 2","bone":"bone3","attachment":"Layer 1"},{"name":"clip","bone":"root","attachment":"clip"},{"name":"light","bone":"bone","color":"ffffffb1","attachment":"light","blend":"screen"}],"skins":{"default":{"Layer 1":{"Layer 1":{"type":"mesh","hull":4,"width":43,"height":42,"uvs":[1,1,0,1,0,0,1,0],"triangles":[1,2,3,1,3,0],"vertices":[2.2,-30.33,-29.72,-1.52,-1.59,29.66,30.34,0.85],"edges":[0,2,2,4,4,6,0,6]}},"Layer 2":{"Layer 1":{"type":"mesh","hull":4,"width":43,"height":42,"uvs":[1,1,0,1,0,0,1,0],"triangles":[1,2,3,1,3,0],"vertices":[2.2,-30.33,-29.72,-1.52,-1.59,29.66,30.34,0.85],"edges":[0,2,2,4,4,6,0,6]}},"but_1":{"but_1":{"type":"mesh","hull":4,"width":67,"height":63,"uvs":[1,1,0,1,0,0,1,0],"triangles":[1,2,3,1,3,0],"vertices":[34,-23.69,-33,-23.69,-33,39.31,34,39.31],"edges":[0,2,2,4,4,6,0,6]}},"but_2":{"but_2":{"type":"mesh","hull":4,"width":85,"height":85,"uvs":[1,1,0,1,0,0,1,0],"triangles":[1,2,3,1,3,0],"vertices":[43,-40.61,-42,-40.61,-42,44.39,43,44.39],"edges":[0,2,2,4,4,6,0,6]}},"but_3":{"but_3":{"type":"mesh","hull":4,"width":90,"height":90,"uvs":[1,1,0,1,0,0,1,0],"triangles":[1,2,3,1,3,0],"vertices":[45,-43.96,-45,-43.96,-45,46.04,45,46.04],"edges":[0,2,2,4,4,6,0,6]}},"clip":{"clip":{"type":"clipping","vertexCount":22,"color":"ce3a3aff","vertices":[-4.74,41.51,-18.9,41,-25.48,41,-33.07,34.42,-35.6,28.6,-35.6,11.65,-35.1,-7.57,-34.84,-14.91,-32.57,-19.72,-27.51,-24.02,-21.69,-25.54,-14.6,-25.28,23.09,-25.28,28.66,-24.27,33.21,-20.73,35.74,-16.18,36.5,-10.86,37.01,27.85,34.73,33.92,30.94,37.46,26.13,40.5,20.82,41.25]}},"light":{"light":{"type":"mesh","hull":4,"width":165,"height":160,"uvs":[1,1,0,1,0,0,1,0],"triangles":[1,2,3,1,3,0],"vertices":[22.8,-106.02,-79.83,23.18,45.46,122.7,148.08,-6.5],"edges":[0,2,2,4,4,6,0,6]}},"mini_2":{"mini_2":{"type":"mesh","hull":4,"width":60,"height":48,"uvs":[1,1,0,1,0,0,1,0],"triangles":[1,2,3,1,3,0],"vertices":[30,-10.43,-30,-10.43,-30,37.57,30,37.57],"edges":[0,2,2,4,4,6,0,6]}}}},"animations":{"animation":{"slots":{"Layer 1":{"color":[{"time":0.8333,"color":"ffffff00"},{"time":1.1333,"color":"ffffffff"},{"time":1.1667,"color":"ffffff00"}],"attachment":[{"time":0,"name":null},{"time":0.8333,"name":"Layer 1"}]},"Layer 2":{"color":[{"time":0,"color":"ffffff00"},{"time":0.3,"color":"ffffffff"},{"time":0.3333,"color":"ffffff00"}]},"but_1":{"attachment":[{"time":0,"name":null},{"time":0.8333,"name":"but_1"},{"time":1.3333,"name":null}]},"light":{"color":[{"time":0,"color":"ffc0c07f"}]},"mini_2":{"color":[{"time":0,"color":"ffffffff"},{"time":0.1667,"color":"e8cacaff"},{"time":0.3333,"color":"ffffffff"},{"time":0.5,"color":"e8cacaff"},{"time":0.6667,"color":"ffffffff"},{"time":0.8333,"color":"e8cacaff"},{"time":1,"color":"ffffffff"},{"time":1.1667,"color":"e8cacaff"},{"time":1.3333,"color":"fffefeff"}]}},"bones":{"bone":{"translate":[{"time":0,"x":0,"y":0},{"time":0.5,"x":135.1,"y":-86.53}]},"bone2":{"rotate":[{"time":0.8333,"angle":0},{"time":1.1667,"angle":-139.74}],"scale":[{"time":0.8333,"x":0.363,"y":0.363},{"time":1.1667,"x":1,"y":1}]},"bone3":{"rotate":[{"time":0,"angle":0},{"time":0.3333,"angle":-139.74}],"scale":[{"time":0,"x":0.363,"y":0.363},{"time":0.3333,"x":1,"y":1}]}}}}},[0]]],0,0,[0],[-1],[0]]
