[1,["69xWpFRRVCl4775JhSwbbe"],0,[["sp.SkeletonData",["_name","_atlasText","textureNames","_skeletonJson","textures"],-1,3]],[[0,0,1,2,3,4,5]],[[0,"skeleton","\nskeleton.png\nsize: 1024,256\nformat: RGBA8888\nfilter: Linear,Linear\nrepeat: none\nComp 1/Comp 1_00000\n  rotate: false\n  xy: 2, 166\n  size: 80, 80\n  orig: 80, 80\n  offset: 0, 0\n  index: -1\nComp 1/Comp 1_00001\n  rotate: false\n  xy: 2, 84\n  size: 80, 80\n  orig: 80, 80\n  offset: 0, 0\n  index: -1\nComp 1/Comp 1_00002\n  rotate: false\n  xy: 84, 166\n  size: 80, 80\n  orig: 80, 80\n  offset: 0, 0\n  index: -1\nComp 1/Comp 1_00003\n  rotate: false\n  xy: 2, 2\n  size: 80, 80\n  orig: 80, 80\n  offset: 0, 0\n  index: -1\nComp 1/Comp 1_00004\n  rotate: false\n  xy: 84, 84\n  size: 80, 80\n  orig: 80, 80\n  offset: 0, 0\n  index: -1\nComp 1/Comp 1_00005\n  rotate: false\n  xy: 166, 166\n  size: 80, 80\n  orig: 80, 80\n  offset: 0, 0\n  index: -1\nComp 1/Comp 1_00006\n  rotate: false\n  xy: 84, 2\n  size: 80, 80\n  orig: 80, 80\n  offset: 0, 0\n  index: -1\nComp 1/Comp 1_00007\n  rotate: false\n  xy: 166, 84\n  size: 80, 80\n  orig: 80, 80\n  offset: 0, 0\n  index: -1\nComp 1/Comp 1_00008\n  rotate: false\n  xy: 248, 166\n  size: 80, 80\n  orig: 80, 80\n  offset: 0, 0\n  index: -1\nComp 1/Comp 1_00009\n  rotate: false\n  xy: 166, 2\n  size: 80, 80\n  orig: 80, 80\n  offset: 0, 0\n  index: -1\nComp 1/Comp 1_00010\n  rotate: false\n  xy: 248, 84\n  size: 80, 80\n  orig: 80, 80\n  offset: 0, 0\n  index: -1\nComp 1/Comp 1_00011\n  rotate: false\n  xy: 330, 166\n  size: 80, 80\n  orig: 80, 80\n  offset: 0, 0\n  index: -1\nComp 1/Comp 1_00012\n  rotate: false\n  xy: 248, 2\n  size: 80, 80\n  orig: 80, 80\n  offset: 0, 0\n  index: -1\nComp 1/Comp 1_00013\n  rotate: false\n  xy: 330, 84\n  size: 80, 80\n  orig: 80, 80\n  offset: 0, 0\n  index: -1\nComp 1/Comp 1_00014\n  rotate: false\n  xy: 412, 166\n  size: 80, 80\n  orig: 80, 80\n  offset: 0, 0\n  index: -1\nComp 1/Comp 1_00015\n  rotate: false\n  xy: 330, 2\n  size: 80, 80\n  orig: 80, 80\n  offset: 0, 0\n  index: -1\nComp 1/Comp 1_00016\n  rotate: false\n  xy: 412, 84\n  size: 80, 80\n  orig: 80, 80\n  offset: 0, 0\n  index: -1\nComp 1/Comp 1_00017\n  rotate: false\n  xy: 494, 166\n  size: 80, 80\n  orig: 80, 80\n  offset: 0, 0\n  index: -1\nComp 1/Comp 1_00018\n  rotate: false\n  xy: 412, 2\n  size: 80, 80\n  orig: 80, 80\n  offset: 0, 0\n  index: -1\nComp 1/Comp 1_00019\n  rotate: false\n  xy: 494, 84\n  size: 80, 80\n  orig: 80, 80\n  offset: 0, 0\n  index: -1\nComp 1/Comp 1_00020\n  rotate: false\n  xy: 576, 166\n  size: 80, 80\n  orig: 80, 80\n  offset: 0, 0\n  index: -1\nComp 1/Comp 1_00021\n  rotate: false\n  xy: 494, 2\n  size: 80, 80\n  orig: 80, 80\n  offset: 0, 0\n  index: -1\nComp 1/Comp 1_00022\n  rotate: false\n  xy: 576, 84\n  size: 80, 80\n  orig: 80, 80\n  offset: 0, 0\n  index: -1\nComp 1/Comp 1_00023\n  rotate: false\n  xy: 658, 166\n  size: 80, 80\n  orig: 80, 80\n  offset: 0, 0\n  index: -1\nComp 1/Comp 1_00024\n  rotate: false\n  xy: 576, 2\n  size: 80, 80\n  orig: 80, 80\n  offset: 0, 0\n  index: -1\nComp 1/Comp 1_00025\n  rotate: false\n  xy: 658, 84\n  size: 80, 80\n  orig: 80, 80\n  offset: 0, 0\n  index: -1\nComp 1/Comp 1_00026\n  rotate: false\n  xy: 740, 166\n  size: 80, 80\n  orig: 80, 80\n  offset: 0, 0\n  index: -1\nComp 1/Comp 1_00027\n  rotate: false\n  xy: 658, 2\n  size: 80, 80\n  orig: 80, 80\n  offset: 0, 0\n  index: -1\nComp 1/Comp 1_00028\n  rotate: false\n  xy: 740, 84\n  size: 80, 80\n  orig: 80, 80\n  offset: 0, 0\n  index: -1\nComp 1/Comp 1_00029\n  rotate: false\n  xy: 822, 166\n  size: 80, 80\n  orig: 80, 80\n  offset: 0, 0\n  index: -1\nComp 1/Comp 1_00030\n  rotate: false\n  xy: 740, 2\n  size: 80, 80\n  orig: 80, 80\n  offset: 0, 0\n  index: -1\nComp 1/Comp 1_00031\n  rotate: false\n  xy: 822, 84\n  size: 80, 80\n  orig: 80, 80\n  offset: 0, 0\n  index: -1\nComp 1/Comp 1_00032\n  rotate: false\n  xy: 904, 166\n  size: 80, 80\n  orig: 80, 80\n  offset: 0, 0\n  index: -1\nComp 1/Comp 1_00033\n  rotate: false\n  xy: 822, 2\n  size: 80, 80\n  orig: 80, 80\n  offset: 0, 0\n  index: -1\nComp 1/Comp 1_00034\n  rotate: false\n  xy: 904, 84\n  size: 80, 80\n  orig: 80, 80\n  offset: 0, 0\n  index: -1\n",["skeleton.png"],{"skeleton":{"hash":"lE2a/zpt7p4MICiRp+wrJZXxH/0","spine":"3.7.94","width":1560,"height":720,"images":"","audio":""},"bones":[{"name":"root"},{"name":"bone","parent":"root","length":49.57,"rotation":93.12,"x":401.72,"y":-92.03,"scaleX":3.704,"scaleY":3.143},{"name":"bone2","parent":"root","length":49.57,"rotation":93.12,"x":401.72,"y":-92.03,"scaleX":3.704,"scaleY":3.143},{"name":"bone3","parent":"root","length":49.57,"rotation":93.12,"x":-383.7,"y":-92.03,"scaleX":3.704,"scaleY":-3.367},{"name":"bone4","parent":"root","length":49.57,"rotation":93.12,"x":-383.7,"y":-92.03,"scaleX":3.704,"scaleY":-3.367}],"slots":[{"name":"Comp 1/Comp 1_00000","bone":"bone","attachment":"Comp 1/Comp 1_00000","blend":"additive"},{"name":"Comp 1/Comp 1_0","bone":"bone2","attachment":"Comp 1/Comp 1_00000","blend":"additive"},{"name":"Comp 1/Comp 1_1","bone":"bone3","attachment":"Comp 1/Comp 1_00000","blend":"additive"},{"name":"Comp 1/Comp 1_2","bone":"bone4","attachment":"Comp 1/Comp 1_00000","blend":"additive"}],"skins":{"default":{"Comp 1/Comp 1_0":{"Comp 1/Comp 1_00000":{"x":22.81,"y":0.88,"rotation":-93.12,"width":80,"height":80},"Comp 1/Comp 1_00001":{"x":22.81,"y":0.88,"rotation":-93.12,"width":80,"height":80},"Comp 1/Comp 1_00002":{"x":22.81,"y":0.88,"rotation":-93.12,"width":80,"height":80},"Comp 1/Comp 1_00003":{"x":22.81,"y":0.88,"rotation":-93.12,"width":80,"height":80},"Comp 1/Comp 1_00004":{"x":22.81,"y":0.88,"rotation":-93.12,"width":80,"height":80},"Comp 1/Comp 1_00005":{"x":22.81,"y":0.88,"rotation":-93.12,"width":80,"height":80},"Comp 1/Comp 1_00006":{"x":22.81,"y":0.88,"rotation":-93.12,"width":80,"height":80},"Comp 1/Comp 1_00007":{"x":22.81,"y":0.88,"rotation":-93.12,"width":80,"height":80},"Comp 1/Comp 1_00008":{"x":22.81,"y":0.88,"rotation":-93.12,"width":80,"height":80},"Comp 1/Comp 1_00009":{"x":22.81,"y":0.88,"rotation":-93.12,"width":80,"height":80},"Comp 1/Comp 1_00010":{"x":22.81,"y":0.88,"rotation":-93.12,"width":80,"height":80},"Comp 1/Comp 1_00011":{"x":22.81,"y":0.88,"rotation":-93.12,"width":80,"height":80},"Comp 1/Comp 1_00012":{"x":22.81,"y":0.88,"rotation":-93.12,"width":80,"height":80},"Comp 1/Comp 1_00013":{"x":22.81,"y":0.88,"rotation":-93.12,"width":80,"height":80},"Comp 1/Comp 1_00014":{"x":22.81,"y":0.88,"rotation":-93.12,"width":80,"height":80},"Comp 1/Comp 1_00015":{"x":22.81,"y":0.88,"rotation":-93.12,"width":80,"height":80},"Comp 1/Comp 1_00016":{"x":22.81,"y":0.88,"rotation":-93.12,"width":80,"height":80},"Comp 1/Comp 1_00017":{"x":22.81,"y":0.88,"rotation":-93.12,"width":80,"height":80},"Comp 1/Comp 1_00018":{"x":22.81,"y":0.88,"rotation":-93.12,"width":80,"height":80},"Comp 1/Comp 1_00019":{"x":22.81,"y":0.88,"rotation":-93.12,"width":80,"height":80},"Comp 1/Comp 1_00020":{"x":22.81,"y":0.88,"rotation":-93.12,"width":80,"height":80},"Comp 1/Comp 1_00021":{"x":22.81,"y":0.88,"rotation":-93.12,"width":80,"height":80},"Comp 1/Comp 1_00022":{"x":22.81,"y":0.88,"rotation":-93.12,"width":80,"height":80},"Comp 1/Comp 1_00023":{"x":22.81,"y":0.88,"rotation":-93.12,"width":80,"height":80},"Comp 1/Comp 1_00024":{"x":22.81,"y":0.88,"rotation":-93.12,"width":80,"height":80},"Comp 1/Comp 1_00025":{"x":22.81,"y":0.88,"rotation":-93.12,"width":80,"height":80},"Comp 1/Comp 1_00026":{"x":22.81,"y":0.88,"rotation":-93.12,"width":80,"height":80},"Comp 1/Comp 1_00027":{"x":22.81,"y":0.88,"rotation":-93.12,"width":80,"height":80},"Comp 1/Comp 1_00028":{"x":22.81,"y":0.88,"rotation":-93.12,"width":80,"height":80},"Comp 1/Comp 1_00029":{"x":22.81,"y":0.88,"rotation":-93.12,"width":80,"height":80},"Comp 1/Comp 1_00030":{"x":22.81,"y":0.88,"rotation":-93.12,"width":80,"height":80},"Comp 1/Comp 1_00031":{"x":22.81,"y":0.88,"rotation":-93.12,"width":80,"height":80},"Comp 1/Comp 1_00032":{"x":22.81,"y":0.88,"rotation":-93.12,"width":80,"height":80},"Comp 1/Comp 1_00033":{"x":22.81,"y":0.88,"rotation":-93.12,"width":80,"height":80},"Comp 1/Comp 1_00034":{"x":22.81,"y":0.88,"rotation":-93.12,"width":80,"height":80}},"Comp 1/Comp 1_00000":{"Comp 1/Comp 1_00000":{"x":22.81,"y":0.88,"rotation":-93.12,"width":80,"height":80},"Comp 1/Comp 1_00001":{"x":22.81,"y":0.88,"rotation":-93.12,"width":80,"height":80},"Comp 1/Comp 1_00002":{"x":22.81,"y":0.88,"rotation":-93.12,"width":80,"height":80},"Comp 1/Comp 1_00003":{"x":22.81,"y":0.88,"rotation":-93.12,"width":80,"height":80},"Comp 1/Comp 1_00004":{"x":22.81,"y":0.88,"rotation":-93.12,"width":80,"height":80},"Comp 1/Comp 1_00005":{"x":22.81,"y":0.88,"rotation":-93.12,"width":80,"height":80},"Comp 1/Comp 1_00006":{"x":22.81,"y":0.88,"rotation":-93.12,"width":80,"height":80},"Comp 1/Comp 1_00007":{"x":22.81,"y":0.88,"rotation":-93.12,"width":80,"height":80},"Comp 1/Comp 1_00008":{"x":22.81,"y":0.88,"rotation":-93.12,"width":80,"height":80},"Comp 1/Comp 1_00009":{"x":22.81,"y":0.88,"rotation":-93.12,"width":80,"height":80},"Comp 1/Comp 1_00010":{"x":22.81,"y":0.88,"rotation":-93.12,"width":80,"height":80},"Comp 1/Comp 1_00011":{"x":22.81,"y":0.88,"rotation":-93.12,"width":80,"height":80},"Comp 1/Comp 1_00012":{"x":22.81,"y":0.88,"rotation":-93.12,"width":80,"height":80},"Comp 1/Comp 1_00013":{"x":22.81,"y":0.88,"rotation":-93.12,"width":80,"height":80},"Comp 1/Comp 1_00014":{"x":22.81,"y":0.88,"rotation":-93.12,"width":80,"height":80},"Comp 1/Comp 1_00015":{"x":22.81,"y":0.88,"rotation":-93.12,"width":80,"height":80},"Comp 1/Comp 1_00016":{"x":22.81,"y":0.88,"rotation":-93.12,"width":80,"height":80},"Comp 1/Comp 1_00017":{"x":22.81,"y":0.88,"rotation":-93.12,"width":80,"height":80},"Comp 1/Comp 1_00018":{"x":22.81,"y":0.88,"rotation":-93.12,"width":80,"height":80},"Comp 1/Comp 1_00019":{"x":22.81,"y":0.88,"rotation":-93.12,"width":80,"height":80},"Comp 1/Comp 1_00020":{"x":22.81,"y":0.88,"rotation":-93.12,"width":80,"height":80},"Comp 1/Comp 1_00021":{"x":22.81,"y":0.88,"rotation":-93.12,"width":80,"height":80},"Comp 1/Comp 1_00022":{"x":22.81,"y":0.88,"rotation":-93.12,"width":80,"height":80},"Comp 1/Comp 1_00023":{"x":22.81,"y":0.88,"rotation":-93.12,"width":80,"height":80},"Comp 1/Comp 1_00024":{"x":22.81,"y":0.88,"rotation":-93.12,"width":80,"height":80},"Comp 1/Comp 1_00025":{"x":22.81,"y":0.88,"rotation":-93.12,"width":80,"height":80},"Comp 1/Comp 1_00026":{"x":22.81,"y":0.88,"rotation":-93.12,"width":80,"height":80},"Comp 1/Comp 1_00027":{"x":22.81,"y":0.88,"rotation":-93.12,"width":80,"height":80},"Comp 1/Comp 1_00028":{"x":22.81,"y":0.88,"rotation":-93.12,"width":80,"height":80},"Comp 1/Comp 1_00029":{"x":22.81,"y":0.88,"rotation":-93.12,"width":80,"height":80},"Comp 1/Comp 1_00030":{"x":22.81,"y":0.88,"rotation":-93.12,"width":80,"height":80},"Comp 1/Comp 1_00031":{"x":22.81,"y":0.88,"rotation":-93.12,"width":80,"height":80},"Comp 1/Comp 1_00032":{"x":22.81,"y":0.88,"rotation":-93.12,"width":80,"height":80},"Comp 1/Comp 1_00033":{"x":22.81,"y":0.88,"rotation":-93.12,"width":80,"height":80},"Comp 1/Comp 1_00034":{"x":22.81,"y":0.88,"rotation":-93.12,"width":80,"height":80}},"Comp 1/Comp 1_1":{"Comp 1/Comp 1_00000":{"x":22.81,"y":0.88,"rotation":-93.12,"width":80,"height":80},"Comp 1/Comp 1_00001":{"x":22.81,"y":0.88,"rotation":-93.12,"width":80,"height":80},"Comp 1/Comp 1_00002":{"x":22.81,"y":0.88,"rotation":-93.12,"width":80,"height":80},"Comp 1/Comp 1_00003":{"x":22.81,"y":0.88,"rotation":-93.12,"width":80,"height":80},"Comp 1/Comp 1_00004":{"x":22.81,"y":0.88,"rotation":-93.12,"width":80,"height":80},"Comp 1/Comp 1_00005":{"x":22.81,"y":0.88,"rotation":-93.12,"width":80,"height":80},"Comp 1/Comp 1_00006":{"x":22.81,"y":0.88,"rotation":-93.12,"width":80,"height":80},"Comp 1/Comp 1_00007":{"x":22.81,"y":0.88,"rotation":-93.12,"width":80,"height":80},"Comp 1/Comp 1_00008":{"x":22.81,"y":0.88,"rotation":-93.12,"width":80,"height":80},"Comp 1/Comp 1_00009":{"x":22.81,"y":0.88,"rotation":-93.12,"width":80,"height":80},"Comp 1/Comp 1_00010":{"x":22.81,"y":0.88,"rotation":-93.12,"width":80,"height":80},"Comp 1/Comp 1_00011":{"x":22.81,"y":0.88,"rotation":-93.12,"width":80,"height":80},"Comp 1/Comp 1_00012":{"x":22.81,"y":0.88,"rotation":-93.12,"width":80,"height":80},"Comp 1/Comp 1_00013":{"x":22.81,"y":0.88,"rotation":-93.12,"width":80,"height":80},"Comp 1/Comp 1_00014":{"x":22.81,"y":0.88,"rotation":-93.12,"width":80,"height":80},"Comp 1/Comp 1_00015":{"x":22.81,"y":0.88,"rotation":-93.12,"width":80,"height":80},"Comp 1/Comp 1_00016":{"x":22.81,"y":0.88,"rotation":-93.12,"width":80,"height":80},"Comp 1/Comp 1_00017":{"x":22.81,"y":0.88,"rotation":-93.12,"width":80,"height":80},"Comp 1/Comp 1_00018":{"x":22.81,"y":0.88,"rotation":-93.12,"width":80,"height":80},"Comp 1/Comp 1_00019":{"x":22.81,"y":0.88,"rotation":-93.12,"width":80,"height":80},"Comp 1/Comp 1_00020":{"x":22.81,"y":0.88,"rotation":-93.12,"width":80,"height":80},"Comp 1/Comp 1_00021":{"x":22.81,"y":0.88,"rotation":-93.12,"width":80,"height":80},"Comp 1/Comp 1_00022":{"x":22.81,"y":0.88,"rotation":-93.12,"width":80,"height":80},"Comp 1/Comp 1_00023":{"x":22.81,"y":0.88,"rotation":-93.12,"width":80,"height":80},"Comp 1/Comp 1_00024":{"x":22.81,"y":0.88,"rotation":-93.12,"width":80,"height":80},"Comp 1/Comp 1_00025":{"x":22.81,"y":0.88,"rotation":-93.12,"width":80,"height":80},"Comp 1/Comp 1_00026":{"x":22.81,"y":0.88,"rotation":-93.12,"width":80,"height":80},"Comp 1/Comp 1_00027":{"x":22.81,"y":0.88,"rotation":-93.12,"width":80,"height":80},"Comp 1/Comp 1_00028":{"x":22.81,"y":0.88,"rotation":-93.12,"width":80,"height":80},"Comp 1/Comp 1_00029":{"x":22.81,"y":0.88,"rotation":-93.12,"width":80,"height":80},"Comp 1/Comp 1_00030":{"x":22.81,"y":0.88,"rotation":-93.12,"width":80,"height":80},"Comp 1/Comp 1_00031":{"x":22.81,"y":0.88,"rotation":-93.12,"width":80,"height":80},"Comp 1/Comp 1_00032":{"x":22.81,"y":0.88,"rotation":-93.12,"width":80,"height":80},"Comp 1/Comp 1_00033":{"x":22.81,"y":0.88,"rotation":-93.12,"width":80,"height":80},"Comp 1/Comp 1_00034":{"x":22.81,"y":0.88,"rotation":-93.12,"width":80,"height":80}},"Comp 1/Comp 1_2":{"Comp 1/Comp 1_00000":{"x":22.81,"y":0.88,"rotation":-93.12,"width":80,"height":80},"Comp 1/Comp 1_00001":{"x":22.81,"y":0.88,"rotation":-93.12,"width":80,"height":80},"Comp 1/Comp 1_00002":{"x":22.81,"y":0.88,"rotation":-93.12,"width":80,"height":80},"Comp 1/Comp 1_00003":{"x":22.81,"y":0.88,"rotation":-93.12,"width":80,"height":80},"Comp 1/Comp 1_00004":{"x":22.81,"y":0.88,"rotation":-93.12,"width":80,"height":80},"Comp 1/Comp 1_00005":{"x":22.81,"y":0.88,"rotation":-93.12,"width":80,"height":80},"Comp 1/Comp 1_00006":{"x":22.81,"y":0.88,"rotation":-93.12,"width":80,"height":80},"Comp 1/Comp 1_00007":{"x":22.81,"y":0.88,"rotation":-93.12,"width":80,"height":80},"Comp 1/Comp 1_00008":{"x":22.81,"y":0.88,"rotation":-93.12,"width":80,"height":80},"Comp 1/Comp 1_00009":{"x":22.81,"y":0.88,"rotation":-93.12,"width":80,"height":80},"Comp 1/Comp 1_00010":{"x":22.81,"y":0.88,"rotation":-93.12,"width":80,"height":80},"Comp 1/Comp 1_00011":{"x":22.81,"y":0.88,"rotation":-93.12,"width":80,"height":80},"Comp 1/Comp 1_00012":{"x":22.81,"y":0.88,"rotation":-93.12,"width":80,"height":80},"Comp 1/Comp 1_00013":{"x":22.81,"y":0.88,"rotation":-93.12,"width":80,"height":80},"Comp 1/Comp 1_00014":{"x":22.81,"y":0.88,"rotation":-93.12,"width":80,"height":80},"Comp 1/Comp 1_00015":{"x":22.81,"y":0.88,"rotation":-93.12,"width":80,"height":80},"Comp 1/Comp 1_00016":{"x":22.81,"y":0.88,"rotation":-93.12,"width":80,"height":80},"Comp 1/Comp 1_00017":{"x":22.81,"y":0.88,"rotation":-93.12,"width":80,"height":80},"Comp 1/Comp 1_00018":{"x":22.81,"y":0.88,"rotation":-93.12,"width":80,"height":80},"Comp 1/Comp 1_00019":{"x":22.81,"y":0.88,"rotation":-93.12,"width":80,"height":80},"Comp 1/Comp 1_00020":{"x":22.81,"y":0.88,"rotation":-93.12,"width":80,"height":80},"Comp 1/Comp 1_00021":{"x":22.81,"y":0.88,"rotation":-93.12,"width":80,"height":80},"Comp 1/Comp 1_00022":{"x":22.81,"y":0.88,"rotation":-93.12,"width":80,"height":80},"Comp 1/Comp 1_00023":{"x":22.81,"y":0.88,"rotation":-93.12,"width":80,"height":80},"Comp 1/Comp 1_00024":{"x":22.81,"y":0.88,"rotation":-93.12,"width":80,"height":80},"Comp 1/Comp 1_00025":{"x":22.81,"y":0.88,"rotation":-93.12,"width":80,"height":80},"Comp 1/Comp 1_00026":{"x":22.81,"y":0.88,"rotation":-93.12,"width":80,"height":80},"Comp 1/Comp 1_00027":{"x":22.81,"y":0.88,"rotation":-93.12,"width":80,"height":80},"Comp 1/Comp 1_00028":{"x":22.81,"y":0.88,"rotation":-93.12,"width":80,"height":80},"Comp 1/Comp 1_00029":{"x":22.81,"y":0.88,"rotation":-93.12,"width":80,"height":80},"Comp 1/Comp 1_00030":{"x":22.81,"y":0.88,"rotation":-93.12,"width":80,"height":80},"Comp 1/Comp 1_00031":{"x":22.81,"y":0.88,"rotation":-93.12,"width":80,"height":80},"Comp 1/Comp 1_00032":{"x":22.81,"y":0.88,"rotation":-93.12,"width":80,"height":80},"Comp 1/Comp 1_00033":{"x":22.81,"y":0.88,"rotation":-93.12,"width":80,"height":80},"Comp 1/Comp 1_00034":{"x":22.81,"y":0.88,"rotation":-93.12,"width":80,"height":80}}}},"animations":{"animation":{"slots":{"Comp 1/Comp 1_00000":{"color":[{"time":0,"color":"ffffff00"},{"time":0.2,"color":"ffffffff","curve":"stepped"},{"time":1.2333,"color":"ffffffff"},{"time":1.5,"color":"ffffff00"}],"attachment":[{"time":0,"name":null},{"time":0.1667,"name":"Comp 1/Comp 1_00000"},{"time":0.2,"name":"Comp 1/Comp 1_00001"},{"time":0.2333,"name":"Comp 1/Comp 1_00002"},{"time":0.2667,"name":"Comp 1/Comp 1_00003"},{"time":0.3,"name":"Comp 1/Comp 1_00004"},{"time":0.3333,"name":"Comp 1/Comp 1_00005"},{"time":0.3667,"name":"Comp 1/Comp 1_00006"},{"time":0.4,"name":"Comp 1/Comp 1_00007"},{"time":0.4333,"name":"Comp 1/Comp 1_00008"},{"time":0.4667,"name":"Comp 1/Comp 1_00009"},{"time":0.5,"name":"Comp 1/Comp 1_00010"},{"time":0.5333,"name":"Comp 1/Comp 1_00011"},{"time":0.5667,"name":"Comp 1/Comp 1_00012"},{"time":0.6,"name":"Comp 1/Comp 1_00013"},{"time":0.6333,"name":"Comp 1/Comp 1_00014"},{"time":0.6667,"name":"Comp 1/Comp 1_00015"},{"time":0.7,"name":"Comp 1/Comp 1_00016"},{"time":0.7333,"name":"Comp 1/Comp 1_00017"},{"time":0.7667,"name":"Comp 1/Comp 1_00018"},{"time":0.8,"name":"Comp 1/Comp 1_00019"},{"time":0.8333,"name":"Comp 1/Comp 1_00020"},{"time":0.8667,"name":"Comp 1/Comp 1_00021"},{"time":0.9,"name":"Comp 1/Comp 1_00022"},{"time":0.9333,"name":"Comp 1/Comp 1_00023"},{"time":0.9667,"name":"Comp 1/Comp 1_00024"},{"time":1,"name":"Comp 1/Comp 1_00025"},{"time":1.0333,"name":"Comp 1/Comp 1_00026"},{"time":1.0667,"name":"Comp 1/Comp 1_00027"},{"time":1.1,"name":"Comp 1/Comp 1_00028"},{"time":1.1333,"name":"Comp 1/Comp 1_00029"},{"time":1.1667,"name":"Comp 1/Comp 1_00030"},{"time":1.2,"name":"Comp 1/Comp 1_00031"},{"time":1.2333,"name":"Comp 1/Comp 1_00032"},{"time":1.2667,"name":"Comp 1/Comp 1_00033"},{"time":1.3,"name":"Comp 1/Comp 1_00034"},{"time":1.5,"name":null}]},"Comp 1/Comp 1_0":{"color":[{"time":0,"color":"ffffff00"},{"time":0.2,"color":"ffffffff","curve":"stepped"},{"time":1.2333,"color":"ffffffff"},{"time":1.5,"color":"ffffff00"}],"attachment":[{"time":0,"name":null},{"time":0.1667,"name":"Comp 1/Comp 1_00000"},{"time":0.2,"name":"Comp 1/Comp 1_00001"},{"time":0.2333,"name":"Comp 1/Comp 1_00002"},{"time":0.2667,"name":"Comp 1/Comp 1_00003"},{"time":0.3,"name":"Comp 1/Comp 1_00004"},{"time":0.3333,"name":"Comp 1/Comp 1_00005"},{"time":0.3667,"name":"Comp 1/Comp 1_00006"},{"time":0.4,"name":"Comp 1/Comp 1_00007"},{"time":0.4333,"name":"Comp 1/Comp 1_00008"},{"time":0.4667,"name":"Comp 1/Comp 1_00009"},{"time":0.5,"name":"Comp 1/Comp 1_00010"},{"time":0.5333,"name":"Comp 1/Comp 1_00011"},{"time":0.5667,"name":"Comp 1/Comp 1_00012"},{"time":0.6,"name":"Comp 1/Comp 1_00013"},{"time":0.6333,"name":"Comp 1/Comp 1_00014"},{"time":0.6667,"name":"Comp 1/Comp 1_00015"},{"time":0.7,"name":"Comp 1/Comp 1_00016"},{"time":0.7333,"name":"Comp 1/Comp 1_00017"},{"time":0.7667,"name":"Comp 1/Comp 1_00018"},{"time":0.8,"name":"Comp 1/Comp 1_00019"},{"time":0.8333,"name":"Comp 1/Comp 1_00020"},{"time":0.8667,"name":"Comp 1/Comp 1_00021"},{"time":0.9,"name":"Comp 1/Comp 1_00022"},{"time":0.9333,"name":"Comp 1/Comp 1_00023"},{"time":0.9667,"name":"Comp 1/Comp 1_00024"},{"time":1,"name":"Comp 1/Comp 1_00025"},{"time":1.0333,"name":"Comp 1/Comp 1_00026"},{"time":1.0667,"name":"Comp 1/Comp 1_00027"},{"time":1.1,"name":"Comp 1/Comp 1_00028"},{"time":1.1333,"name":"Comp 1/Comp 1_00029"},{"time":1.1667,"name":"Comp 1/Comp 1_00030"},{"time":1.2,"name":"Comp 1/Comp 1_00031"},{"time":1.2333,"name":"Comp 1/Comp 1_00032"},{"time":1.2667,"name":"Comp 1/Comp 1_00033"},{"time":1.3,"name":"Comp 1/Comp 1_00034"},{"time":1.5,"name":null}]},"Comp 1/Comp 1_1":{"color":[{"time":0,"color":"ffffff00"},{"time":0.2,"color":"ffffffff","curve":"stepped"},{"time":1.2333,"color":"ffffffff"},{"time":1.5,"color":"ffffff00"}],"attachment":[{"time":0,"name":null},{"time":0.1667,"name":"Comp 1/Comp 1_00000"},{"time":0.2,"name":"Comp 1/Comp 1_00001"},{"time":0.2333,"name":"Comp 1/Comp 1_00002"},{"time":0.2667,"name":"Comp 1/Comp 1_00003"},{"time":0.3,"name":"Comp 1/Comp 1_00004"},{"time":0.3333,"name":"Comp 1/Comp 1_00005"},{"time":0.3667,"name":"Comp 1/Comp 1_00006"},{"time":0.4,"name":"Comp 1/Comp 1_00007"},{"time":0.4333,"name":"Comp 1/Comp 1_00008"},{"time":0.4667,"name":"Comp 1/Comp 1_00009"},{"time":0.5,"name":"Comp 1/Comp 1_00010"},{"time":0.5333,"name":"Comp 1/Comp 1_00011"},{"time":0.5667,"name":"Comp 1/Comp 1_00012"},{"time":0.6,"name":"Comp 1/Comp 1_00013"},{"time":0.6333,"name":"Comp 1/Comp 1_00014"},{"time":0.6667,"name":"Comp 1/Comp 1_00015"},{"time":0.7,"name":"Comp 1/Comp 1_00016"},{"time":0.7333,"name":"Comp 1/Comp 1_00017"},{"time":0.7667,"name":"Comp 1/Comp 1_00018"},{"time":0.8,"name":"Comp 1/Comp 1_00019"},{"time":0.8333,"name":"Comp 1/Comp 1_00020"},{"time":0.8667,"name":"Comp 1/Comp 1_00021"},{"time":0.9,"name":"Comp 1/Comp 1_00022"},{"time":0.9333,"name":"Comp 1/Comp 1_00023"},{"time":0.9667,"name":"Comp 1/Comp 1_00024"},{"time":1,"name":"Comp 1/Comp 1_00025"},{"time":1.0333,"name":"Comp 1/Comp 1_00026"},{"time":1.0667,"name":"Comp 1/Comp 1_00027"},{"time":1.1,"name":"Comp 1/Comp 1_00028"},{"time":1.1333,"name":"Comp 1/Comp 1_00029"},{"time":1.1667,"name":"Comp 1/Comp 1_00030"},{"time":1.2,"name":"Comp 1/Comp 1_00031"},{"time":1.2333,"name":"Comp 1/Comp 1_00032"},{"time":1.2667,"name":"Comp 1/Comp 1_00033"},{"time":1.3,"name":"Comp 1/Comp 1_00034"},{"time":1.5,"name":null}]},"Comp 1/Comp 1_2":{"color":[{"time":0,"color":"ffffff00"},{"time":0.2,"color":"ffffffff","curve":"stepped"},{"time":1.2333,"color":"ffffffff"},{"time":1.5,"color":"ffffff00"}],"attachment":[{"time":0,"name":null},{"time":0.1667,"name":"Comp 1/Comp 1_00000"},{"time":0.2,"name":"Comp 1/Comp 1_00001"},{"time":0.2333,"name":"Comp 1/Comp 1_00002"},{"time":0.2667,"name":"Comp 1/Comp 1_00003"},{"time":0.3,"name":"Comp 1/Comp 1_00004"},{"time":0.3333,"name":"Comp 1/Comp 1_00005"},{"time":0.3667,"name":"Comp 1/Comp 1_00006"},{"time":0.4,"name":"Comp 1/Comp 1_00007"},{"time":0.4333,"name":"Comp 1/Comp 1_00008"},{"time":0.4667,"name":"Comp 1/Comp 1_00009"},{"time":0.5,"name":"Comp 1/Comp 1_00010"},{"time":0.5333,"name":"Comp 1/Comp 1_00011"},{"time":0.5667,"name":"Comp 1/Comp 1_00012"},{"time":0.6,"name":"Comp 1/Comp 1_00013"},{"time":0.6333,"name":"Comp 1/Comp 1_00014"},{"time":0.6667,"name":"Comp 1/Comp 1_00015"},{"time":0.7,"name":"Comp 1/Comp 1_00016"},{"time":0.7333,"name":"Comp 1/Comp 1_00017"},{"time":0.7667,"name":"Comp 1/Comp 1_00018"},{"time":0.8,"name":"Comp 1/Comp 1_00019"},{"time":0.8333,"name":"Comp 1/Comp 1_00020"},{"time":0.8667,"name":"Comp 1/Comp 1_00021"},{"time":0.9,"name":"Comp 1/Comp 1_00022"},{"time":0.9333,"name":"Comp 1/Comp 1_00023"},{"time":0.9667,"name":"Comp 1/Comp 1_00024"},{"time":1,"name":"Comp 1/Comp 1_00025"},{"time":1.0333,"name":"Comp 1/Comp 1_00026"},{"time":1.0667,"name":"Comp 1/Comp 1_00027"},{"time":1.1,"name":"Comp 1/Comp 1_00028"},{"time":1.1333,"name":"Comp 1/Comp 1_00029"},{"time":1.1667,"name":"Comp 1/Comp 1_00030"},{"time":1.2,"name":"Comp 1/Comp 1_00031"},{"time":1.2333,"name":"Comp 1/Comp 1_00032"},{"time":1.2667,"name":"Comp 1/Comp 1_00033"},{"time":1.3,"name":"Comp 1/Comp 1_00034"},{"time":1.5,"name":null}]}}}}},[0]]],0,0,[0],[-1],[0]]
