[1,["1bd6efc81@6c48a"],["_textureSource"],["cc.SpriteFrame","cc.ImageAsset","cc.Texture2D"],0,[[[{"name":"font_chu_xam","rect":{"x":766,"y":738,"width":270,"height":255},"offset":{"x":-121,"y":0.5},"originalSize":{"width":512,"height":256},"rotated":true,"capInsets":[0,0,0,0],"texture":"1bd6efc81@6c48a","packable":true}],[0],0,[0],[0],[0]],[[{"name":"lb_reg_login","rect":{"x":391,"y":356,"width":268,"height":28},"offset":{"x":0,"y":-1},"originalSize":{"width":268,"height":54},"rotated":true,"capInsets":[0,0,0,0],"texture":"1bd6efc81@6c48a","packable":true}],[0],0,[0],[0],[0]],[[{"fmt":"0","w":1024,"h":1020}],[1],0,[],[],[]],[[{"base":"2,2,0,0,0,1","mipmaps":["1bd6efc81"]}],[2],0,[],[],[]],[[{"name":"tx_ico_kq_xiu","rect":{"x":382,"y":830,"width":30,"height":30},"offset":{"x":0,"y":0},"originalSize":{"width":30,"height":30},"rotated":false,"capInsets":[0,0,0,0],"texture":"1bd6efc81@6c48a","packable":true}],[0],0,[0],[0],[0]],[[{"name":"tx_bat","rect":{"x":425,"y":523,"width":294,"height":295},"offset":{"x":0,"y":0},"originalSize":{"width":294,"height":295},"rotated":true,"capInsets":[0,0,0,0],"texture":"1bd6efc81@6c48a","packable":true}],[0],0,[0],[0],[0]],[[{"name":"mng_bg","rect":{"x":3,"y":3,"width":420,"height":347},"offset":{"x":0,"y":0},"originalSize":{"width":420,"height":347},"rotated":false,"capInsets":[0,0,0,0],"texture":"1bd6efc81@6c48a","packable":true}],[0],0,[0],[0],[0]],[[{"name":"logo_5","rect":{"x":828,"y":294,"width":270,"height":179},"offset":{"x":0,"y":0},"originalSize":{"width":270,"height":179},"rotated":true,"capInsets":[0,0,0,0],"texture":"1bd6efc81@6c48a","packable":true}],[0],0,[0],[0],[0]],[[{"name":"nohu_small_txt","rect":{"x":579,"y":972,"width":147,"height":44},"offset":{"x":0,"y":0},"originalSize":{"width":147,"height":44},"rotated":false,"capInsets":[0,0,0,0],"texture":"1bd6efc81@6c48a","packable":true}],[0],0,[0],[0],[0]],[[{"name":"lb_logo_autopay","rect":{"x":3,"y":356,"width":382,"height":252},"offset":{"x":0,"y":0},"originalSize":{"width":382,"height":252},"rotated":false,"capInsets":[0,0,0,0],"texture":"1bd6efc81@6c48a","packable":true}],[0],0,[0],[0],[0]],[[{"name":"tx_ico_kq_tai","rect":{"x":726,"y":657,"width":30,"height":30},"offset":{"x":0,"y":0},"originalSize":{"width":30,"height":30},"rotated":false,"capInsets":[0,0,0,0],"texture":"1bd6efc81@6c48a","packable":true}],[0],0,[0],[0],[0]],[[{"name":"tx_input_money_xiu","rect":{"x":766,"y":523,"width":209,"height":45},"offset":{"x":0,"y":0},"originalSize":{"width":209,"height":45},"rotated":true,"capInsets":[0,0,0,0],"texture":"1bd6efc81@6c48a","packable":true}],[0],0,[0],[0],[0]],[[{"name":"lb_quenmk_text","rect":{"x":726,"y":523,"width":128,"height":27},"offset":{"x":0,"y":-1.5},"originalSize":{"width":128,"height":54},"rotated":true,"capInsets":[0,0,0,0],"texture":"1bd6efc81@6c48a","packable":true}],[0],0,[0],[0],[0]],[[{"name":"tx_bg_songuoichoi_xiu","rect":{"x":382,"y":630,"width":120,"height":31},"offset":{"x":0,"y":0},"originalSize":{"width":120,"height":31},"rotated":true,"capInsets":[0,0,0,0],"texture":"1bd6efc81@6c48a","packable":true}],[0],0,[0],[0],[0]],[[{"name":"lb_download_bg","rect":{"x":634,"y":823,"width":110,"height":46},"offset":{"x":0,"y":0},"originalSize":{"width":110,"height":46},"rotated":false,"capInsets":[0,0,0,0],"texture":"1bd6efc81@6c48a","packable":true}],[0],0,[0],[0],[0]],[[{"name":"tps_tongcuoc","rect":{"x":991,"y":570,"width":160,"height":30},"offset":{"x":0,"y":0},"originalSize":{"width":160,"height":30},"rotated":true,"capInsets":[0,0,0,0],"texture":"1bd6efc81@6c48a","packable":true}],[0],0,[0],[0],[0]],[[{"name":"tx_bkg_bet_input_tai","rect":{"x":364,"y":972,"width":209,"height":45},"offset":{"x":0,"y":0},"originalSize":{"width":209,"height":45},"rotated":false,"capInsets":[0,0,0,0],"texture":"1bd6efc81@6c48a","packable":true}],[0],0,[0],[0],[0]],[[{"name":"mnpk_bg_jackpot","rect":{"x":364,"y":875,"width":396,"height":91},"offset":{"x":0,"y":0},"originalSize":{"width":408,"height":91},"rotated":false,"capInsets":[0,0,0,0],"texture":"1bd6efc81@6c48a","packable":true}],[0],0,[0],[0],[0]],[[{"name":"btn_like_fb","rect":{"x":3,"y":875,"width":355,"height":129},"offset":{"x":0,"y":0},"originalSize":{"width":355,"height":129},"rotated":false,"capInsets":[0,0,0,0],"texture":"1bd6efc81@6c48a","packable":true}],[0],0,[0],[0],[0]],[[{"name":"tx_input_money_tai","rect":{"x":419,"y":823,"width":209,"height":45},"offset":{"x":0,"y":0},"originalSize":{"width":209,"height":45},"rotated":false,"capInsets":[0,0,0,0],"texture":"1bd6efc81@6c48a","packable":true}],[0],0,[0],[0],[0]],[[{"name":"ico_kq_xiu","rect":{"x":726,"y":693,"width":30,"height":30},"offset":{"x":0,"y":0},"originalSize":{"width":30,"height":30},"rotated":false,"capInsets":[0,0,0,0],"texture":"1bd6efc81@6c48a","packable":true}],[0],0,[0],[0],[0]],[[{"name":"font_title4","rect":{"x":429,"y":3,"width":393,"height":254},"offset":{"x":-59.5,"y":1},"originalSize":{"width":512,"height":256},"rotated":false,"capInsets":[0,0,0,0],"texture":"1bd6efc81@6c48a","packable":true}],[0],0,[0],[0],[0]],[[{"name":"ico_kq_tai","rect":{"x":726,"y":729,"width":30,"height":30},"offset":{"x":0,"y":0},"originalSize":{"width":30,"height":30},"rotated":false,"capInsets":[0,0,0,0],"texture":"1bd6efc81@6c48a","packable":true}],[0],0,[0],[0],[0]],[[{"name":"lb_icon_user","rect":{"x":382,"y":756,"width":31,"height":31},"offset":{"x":0,"y":0},"originalSize":{"width":31,"height":31},"rotated":false,"capInsets":[0,0,0,0],"texture":"1bd6efc81@6c48a","packable":true}],[0],0,[0],[0],[0]],[[{"name":"tx_2","rect":{"x":382,"y":793,"width":31,"height":31},"offset":{"x":0,"y":0},"originalSize":{"width":31,"height":31},"rotated":false,"capInsets":[0,0,0,0],"texture":"1bd6efc81@6c48a","packable":true}],[0],0,[0],[0],[0]],[[{"name":"tps_btn_quay","rect":{"x":817,"y":570,"width":160,"height":168},"offset":{"x":0,"y":0},"originalSize":{"width":160,"height":168},"rotated":true,"capInsets":[0,0,0,0],"texture":"1bd6efc81@6c48a","packable":true}],[0],0,[0],[0],[0]],[[{"name":"font_title3","rect":{"x":429,"y":263,"width":393,"height":254},"offset":{"x":-59.5,"y":1},"originalSize":{"width":512,"height":256},"rotated":false,"capInsets":[0,0,0,0],"texture":"1bd6efc81@6c48a","packable":true}],[0],0,[0],[0],[0]],[[{"name":"font_chat","rect":{"x":3,"y":614,"width":373,"height":255},"offset":{"x":-69.5,"y":0.5},"originalSize":{"width":512,"height":256},"rotated":false,"capInsets":[0,0,0,0],"texture":"1bd6efc81@6c48a","packable":true}],[0],0,[0],[0],[0]],[[{"name":"tps_text_game","rect":{"x":828,"y":3,"width":285,"height":184},"offset":{"x":0,"y":0},"originalSize":{"width":285,"height":184},"rotated":true,"capInsets":[0,0,0,0],"texture":"1bd6efc81@6c48a","packable":true}],[0],0,[0],[0],[0]],[[{"name":"notifi","rect":{"x":726,"y":765,"width":30,"height":30},"offset":{"x":0,"y":0},"originalSize":{"width":30,"height":30},"rotated":false,"capInsets":[0,0,0,0],"texture":"1bd6efc81@6c48a","packable":true}],[0],0,[0],[0],[0]]]]
