[1,["efmTaJ1aZMRrJsdRsqvgKR"],0,[["sp.SkeletonData",["_name","_atlasText","textureNames","_skeletonJson","textures"],-1,3]],[[0,0,1,2,3,4,5]],[[0,"skeleton","\nskeleton.png\nsize: 512,512\nformat: RGBA8888\nfilter: Linear,Linear\nrepeat: none\ncaidat_button\n  rotate: false\n  xy: 2, 2\n  size: 89, 88\n  orig: 89, 88\n  offset: 0, 0\n  index: -1\nrou_small\n  rotate: false\n  xy: 2, 92\n  size: 333, 333\n  orig: 333, 333\n  offset: 0, 0\n  index: -1\n",["skeleton.png"],{"skeleton":{"hash":"BQNi0HGlxf8XmTVn0u8W01AQLCs","spine":"3.7.94","width":353.55,"height":353.37,"images":"./LOBBY/","audio":"/Users/homick/Documents/MANCLUB_EXPORT/RES"},"bones":[{"name":"root","x":-706.99,"y":299.21},{"name":"bone3","parent":"root","length":156.7,"rotation":132.21,"x":720.42,"y":-400.38,"scaleX":-1,"color":"ff0000ff"},{"name":"bone5","parent":"root","length":156.7,"rotation":132.21,"x":720.42,"y":-400.38,"scaleX":-1,"color":"ff0000ff"}],"slots":[{"name":"caidat_button","bone":"root","attachment":"caidat_button"},{"name":"rou_small2","bone":"bone3","attachment":"rou_small"},{"name":"rou_small4","bone":"bone5","attachment":"rou_small","blend":"additive"}],"skins":{"default":{"caidat_button":{"caidat_button":{"x":707.8,"y":-299.25,"width":89,"height":88}},"rou_small2":{"rou_small":{"x":-1.39,"y":-1.52,"rotation":135.86,"width":333,"height":333}},"rou_small4":{"rou_small":{"x":-1.39,"y":-1.52,"rotation":135.86,"width":333,"height":333}}}},"animations":{"animation":{"slots":{"rou_small2":{"color":[{"time":0,"color":"ffffffff"},{"time":1.6667,"color":"ffffffc8"},{"time":3.3333,"color":"ffffffff"}]},"rou_small4":{"color":[{"time":0,"color":"ffffff00"},{"time":0.6667,"color":"ffffffff"},{"time":1.3333,"color":"ffffff48"},{"time":2,"color":"ffffff00"},{"time":2.6667,"color":"ffffffff"},{"time":3.3333,"color":"ffffff00"}]}},"bones":{"bone5":{"rotate":[{"time":0,"angle":12.45},{"time":1,"angle":-73.73},{"time":2,"angle":149.94},{"time":3.3333,"angle":12.45}],"translate":[{"time":0,"x":0,"y":0},{"time":1.3333,"x":0,"y":3.68},{"time":2,"x":0,"y":0},{"time":2.1333,"x":0.55,"y":2.65},{"time":2.6667,"x":2.76,"y":0},{"time":3.3333,"x":0,"y":0}]}}}}},[0]]],0,0,[0],[-1],[0]]
