[1,["97ybjx9R9P84kpEu7UJoRU"],0,[["sp.SkeletonData",["_name","_atlasText","textureNames","_skeletonJson","textures"],-1,3]],[[0,0,1,2,3,4,5]],[[0,"skeleton","\nskeleton.png\nsize: 681,133\nformat: RGBA8888\nfilter: Linear,Linear\nrepeat: none\nLayer 577\n  rotate: false\n  xy: 198, 4\n  size: 194, 127\n  orig: 194, 127\n  offset: 0, 0\n  index: -1\nLayer 578\n  rotate: false\n  xy: 2, 2\n  size: 194, 129\n  orig: 194, 129\n  offset: 0, 0\n  index: -1\nicons8-left_up2\n  rotate: false\n  xy: 590, 25\n  size: 50, 57\n  orig: 50, 57\n  offset: 0, 0\n  index: -1\nxoay\n  rotate: false\n  xy: 590, 84\n  size: 89, 47\n  orig: 89, 47\n  offset: 0, 0\n  index: -1\n—Pngtree—retro casino sign board._4124282\n  rotate: false\n  xy: 394, 4\n  size: 194, 127\n  orig: 194, 127\n  offset: 0, 0\n  index: -1\n",["skeleton.png"],{"skeleton":{"hash":"98Qu2Hu9Jn/TGjDbhVBQtNCJquM","spine":"3.7.94","width":194,"height":129,"images":"","audio":""},"bones":[{"name":"root"},{"name":"bone3","parent":"root","length":50.59,"rotation":89.38,"x":6.89,"y":-5.02},{"name":"bone","parent":"bone3","length":14.15,"rotation":-87.18,"x":1.25,"y":35.38},{"name":"bone2","parent":"bone3","length":16.9,"rotation":-3.08,"x":-7.22,"y":-36.53}],"slots":[{"name":"—Pngtree—retro casino sign board._4124282","bone":"bone3","attachment":"—Pngtree—retro casino sign board._4124282"},{"name":"Layer 577","bone":"bone3","attachment":"Layer 577","blend":"additive"},{"name":"Layer 578","bone":"bone3","attachment":"Layer 578","blend":"additive"},{"name":"icons8-left_up2","bone":"bone3","attachment":"icons8-left_up2"},{"name":"xoay","bone":"bone3","attachment":"xoay"},{"name":"xoay2","bone":"bone3","attachment":"xoay","blend":"additive"}],"skins":{"default":{"Layer 577":{"Layer 577":{"type":"mesh","hull":4,"width":194,"height":127,"uvs":[1,1,0,1,0,0,1,0],"triangles":[1,2,3,1,3,0],"vertices":[-57,-90.73,-59.09,103.26,67.9,104.62,69.99,-89.37],"edges":[0,2,2,4,4,6,0,6]}},"Layer 578":{"Layer 578":{"type":"mesh","hull":4,"width":194,"height":129,"uvs":[1,1,0,1,0,0,1,0],"triangles":[1,2,3,1,3,0],"vertices":[-58,-90.74,-60.09,103.25,68.9,104.63,70.99,-89.36],"edges":[0,2,2,4,4,6,0,6]}},"icons8-left_up2":{"icons8-left_up2":{"type":"mesh","hull":4,"width":50,"height":57,"uvs":[1,1,0,1,0,0,1,0],"triangles":[1,2,3,1,3,0],"vertices":[1,3,-13.98,-21.97,1,1,3,-17.19,27.93,1,1,3,39.69,31.59,1,1,3,42.91,-18.3,1],"edges":[0,2,2,4,4,6,0,6]}},"xoay":{"xoay":{"type":"mesh","hull":4,"width":89,"height":47,"uvs":[1,1,0,1,0,0,1,0],"triangles":[1,2,3,1,3,0],"vertices":[1,2,44.7,-25.19,1,1,2,-44.24,-21.76,1,1,2,-42.43,25.2,1,1,2,46.51,21.78,1],"edges":[0,2,2,4,4,6,0,6]}},"xoay2":{"xoay":{"type":"mesh","hull":4,"width":89,"height":47,"uvs":[1,1,0,1,0,0,1,0],"triangles":[1,2,3,1,3,0],"vertices":[1,2,44.7,-25.19,1,1,2,-44.24,-21.76,1,1,2,-42.43,25.2,1,1,2,46.51,21.78,1],"edges":[0,2,2,4,4,6,0,6]}},"—Pngtree—retro casino sign board._4124282":{"—Pngtree—retro casino sign board._4124282":{"type":"mesh","hull":4,"width":194,"height":127,"uvs":[1,1,0,1,0,0,1,0],"triangles":[1,2,3,1,3,0],"vertices":[-57,-90.73,-59.09,103.26,67.9,104.62,69.99,-89.37],"edges":[0,2,2,4,4,6,0,6]}}}},"animations":{"animation":{"slots":{"Layer 577":{"attachment":[{"time":0,"name":null},{"time":0.1,"name":"Layer 577"},{"time":0.2333,"name":null},{"time":0.3333,"name":"Layer 577"},{"time":0.4333,"name":null},{"time":0.5667,"name":"Layer 577"},{"time":0.6667,"name":null}]},"Layer 578":{"attachment":[{"time":0.1,"name":null},{"time":0.2333,"name":"Layer 578"},{"time":0.3333,"name":null},{"time":0.4333,"name":"Layer 578"},{"time":0.5667,"name":null},{"time":0.6667,"name":"Layer 578"}]},"xoay2":{"color":[{"time":0,"color":"ffffff00"},{"time":0.1667,"color":"ffffff87"},{"time":0.3333,"color":"ffffff00"},{"time":0.5,"color":"ffffff87"},{"time":0.6667,"color":"ffffff00"}]}},"bones":{"bone2":{"translate":[{"time":0,"x":0,"y":0},{"time":0.3333,"x":6.06,"y":0.07},{"time":0.6667,"x":0,"y":0}]},"bone":{"scale":[{"time":0,"x":1,"y":1},{"time":0.3333,"x":1.142,"y":1.142},{"time":0.6667,"x":1,"y":1}]}}}}},[0]]],0,0,[0],[-1],[0]]
