[1,["87Ag19NTtLSJCG7DVU7lTJ"],0,[["sp.SkeletonData",["_name","_atlasText","textureNames","_skeletonJson","textures"],-1,3]],[[0,0,1,2,3,4,5]],[[0,"skeleton","\nskeleton.png\nsize: 344,144\nformat: RGBA8888\nfilter: Linear,Linear\nrepeat: none\nA_1\n  rotate: false\n  xy: 306, 84\n  size: 35, 57\n  orig: 35, 57\n  offset: 0, 0\n  index: -1\nA_2\n  rotate: false\n  xy: 266, 84\n  size: 38, 57\n  orig: 38, 57\n  offset: 0, 0\n  index: -1\nA_3\n  rotate: false\n  xy: 266, 24\n  size: 37, 58\n  orig: 37, 58\n  offset: 0, 0\n  index: -1\nlight\n  rotate: false\n  xy: 178, 2\n  size: 86, 139\n  orig: 86, 139\n  offset: 0, 0\n  index: -1\nmac\n  rotate: false\n  xy: 2, 63\n  size: 174, 78\n  orig: 174, 78\n  offset: 0, 0\n  index: -1\nmini poker\n  rotate: false\n  xy: 2, 26\n  size: 142, 35\n  orig: 142, 35\n  offset: 0, 0\n  index: -1\nsti\n  rotate: false\n  xy: 305, 32\n  size: 27, 50\n  orig: 27, 50\n  offset: 0, 0\n  index: -1\n",["skeleton.png"],{"skeleton":{"hash":"JISQ1+hpR3aQCrgO37ivvxNxsFI","spine":"3.7.94","width":150.41,"height":97.45,"images":"","audio":""},"bones":[{"name":"root","scaleX":0.8,"scaleY":0.8},{"name":"mac","parent":"root","length":117.53,"rotation":2.16,"x":-57.31,"y":-7.14,"color":"ff0000ff"},{"name":"A1","parent":"mac","length":17.74,"rotation":89.63,"x":10.52,"y":-0.4,"color":"fd00ffff"},{"name":"A2","parent":"mac","length":22.74,"rotation":90.63,"x":52.45,"y":-5.86,"color":"001fffff"},{"name":"A3","parent":"mac","length":19.97,"rotation":84.66,"x":99.16,"y":-2.08,"color":"00eeffff"},{"name":"mini","parent":"root","length":120.79,"rotation":1.05,"x":-61.74,"y":-38.16,"color":"fffc00ff"},{"name":"sti","parent":"mac","length":45.2,"rotation":68.52,"x":136.49,"y":17.58,"color":"24ff00ff"},{"name":"light","parent":"root","x":147.12,"y":9.48,"color":"9eff00ff"}],"slots":[{"name":"mac","bone":"mac","attachment":"mac"},{"name":"sti","bone":"sti","attachment":"sti"},{"name":"A_1","bone":"A1","attachment":"A_1"},{"name":"A_2","bone":"A2","attachment":"A_2"},{"name":"A_3","bone":"A3","attachment":"A_3"},{"name":"mini poker","bone":"mini","attachment":"mini poker"},{"name":"clip","bone":"mac","attachment":"clip"},{"name":"light","bone":"light","color":"ffffff53","attachment":"light","blend":"screen"},{"name":"mini poker2","bone":"mini","attachment":"mini poker"}],"skins":{"default":{"A_1":{"A_1":{"type":"mesh","hull":4,"width":35,"height":57,"uvs":[1,1,0,1,0,0,1,0],"triangles":[1,2,3,1,3,0],"vertices":[-23.98,-18.47,-22.89,16.51,34.08,14.73,32.99,-20.25],"edges":[0,2,2,4,4,6,0,6]}},"A_2":{"A_2":{"type":"mesh","hull":4,"width":38,"height":57,"uvs":[1,1,0,1,0,0,1,0],"triangles":[1,2,3,1,3,0],"vertices":[-20.58,-21.44,-18.73,16.52,38.2,13.74,36.35,-24.21],"edges":[0,2,2,4,4,6,0,6]}},"A_3":{"A_3":{"type":"mesh","hull":4,"width":37,"height":58,"uvs":[1,1,0,1,0,0,1,0],"triangles":[1,2,3,1,3,0],"vertices":[-25.27,-22.47,-27.32,14.47,30.59,17.69,32.64,-19.25],"edges":[0,2,2,4,4,6,0,6]}},"clip":{"clip":{"type":"clipping","vertexCount":22,"color":"ce3a3aff","vertices":[144.25,18.36,143.21,26.51,139.77,34.09,127.6,34.21,123.44,40.45,-7.62,45.06,-10.2,39.41,-20.68,39.8,-26.35,32.91,-30.16,12.42,-29.95,0.24,-28.72,-11.98,-25.7,-21.57,-22.84,-26.41,-14.07,-27.08,-10.53,-31.95,123.24,-36.66,126.12,-32.03,134.55,-32.69,139.79,-28.15,142.6,-16.42,145.25,0.06]}},"light":{"light":{"type":"mesh","hull":4,"width":86,"height":139,"uvs":[1,1,0,1,0,0,1,0],"triangles":[1,2,3,1,3,0],"vertices":[50.55,-51.33,-35.45,-51.33,-35.45,87.67,50.55,87.67],"edges":[0,2,2,4,4,6,0,6]}},"mac":{"mac":{"type":"mesh","hull":4,"width":174,"height":78,"uvs":[1,1,0,1,0,0,1,0],"triangles":[1,2,3,1,3,0],"vertices":[143.01,-37.28,-30.87,-30.72,-27.93,47.23,145.95,40.66],"edges":[0,2,2,4,4,6,0,6]}},"mini poker":{"mini poker":{"type":"mesh","hull":4,"width":142,"height":35,"uvs":[1,1,0,1,0,0,1,0],"triangles":[1,2,3,1,3,0],"vertices":[132.37,-21.78,-9.61,-19.18,-8.97,15.82,133.01,13.21],"edges":[0,2,2,4,4,6,0,6]}},"mini poker2":{"mini poker":{"type":"mesh","hull":4,"width":142,"height":35,"uvs":[1,1,0,1,0,0,1,0],"triangles":[1,2,3,1,3,0],"vertices":[132.37,-21.78,-9.61,-19.18,-8.97,15.82,133.01,13.21],"edges":[0,2,2,4,4,6,0,6]}},"sti":{"sti":{"type":"mesh","hull":13,"width":27,"height":50,"uvs":[0.96876,0.04423,0.87102,0,0.44247,0,0.29962,0.10107,0.27706,0.25941,0.40487,0.36497,0,0.87652,0,1,0.30713,1,0.6605,0.38527,0.85598,0.36903,1,0.30813,1,0.14979],"triangles":[12,1,0,5,3,2,4,3,5,1,9,2,12,10,1,11,10,12,9,5,2,1,10,9,8,7,6,5,8,6,8,5,9],"vertices":[51.01,-5.07,52.23,-1.85,48.4,9.07,42.35,11.03,34.68,8.99,30.84,3.99,3.09,5.84,-2.74,3.8,0.01,-4.03,32.17,-2.86,34.68,-7.58,38.84,-10.24,46.31,-7.62],"edges":[0,2,2,4,4,6,6,8,8,10,10,12,12,14,14,16,16,18,18,20,20,22,22,24,0,24]}}}},"animations":{"animation":{"slots":{"light":{"attachment":[{"time":1.4667,"name":null},{"time":1.8333,"name":"light"}]}},"bones":{"mac":{"rotate":[{"time":0,"angle":0},{"time":0.3333,"angle":-3.98,"curve":"stepped"},{"time":1.5,"angle":-3.98},{"time":1.8333,"angle":0}],"translate":[{"time":0,"x":0,"y":0},{"time":0.3333,"x":-13.3,"y":13.85,"curve":"stepped"},{"time":1.5,"x":-13.3,"y":13.85},{"time":1.8333,"x":0,"y":0}],"scale":[{"time":0,"x":1,"y":1},{"time":0.3333,"x":1.102,"y":1.102,"curve":"stepped"},{"time":1.5,"x":1.102,"y":1.102},{"time":1.8333,"x":1,"y":1}]},"mini":{"translate":[{"time":0,"x":0,"y":0},{"time":0.3333,"x":-17,"y":0.61},{"time":0.5,"x":-14.57,"y":0.61},{"time":0.6667,"x":-17,"y":0.61},{"time":0.8333,"x":-14.57,"y":0.61},{"time":1,"x":-17,"y":0.61},{"time":1.1667,"x":-14.57,"y":0.61},{"time":1.3333,"x":-17,"y":0.61,"curve":"stepped"},{"time":1.5,"x":-17,"y":0.61},{"time":1.8333,"x":0,"y":0}],"scale":[{"time":0,"x":1,"y":1},{"time":0.3333,"x":1.287,"y":1.287},{"time":0.5,"x":1.185,"y":1.185},{"time":0.6667,"x":1.287,"y":1.287},{"time":0.8333,"x":1.185,"y":1.185},{"time":1,"x":1.287,"y":1.287},{"time":1.1667,"x":1.185,"y":1.185},{"time":1.3333,"x":1.287,"y":1.287,"curve":"stepped"},{"time":1.5,"x":1.287,"y":1.287},{"time":1.8333,"x":1,"y":1}]},"light":{"translate":[{"time":0.8333,"x":0,"y":0},{"time":1.4667,"x":-282.25,"y":-78.3},{"time":1.5,"x":0,"y":0}]},"sti":{"rotate":[{"time":0.3333,"angle":0},{"time":0.6667,"angle":-124.61},{"time":1,"angle":0}],"translate":[{"time":0.3333,"x":0,"y":0},{"time":0.6667,"x":-0.14,"y":-30.31},{"time":1,"x":0,"y":0}]},"A1":{"rotate":[{"time":0.6667,"angle":0},{"time":0.8333,"angle":5.81,"curve":"stepped"},{"time":1.1667,"angle":5.81},{"time":1.3333,"angle":0}],"translate":[{"time":0.6667,"x":0,"y":0},{"time":0.8333,"x":-3.49,"y":5.95,"curve":"stepped"},{"time":1.1667,"x":-3.49,"y":5.95},{"time":1.3333,"x":0,"y":0}],"scale":[{"time":0.6667,"x":1,"y":1},{"time":0.8333,"x":1.228,"y":1.228,"curve":"stepped"},{"time":1.1667,"x":1.228,"y":1.228},{"time":1.3333,"x":1,"y":1}]},"A2":{"translate":[{"time":0.6667,"x":0,"y":0},{"time":0.8333,"x":-0.19,"y":6.06,"curve":"stepped"},{"time":1.1667,"x":-0.19,"y":6.06},{"time":1.3333,"x":0,"y":0}],"scale":[{"time":0.6667,"x":1,"y":1},{"time":0.8333,"x":1.219,"y":1.219,"curve":"stepped"},{"time":1.1667,"x":1.219,"y":1.219},{"time":1.3333,"x":1,"y":1}]},"A3":{"rotate":[{"time":0.6667,"angle":0},{"time":0.8333,"angle":-6.85,"curve":"stepped"},{"time":1.1667,"angle":-6.85},{"time":1.3333,"angle":0}],"translate":[{"time":0.6667,"x":0,"y":0},{"time":0.8333,"x":2.51,"y":7.79,"curve":"stepped"},{"time":1.1667,"x":2.51,"y":7.79},{"time":1.3333,"x":0,"y":0}],"scale":[{"time":0.6667,"x":1,"y":1},{"time":0.8333,"x":1.209,"y":1.209,"curve":"stepped"},{"time":1.1667,"x":1.209,"y":1.209},{"time":1.3333,"x":1,"y":1}]}}}}},[0]]],0,0,[0],[-1],[0]]
