[1,["a9BDwOum9C1qUKZXN3Yy0h"],0,[["sp.SkeletonData",["_name","_atlasText","textureNames","_skeletonJson","textures"],-1,3]],[[0,0,1,2,3,4,5]],[[0,"skeleton","\nskeleton.png\nsize: 256,128\nformat: RGBA8888\nfilter: Linear,Linear\nrepeat: none\n1\n  rotate: true\n  xy: 2, 62\n  size: 63, 224\n  orig: 63, 224\n  offset: 0, 0\n  index: -1\n2\n  rotate: true\n  xy: 2, 2\n  size: 58, 115\n  orig: 58, 115\n  offset: 0, 0\n  index: -1\n3\n  rotate: false\n  xy: 119, 3\n  size: 57, 57\n  orig: 57, 57\n  offset: 0, 0\n  index: -1\n",["skeleton.png"],{"skeleton":{"hash":"sLk61ne3VJLHTzswNqYTRR+izm0","spine":"3.7.94","width":106.93,"height":308.18,"images":"../ANIMATION_MINIPOKER/","audio":""},"bones":[{"name":"root"},{"name":"bone","parent":"root","length":114.38,"rotation":68.45,"x":-0.43,"y":48.88,"scaleX":1.028,"color":"ff0000ff"},{"name":"bone2","parent":"root","rotation":68.45,"x":46.06,"y":166.44,"color":"0095ffff"}],"slots":[{"name":"1","bone":"root","attachment":"1"},{"name":"2","bone":"bone","attachment":"2"},{"name":"3","bone":"bone2","attachment":"3"}],"skins":{"default":{"1":{"1":{"type":"mesh","hull":4,"width":63,"height":224,"uvs":[1,1,0,1,0,0,1,0],"triangles":[1,2,3,1,3,0],"vertices":[32,-112,-31,-112,-31,112,32,112],"edges":[0,2,2,4,4,6,0,6]}},"2":{"2":{"type":"mesh","hull":15,"width":58,"height":115,"uvs":[1,0,0.72028,0,0.64228,0.10122,0.51628,0.23134,0.37828,0.40685,0.21628,0.6096,0.09628,0.75182,0,0.83958,0,0.9697,0.17428,1,0.38428,1,0.48628,0.94852,0.54628,0.83656,0.75094,0.50122,1,0.10587],"triangles":[1,0,14,14,2,1,13,2,14,3,2,13,4,3,13,12,4,13,5,4,12,12,10,5,10,6,5,9,8,7,6,9,7,6,10,9,10,12,11],"vertices":[120.98,-4.05,115.02,11.04,102.53,10.98,85.93,12.28,64.22,12.31,39.08,12.48,21.31,12.95,9.87,14.43,-4.05,8.93,-3.57,-1.75,0.9,-13.07,8.58,-16.4,21.84,-14.91,62.06,-11.78,109.66,-8.52],"edges":[0,2,2,4,4,6,6,8,8,10,10,12,12,14,14,16,16,18,18,20,20,22,22,24,24,26,26,28,0,28]}},"3":{"3":{"type":"mesh","hull":4,"width":57,"height":57,"uvs":[1,1,0,1,0,0,1,0],"triangles":[1,2,3,1,3,0],"vertices":[-14.38,-37.8,-35.32,15.21,17.69,36.15,38.63,-16.86],"edges":[0,2,2,4,4,6,0,6]}}}},"animations":{"animation":{"bones":{"bone":{"rotate":[{"time":0,"angle":0},{"time":0.1667,"angle":-126.26},{"time":0.3333,"angle":0}],"translate":[{"time":0,"x":0,"y":0},{"time":0.1,"x":7.08,"y":-48.14},{"time":0.1667,"x":2.83,"y":-96.29},{"time":0.2667,"x":7.08,"y":-48.14},{"time":0.3333,"x":0,"y":0}],"scale":[{"time":0,"x":1,"y":1},{"time":0.1,"x":0.842,"y":1},{"time":0.2667,"x":0.843,"y":1},{"time":0.3333,"x":1,"y":1}]},"bone2":{"rotate":[{"time":0,"angle":0},{"time":0.1667,"angle":-110.19},{"time":0.3333,"angle":0}],"translate":[{"time":0,"x":0,"y":0},{"time":0.0333,"x":30.21,"y":-66.27},{"time":0.0667,"x":39.65,"y":-128.86},{"time":0.1,"x":45.88,"y":-188.14},{"time":0.1333,"x":29.55,"y":-240.86},{"time":0.1667,"x":7.55,"y":-297.36},{"time":0.2,"x":35.12,"y":-243.55},{"time":0.2333,"x":43.66,"y":-186.2},{"time":0.2667,"x":35.26,"y":-131.55},{"time":0.3,"x":27.07,"y":-70.49},{"time":0.3333,"x":0,"y":0}]}}}}},[0]]],0,0,[0],[-1],[0]]
