[1,["1f65c7f35@6c48a"],["_textureSource"],["cc.SpriteFrame","cc.ImageAsset","cc.Texture2D"],0,[[[{"name":"avatar_03","rect":{"x":388,"y":773,"width":186,"height":185},"offset":{"x":0,"y":1},"originalSize":{"width":188,"height":187},"rotated":true,"capInsets":[0,0,0,0],"texture":"1f65c7f35@6c48a","packable":true}],[0],0,[0],[0],[0]],[[{"name":"avatar_22","rect":{"x":196,"y":582,"width":186,"height":186},"offset":{"x":1,"y":0.5},"originalSize":{"width":188,"height":187},"rotated":false,"capInsets":[0,0,0,0],"texture":"1f65c7f35@6c48a","packable":true}],[0],0,[0],[0],[0]],[[{"name":"avatar_29","rect":{"x":388,"y":580,"width":187,"height":185},"offset":{"x":0.5,"y":0},"originalSize":{"width":188,"height":187},"rotated":true,"capInsets":[0,0,0,0],"texture":"1f65c7f35@6c48a","packable":true}],[0],0,[0],[0],[0]],[[{"name":"lb_icon_thongbao_202","rect":{"x":962,"y":580,"width":59,"height":74},"offset":{"x":0,"y":1},"originalSize":{"width":83,"height":80},"rotated":false,"capInsets":[0,0,0,0],"texture":"1f65c7f35@6c48a","packable":true}],[0],0,[0],[0],[0]],[[{"fmt":"0","w":1024,"h":1024}],[1],0,[],[],[]],[[{"base":"2,2,0,0,0,1","mipmaps":["1f65c7f35"]}],[2],0,[],[],[]],[[{"name":"avatar_32","rect":{"x":196,"y":774,"width":186,"height":186},"offset":{"x":0,"y":0.5},"originalSize":{"width":188,"height":187},"rotated":false,"capInsets":[0,0,0,0],"texture":"1f65c7f35@6c48a","packable":true}],[0],0,[0],[0],[0]],[[{"name":"tx_btn_support","rect":{"x":962,"y":932,"width":58,"height":58},"offset":{"x":0,"y":0},"originalSize":{"width":58,"height":58},"rotated":false,"capInsets":[0,0,0,0],"texture":"1f65c7f35@6c48a","packable":true}],[0],0,[0],[0],[0]],[[{"name":"tophu_icon_218","rect":{"x":962,"y":660,"width":62,"height":58},"offset":{"x":0,"y":0},"originalSize":{"width":62,"height":58},"rotated":true,"capInsets":[0,0,0,0],"texture":"1f65c7f35@6c48a","packable":true}],[0],0,[0],[0],[0]],[[{"name":"tps_btnmoney_active","rect":{"x":964,"y":360,"width":75,"height":56},"offset":{"x":0,"y":0},"originalSize":{"width":75,"height":56},"rotated":true,"capInsets":[0,0,0,0],"texture":"1f65c7f35@6c48a","packable":true}],[0],0,[0],[0],[0]],[[{"name":"mng_timebg","rect":{"x":248,"y":966,"width":55,"height":56},"offset":{"x":0,"y":0},"originalSize":{"width":55,"height":56},"rotated":true,"capInsets":[0,0,0,0],"texture":"1f65c7f35@6c48a","packable":true}],[0],0,[0],[0],[0]],[[{"name":"tx_btn_thongke","rect":{"x":770,"y":962,"width":58,"height":58},"offset":{"x":0,"y":0},"originalSize":{"width":58,"height":58},"rotated":false,"capInsets":[0,0,0,0],"texture":"1f65c7f35@6c48a","packable":true}],[0],0,[0],[0],[0]],[[{"name":"tx_btn_history","rect":{"x":834,"y":962,"width":58,"height":58},"offset":{"x":0,"y":0},"originalSize":{"width":58,"height":58},"rotated":false,"capInsets":[0,0,0,0],"texture":"1f65c7f35@6c48a","packable":true}],[0],0,[0],[0],[0]],[[{"name":"avatar_12","rect":{"x":3,"y":3,"width":187,"height":187},"offset":{"x":0.5,"y":0},"originalSize":{"width":188,"height":187},"rotated":false,"capInsets":[0,0,0,0],"texture":"1f65c7f35@6c48a","packable":true}],[0],0,[0],[0],[0]],[[{"name":"ct_muc_cuoc","rect":{"x":964,"y":196,"width":76,"height":56},"offset":{"x":0,"y":0},"originalSize":{"width":76,"height":56},"rotated":true,"capInsets":[17,15,17,15],"texture":"1f65c7f35@6c48a","packable":true}],[0],0,[0],[0],[0]],[[{"name":"tx_btn_soicau","rect":{"x":898,"y":962,"width":58,"height":58},"offset":{"x":0,"y":0},"originalSize":{"width":58,"height":58},"rotated":false,"capInsets":[0,0,0,0],"texture":"1f65c7f35@6c48a","packable":true}],[0],0,[0],[0],[0]],[[{"name":"avatar_27","rect":{"x":3,"y":196,"width":187,"height":187},"offset":{"x":-0.5,"y":0},"originalSize":{"width":188,"height":187},"rotated":false,"capInsets":[0,0,0,0],"texture":"1f65c7f35@6c48a","packable":true}],[0],0,[0],[0],[0]],[[{"name":"tps_btnmoney_inactive","rect":{"x":964,"y":278,"width":76,"height":56},"offset":{"x":0,"y":0},"originalSize":{"width":76,"height":56},"rotated":true,"capInsets":[0,0,0,0],"texture":"1f65c7f35@6c48a","packable":true}],[0],0,[0],[0],[0]],[[{"name":"avatar_08","rect":{"x":579,"y":580,"width":186,"height":185},"offset":{"x":0,"y":-1},"originalSize":{"width":188,"height":187},"rotated":true,"capInsets":[0,0,0,0],"texture":"1f65c7f35@6c48a","packable":true}],[0],0,[0],[0],[0]],[[{"name":"wifi-3","rect":{"x":187,"y":968,"width":55,"height":48},"offset":{"x":0,"y":0},"originalSize":{"width":59,"height":52},"rotated":false,"capInsets":[0,0,0,0],"texture":"1f65c7f35@6c48a","packable":true}],[0],0,[0],[0],[0]],[[{"name":"avatar_14","rect":{"x":388,"y":196,"width":186,"height":186},"offset":{"x":0,"y":0.5},"originalSize":{"width":188,"height":187},"rotated":false,"capInsets":[0,0,0,0],"texture":"1f65c7f35@6c48a","packable":true}],[0],0,[0],[0],[0]],[[{"name":"avatar_20","rect":{"x":580,"y":196,"width":186,"height":186},"offset":{"x":0,"y":0.5},"originalSize":{"width":188,"height":187},"rotated":false,"capInsets":[0,0,0,0],"texture":"1f65c7f35@6c48a","packable":true}],[0],0,[0],[0],[0]],[[{"name":"avatar_17","rect":{"x":3,"y":389,"width":187,"height":187},"offset":{"x":0.5,"y":0},"originalSize":{"width":188,"height":187},"rotated":false,"capInsets":[0,0,0,0],"texture":"1f65c7f35@6c48a","packable":true}],[0],0,[0],[0],[0]],[[{"name":"avatar_18","rect":{"x":3,"y":582,"width":187,"height":187},"offset":{"x":0.5,"y":0},"originalSize":{"width":188,"height":187},"rotated":false,"capInsets":[0,0,0,0],"texture":"1f65c7f35@6c48a","packable":true}],[0],0,[0],[0],[0]],[[{"name":"avatar_10","rect":{"x":772,"y":196,"width":186,"height":186},"offset":{"x":0,"y":0.5},"originalSize":{"width":188,"height":187},"rotated":false,"capInsets":[0,0,0,0],"texture":"1f65c7f35@6c48a","packable":true}],[0],0,[0],[0],[0]],[[{"name":"avatar_13","rect":{"x":579,"y":772,"width":185,"height":186},"offset":{"x":-0.5,"y":-0.5},"originalSize":{"width":188,"height":187},"rotated":false,"capInsets":[0,0,0,0],"texture":"1f65c7f35@6c48a","packable":true}],[0],0,[0],[0],[0]],[[{"name":"avatar_16","rect":{"x":3,"y":775,"width":187,"height":187},"offset":{"x":0.5,"y":0},"originalSize":{"width":188,"height":187},"rotated":false,"capInsets":[0,0,0,0],"texture":"1f65c7f35@6c48a","packable":true}],[0],0,[0],[0],[0]],[[{"name":"lb_khung_ava","rect":{"x":388,"y":388,"width":186,"height":186},"offset":{"x":0,"y":0.5},"originalSize":{"width":188,"height":187},"rotated":false,"capInsets":[0,0,0,0],"texture":"1f65c7f35@6c48a","packable":true}],[0],0,[0],[0],[0]],[[{"name":"avatar_30","rect":{"x":770,"y":580,"width":186,"height":185},"offset":{"x":0,"y":0},"originalSize":{"width":188,"height":187},"rotated":false,"capInsets":[0,0,0,0],"texture":"1f65c7f35@6c48a","packable":true}],[0],0,[0],[0],[0]],[[{"name":"tophu_icon_205","rect":{"x":962,"y":728,"width":62,"height":58},"offset":{"x":0,"y":0},"originalSize":{"width":62,"height":58},"rotated":true,"capInsets":[0,0,0,0],"texture":"1f65c7f35@6c48a","packable":true}],[0],0,[0],[0],[0]],[[{"name":"avatar_09","rect":{"x":248,"y":3,"width":187,"height":187},"offset":{"x":-0.5,"y":0},"originalSize":{"width":188,"height":187},"rotated":false,"capInsets":[0,0,0,0],"texture":"1f65c7f35@6c48a","packable":true}],[0],0,[0],[0],[0]],[[{"name":"avatar_05","rect":{"x":580,"y":388,"width":186,"height":186},"offset":{"x":0,"y":-0.5},"originalSize":{"width":188,"height":187},"rotated":false,"capInsets":[0,0,0,0],"texture":"1f65c7f35@6c48a","packable":true}],[0],0,[0],[0],[0]],[[{"name":"avatar_06","rect":{"x":196,"y":196,"width":186,"height":187},"offset":{"x":0,"y":0},"originalSize":{"width":188,"height":187},"rotated":false,"capInsets":[0,0,0,0],"texture":"1f65c7f35@6c48a","packable":true}],[0],0,[0],[0],[0]],[[{"name":"avatar_26","rect":{"x":441,"y":3,"width":187,"height":187},"offset":{"x":0.5,"y":0},"originalSize":{"width":188,"height":187},"rotated":false,"capInsets":[0,0,0,0],"texture":"1f65c7f35@6c48a","packable":true}],[0],0,[0],[0],[0]],[[{"name":"avatar_28","rect":{"x":634,"y":3,"width":187,"height":187},"offset":{"x":-0.5,"y":0},"originalSize":{"width":188,"height":187},"rotated":false,"capInsets":[0,0,0,0],"texture":"1f65c7f35@6c48a","packable":true}],[0],0,[0],[0],[0]],[[{"name":"btn_lsgd","rect":{"x":127,"y":968,"width":49,"height":54},"offset":{"x":0,"y":0},"originalSize":{"width":49,"height":54},"rotated":true,"capInsets":[0,0,0,0],"texture":"1f65c7f35@6c48a","packable":true}],[0],0,[0],[0],[0]],[[{"name":"wifi-2","rect":{"x":310,"y":966,"width":55,"height":48},"offset":{"x":0,"y":0},"originalSize":{"width":59,"height":52},"rotated":true,"capInsets":[0,0,0,0],"texture":"1f65c7f35@6c48a","packable":true}],[0],0,[0],[0],[0]],[[{"name":"tps_btn_rank","rect":{"x":3,"y":968,"width":53,"height":56},"offset":{"x":0,"y":0},"originalSize":{"width":53,"height":56},"rotated":true,"capInsets":[0,0,0,0],"texture":"1f65c7f35@6c48a","packable":true}],[0],0,[0],[0],[0]],[[{"name":"tps_btn_support","rect":{"x":65,"y":968,"width":53,"height":56},"offset":{"x":0,"y":0},"originalSize":{"width":53,"height":56},"rotated":true,"capInsets":[0,0,0,0],"texture":"1f65c7f35@6c48a","packable":true}],[0],0,[0],[0],[0]],[[{"name":"tophu_icon_204","rect":{"x":962,"y":796,"width":62,"height":58},"offset":{"x":0,"y":0},"originalSize":{"width":62,"height":58},"rotated":true,"capInsets":[0,0,0,0],"texture":"1f65c7f35@6c48a","packable":true}],[0],0,[0],[0],[0]],[[{"name":"avatar_11","rect":{"x":770,"y":771,"width":185,"height":186},"offset":{"x":-0.5,"y":0.5},"originalSize":{"width":188,"height":187},"rotated":true,"capInsets":[0,0,0,0],"texture":"1f65c7f35@6c48a","packable":true}],[0],0,[0],[0],[0]],[[{"name":"ct_chon_cuoc","rect":{"x":964,"y":441,"width":75,"height":56},"offset":{"x":0,"y":0},"originalSize":{"width":75,"height":56},"rotated":true,"capInsets":[0,0,0,0],"texture":"1f65c7f35@6c48a","packable":true}],[0],0,[0],[0],[0]],[[{"name":"bt_page_prev_2","rect":{"x":196,"y":3,"width":46,"height":46},"offset":{"x":0,"y":0},"originalSize":{"width":46,"height":46},"rotated":false,"capInsets":[0,0,0,0],"texture":"1f65c7f35@6c48a","packable":true}],[0],0,[0],[0],[0]],[[{"name":"avatar_07","rect":{"x":772,"y":388,"width":186,"height":186},"offset":{"x":0,"y":-0.5},"originalSize":{"width":188,"height":187},"rotated":false,"capInsets":[0,0,0,0],"texture":"1f65c7f35@6c48a","packable":true}],[0],0,[0],[0],[0]],[[{"name":"tophu_icon_217","rect":{"x":962,"y":864,"width":62,"height":58},"offset":{"x":0,"y":0},"originalSize":{"width":62,"height":58},"rotated":true,"capInsets":[0,0,0,0],"texture":"1f65c7f35@6c48a","packable":true}],[0],0,[0],[0],[0]],[[{"name":"avatar_04","rect":{"x":196,"y":389,"width":186,"height":187},"offset":{"x":0,"y":0},"originalSize":{"width":188,"height":187},"rotated":false,"capInsets":[0,0,0,0],"texture":"1f65c7f35@6c48a","packable":true}],[0],0,[0],[0],[0]],[[{"name":"avatar_23","rect":{"x":827,"y":3,"width":187,"height":187},"offset":{"x":0.5,"y":0},"originalSize":{"width":188,"height":187},"rotated":false,"capInsets":[0,0,0,0],"texture":"1f65c7f35@6c48a","packable":true}],[0],0,[0],[0],[0]]]]
