[1,["117fb13e1@6c48a"],["_textureSource"],["cc.SpriteFrame","cc.ImageAsset","cc.Texture2D"],0,[[[{"name":"Card_5B_blur","rect":{"x":129,"y":911,"width":110,"height":161},"offset":{"x":0,"y":0},"originalSize":{"width":114,"height":161},"rotated":true,"capInsets":[0,0,0,0],"texture":"117fb13e1@6c48a","packable":true}],[0],0,[0],[0],[0]],[[{"name":"Card_7R_blur","rect":{"x":296,"y":911,"width":110,"height":161},"offset":{"x":0,"y":0},"originalSize":{"width":114,"height":161},"rotated":true,"capInsets":[0,0,0,0],"texture":"117fb13e1@6c48a","packable":true}],[0],0,[0],[0],[0]],[[{"name":"Card_9R_blur","rect":{"x":463,"y":911,"width":110,"height":161},"offset":{"x":1,"y":0},"originalSize":{"width":114,"height":161},"rotated":true,"capInsets":[0,0,0,0],"texture":"117fb13e1@6c48a","packable":true}],[0],0,[0],[0],[0]],[[{"fmt":"0","w":1024,"h":1024}],[1],0,[],[],[]],[[{"base":"2,2,0,0,0,1","mipmaps":["117fb13e1"]}],[2],0,[],[],[]],[[{"name":"ct_bg","rect":{"x":3,"y":3,"width":728,"height":408},"offset":{"x":0,"y":0},"originalSize":{"width":728,"height":408},"rotated":false,"capInsets":[0,0,0,0],"texture":"117fb13e1@6c48a","packable":true}],[0],0,[0],[0],[0]],[[{"name":"tx_bg_jackpot","rect":{"x":729,"y":465,"width":290,"height":78},"offset":{"x":0,"y":0},"originalSize":{"width":290,"height":78},"rotated":false,"capInsets":[0,0,0,0],"texture":"117fb13e1@6c48a","packable":true}],[0],0,[0],[0],[0]],[[{"name":"logo_bg_jackpot","rect":{"x":729,"y":759,"width":260,"height":52},"offset":{"x":0,"y":0},"originalSize":{"width":260,"height":52},"rotated":true,"capInsets":[0,0,0,0],"texture":"117fb13e1@6c48a","packable":true}],[0],0,[0],[0],[0]],[[{"name":"avatar_01","rect":{"x":787,"y":835,"width":187,"height":186},"offset":{"x":0.5,"y":-0.5},"originalSize":{"width":188,"height":187},"rotated":false,"capInsets":[0,0,0,0],"texture":"117fb13e1@6c48a","packable":true}],[0],0,[0],[0],[0]],[[{"name":"lb_table_bg_3_3","rect":{"x":737,"y":3,"width":283,"height":148},"offset":{"x":0.5,"y":0},"originalSize":{"width":286,"height":152},"rotated":false,"capInsets":[0,0,0,0],"texture":"117fb13e1@6c48a","packable":true}],[0],0,[0],[0],[0]],[[{"name":"icon_vang_small","rect":{"x":980,"y":835,"width":41,"height":44},"offset":{"x":0,"y":0},"originalSize":{"width":41,"height":44},"rotated":false,"capInsets":[0,0,0,0],"texture":"117fb13e1@6c48a","packable":true}],[0],0,[0],[0],[0]],[[{"name":"lb_table_bg_3_1","rect":{"x":737,"y":311,"width":280,"height":148},"offset":{"x":0.5,"y":0},"originalSize":{"width":283,"height":150},"rotated":false,"capInsets":[0,0,0,0],"texture":"117fb13e1@6c48a","packable":true}],[0],0,[0],[0],[0]],[[{"name":"tx_bg_tai","rect":{"x":729,"y":549,"width":287,"height":204},"offset":{"x":0,"y":0},"originalSize":{"width":287,"height":204},"rotated":false,"capInsets":[0,0,0,0],"texture":"117fb13e1@6c48a","packable":true}],[0],0,[0],[0],[0]],[[{"name":"lb_khung_settings","rect":{"x":3,"y":417,"width":361,"height":720},"offset":{"x":0,"y":0},"originalSize":{"width":361,"height":720},"rotated":true,"capInsets":[0,0,0,0],"texture":"117fb13e1@6c48a","packable":true}],[0],0,[0],[0],[0]],[[{"name":"lb_table_bg_3_2","rect":{"x":737,"y":157,"width":281,"height":148},"offset":{"x":0,"y":-0.5},"originalSize":{"width":285,"height":151},"rotated":false,"capInsets":[0,0,0,0],"texture":"117fb13e1@6c48a","packable":true}],[0],0,[0],[0],[0]],[[{"name":"lb_list_pointer","rect":{"x":980,"y":935,"width":41,"height":31},"offset":{"x":0,"y":0},"originalSize":{"width":41,"height":31},"rotated":false,"capInsets":[0,0,0,0],"texture":"117fb13e1@6c48a","packable":true}],[0],0,[0],[0],[0]],[[{"name":"btn_hotline2","rect":{"x":630,"y":984,"width":92,"height":35},"offset":{"x":0,"y":0.5},"originalSize":{"width":92,"height":70},"rotated":false,"capInsets":[0,0,0,0],"texture":"117fb13e1@6c48a","packable":true}],[0],0,[0],[0],[0]],[[{"name":"tx_input_money_light_xiu","rect":{"x":3,"y":784,"width":221,"height":57},"offset":{"x":0,"y":0},"originalSize":{"width":221,"height":57},"rotated":true,"capInsets":[0,0,0,0],"texture":"117fb13e1@6c48a","packable":true}],[0],0,[0],[0],[0]],[[{"name":"lb_safe_icon","rect":{"x":980,"y":972,"width":48,"height":39},"offset":{"x":0,"y":0},"originalSize":{"width":48,"height":39},"rotated":true,"capInsets":[0,0,0,0],"texture":"117fb13e1@6c48a","packable":true}],[0],0,[0],[0],[0]],[[{"name":"lb_lsgd_bg","rect":{"x":787,"y":759,"width":229,"height":70},"offset":{"x":0,"y":0},"originalSize":{"width":229,"height":70},"rotated":false,"capInsets":[0,0,0,0],"texture":"117fb13e1@6c48a","packable":true}],[0],0,[0],[0],[0]],[[{"name":"nohu_moneybg_2","rect":{"x":129,"y":784,"width":577,"height":121},"offset":{"x":0,"y":0},"originalSize":{"width":577,"height":121},"rotated":false,"capInsets":[0,0,0,0],"texture":"117fb13e1@6c48a","packable":true}],[0],0,[0],[0],[0]],[[{"name":"tps_btn1_line_16","rect":{"x":630,"y":911,"width":93,"height":67},"offset":{"x":0,"y":0},"originalSize":{"width":93,"height":67},"rotated":false,"capInsets":[0,0,0,0],"texture":"117fb13e1@6c48a","packable":true}],[0],0,[0],[0],[0]],[[{"name":"icon_vang_small","rect":{"x":980,"y":885,"width":41,"height":44},"offset":{"x":0,"y":0},"originalSize":{"width":41,"height":44},"rotated":false,"capInsets":[0,0,0,0],"texture":"117fb13e1@6c48a","packable":true}],[0],0,[0],[0],[0]],[[{"name":"tx_input_money_light_tai","rect":{"x":66,"y":784,"width":221,"height":57},"offset":{"x":0,"y":0},"originalSize":{"width":221,"height":57},"rotated":true,"capInsets":[0,0,0,0],"texture":"117fb13e1@6c48a","packable":true}],[0],0,[0],[0],[0]]]]
