[1,["3dmI2z0PBCCrKukD8damYD"],0,[["sp.SkeletonData",["_name","_atlasText","textureNames","_skeletonJson","textures"],-1,3]],[[0,0,1,2,3,4,5]],[[0,"skeleton","\nskeleton.png\nsize: 1024,1024\nformat: RGBA8888\nfilter: Linear,Linear\nrepeat: none\nbottom\n  rotate: false\n  xy: 2, 852\n  size: 967, 167\n  orig: 967, 167\n  offset: 0, 0\n  index: -1\nlight_ray\n  rotate: true\n  xy: 2, 164\n  size: 169, 366\n  orig: 169, 366\n  offset: 0, 0\n  index: -1\nlight_rou\n  rotate: false\n  xy: 519, 684\n  size: 166, 166\n  orig: 166, 166\n  offset: 0, 0\n  index: -1\nlight_twin\n  rotate: true\n  xy: 971, 967\n  size: 52, 6\n  orig: 52, 6\n  offset: 0, 0\n  index: -1\npar_light\n  rotate: true\n  xy: 2, 104\n  size: 58, 223\n  orig: 58, 223\n  offset: 0, 0\n  index: -1\nrou_mid\n  rotate: false\n  xy: 2, 335\n  size: 515, 515\n  orig: 515, 515\n  offset: 0, 0\n  index: -1\nspark/spark_00000\n  rotate: false\n  xy: 370, 233\n  size: 100, 100\n  orig: 100, 100\n  offset: 0, 0\n  index: -1\nspark/spark_00001\n  rotate: false\n  xy: 519, 582\n  size: 100, 100\n  orig: 100, 100\n  offset: 0, 0\n  index: -1\nspark/spark_00002\n  rotate: false\n  xy: 687, 750\n  size: 100, 100\n  orig: 100, 100\n  offset: 0, 0\n  index: -1\nspark/spark_00003\n  rotate: false\n  xy: 2, 2\n  size: 100, 100\n  orig: 100, 100\n  offset: 0, 0\n  index: -1\nspark/spark_00004\n  rotate: false\n  xy: 519, 480\n  size: 100, 100\n  orig: 100, 100\n  offset: 0, 0\n  index: -1\nspark/spark_00005\n  rotate: false\n  xy: 789, 750\n  size: 100, 100\n  orig: 100, 100\n  offset: 0, 0\n  index: -1\nspark/spark_00006\n  rotate: false\n  xy: 104, 2\n  size: 100, 100\n  orig: 100, 100\n  offset: 0, 0\n  index: -1\nspark/spark_00007\n  rotate: false\n  xy: 519, 378\n  size: 100, 100\n  orig: 100, 100\n  offset: 0, 0\n  index: -1\nspark/spark_00008\n  rotate: false\n  xy: 891, 750\n  size: 100, 100\n  orig: 100, 100\n  offset: 0, 0\n  index: -1\nspark/spark_00009\n  rotate: false\n  xy: 370, 131\n  size: 100, 100\n  orig: 100, 100\n  offset: 0, 0\n  index: -1\nspark/spark_00010\n  rotate: false\n  xy: 621, 582\n  size: 100, 100\n  orig: 100, 100\n  offset: 0, 0\n  index: -1\nspark/spark_00011\n  rotate: false\n  xy: 621, 480\n  size: 100, 100\n  orig: 100, 100\n  offset: 0, 0\n  index: -1\nspark/spark_00012\n  rotate: false\n  xy: 621, 378\n  size: 100, 100\n  orig: 100, 100\n  offset: 0, 0\n  index: -1\nspark/spark_00013\n  rotate: false\n  xy: 227, 62\n  size: 100, 100\n  orig: 100, 100\n  offset: 0, 0\n  index: -1\nspark/spark_00014\n  rotate: false\n  xy: 472, 233\n  size: 100, 100\n  orig: 100, 100\n  offset: 0, 0\n  index: -1\nspark/spark_00015\n  rotate: false\n  xy: 472, 131\n  size: 100, 100\n  orig: 100, 100\n  offset: 0, 0\n  index: -1\nspark/spark_00016\n  rotate: false\n  xy: 574, 276\n  size: 100, 100\n  orig: 100, 100\n  offset: 0, 0\n  index: -1\nspark/spark_00017\n  rotate: false\n  xy: 574, 174\n  size: 100, 100\n  orig: 100, 100\n  offset: 0, 0\n  index: -1\nspark/spark_00018\n  rotate: false\n  xy: 676, 276\n  size: 100, 100\n  orig: 100, 100\n  offset: 0, 0\n  index: -1\nspark/spark_00019\n  rotate: false\n  xy: 676, 174\n  size: 100, 100\n  orig: 100, 100\n  offset: 0, 0\n  index: -1\nspark/spark_00020\n  rotate: false\n  xy: 574, 72\n  size: 100, 100\n  orig: 100, 100\n  offset: 0, 0\n  index: -1\n",["skeleton.png"],{"skeleton":{"hash":"hOv55u5b8hE4qjced/kllsIoQFM","spine":"3.7.94","width":967,"height":545.54,"images":"./LOBBY/","audio":"/Users/homick/Documents/MANCLUB_EXPORT/RES"},"bones":[{"name":"root","x":-3.92,"y":359.08},{"name":"bone","parent":"root","length":249.24,"rotation":179.02,"x":7.3,"y":-464.04,"color":"005fffff"},{"name":"light_ray","parent":"root","length":79.9,"rotation":73.82,"x":-505.87,"y":-314.72,"color":"00ff0aff"},{"name":"light_ray2","parent":"root","length":79.9,"rotation":110.64,"x":518.64,"y":-314.72,"color":"00ff0aff"},{"name":"tw","parent":"root","length":13.08,"rotation":176.63,"x":-0.39,"y":-0.62,"color":"00f8ffff"},{"name":"bone2","parent":"root","x":4.89,"y":-374.91},{"name":"tw2","parent":"root","length":13.08,"rotation":176.63,"x":-0.39,"y":-0.62,"color":"00f8ffff"},{"name":"spark","parent":"root","length":43.56,"rotation":-1.72,"x":-85.48,"y":-252.58,"scaleX":1.115,"scaleY":1.206,"color":"f000ffff"},{"name":"spark2","parent":"root","length":43.56,"rotation":-177.78,"x":89.92,"y":-249.47,"scaleX":1.115,"scaleY":1.206,"color":"f000ffff"},{"name":"light_rou","parent":"root","length":56.73,"rotation":178.75,"x":-60.11,"y":-283.99,"color":"9e00ffff"},{"name":"light_rou2","parent":"root","length":56.73,"rotation":178.75,"x":75.92,"y":-283.99,"color":"9e00ffff"},{"name":"bone3","parent":"root","length":249.24,"rotation":179.02,"x":7.3,"y":-464.04,"color":"005fffff"},{"name":"par","parent":"root","length":148.15,"rotation":1.63,"x":2.2,"y":-275.85,"scaleX":0.953,"scaleY":0.545,"color":"fd0000ff"},{"name":"par2","parent":"root","length":148.15,"rotation":14.2,"x":12.7,"y":-271.07,"scaleX":0.853,"scaleY":0.335,"color":"fd0000ff"},{"name":"par3","parent":"root","length":148.15,"rotation":26.79,"x":12.7,"y":-264.39,"scaleX":0.853,"scaleY":0.335,"color":"fd0000ff"},{"name":"par4","parent":"root","length":148.15,"rotation":156.73,"x":12.7,"y":-264.39,"scaleX":0.853,"scaleY":0.335,"color":"fd0000ff"},{"name":"par5","parent":"root","length":148.15,"rotation":165.41,"x":12.7,"y":-271.07,"scaleX":0.853,"scaleY":0.335,"color":"fd0000ff"},{"name":"par6","parent":"root","length":148.15,"rotation":176.05,"x":2.2,"y":-275.85,"scaleX":0.953,"scaleY":0.545,"color":"fd0000ff"}],"slots":[{"name":"rou_mid","bone":"bone","attachment":"rou_mid"},{"name":"rou_mid2","bone":"bone3","color":"ffffff92","attachment":"rou_mid","blend":"additive"},{"name":"par_light","bone":"par","color":"f7ffad26","attachment":"par_light","blend":"additive"},{"name":"par_light6","bone":"par6","color":"f7ffad26","attachment":"par_light","blend":"additive"},{"name":"par_light2","bone":"par2","color":"f7ffad26","attachment":"par_light","blend":"additive"},{"name":"par_light5","bone":"par5","color":"f7ffad26","attachment":"par_light","blend":"additive"},{"name":"par_light3","bone":"par3","color":"f7ffad26","attachment":"par_light","blend":"additive"},{"name":"par_light4","bone":"par4","color":"f7ffad26","attachment":"par_light","blend":"additive"},{"name":"light_rou","bone":"light_rou","color":"fffda980","attachment":"light_rou","blend":"additive"},{"name":"light_rou2","bone":"light_rou2","color":"fffda980","attachment":"light_rou","blend":"additive"},{"name":"spark/spark_00000","bone":"spark","blend":"additive"},{"name":"spark/spark_1","bone":"spark2","blend":"additive"},{"name":"bottom","bone":"root","attachment":"bottom"},{"name":"clip","bone":"root","attachment":"clip"},{"name":"light_ray","bone":"light_ray","color":"ffe8845c","attachment":"light_ray","blend":"additive"},{"name":"light_ray2","bone":"light_ray2","color":"ffe8845c","attachment":"light_ray","blend":"additive"},{"name":"path","bone":"root","attachment":"path"},{"name":"path2","bone":"root","attachment":"path"},{"name":"light_twin","bone":"tw","color":"fffebc8e","attachment":"light_twin","blend":"additive"},{"name":"light_twin2","bone":"tw2","color":"fffebc8e","attachment":"light_twin","blend":"additive"}],"path":[{"name":"path","order":0,"target":"path","rotation":-4.1,"bones":["tw"]},{"name":"path2","order":1,"target":"path2","bones":["tw2"]}],"skins":{"default":{"bottom":{"bottom":{"type":"mesh","hull":4,"width":967,"height":167,"uvs":[1,1,0,1,0,0,1,0],"triangles":[1,2,3,1,3,0],"vertices":[495.37,-360.05,-471.63,-360.05,-471.63,-193.05,495.37,-193.05],"edges":[0,2,2,4,4,6,0,6]}},"clip":{"clip":{"type":"clipping","vertexCount":104,"color":"ce3a3aff","vertices":[-459.19,-352.19,-446.39,-352.53,-444.66,-345.96,-438.9,-343.46,-440.91,-338.24,-439.91,-331.2,-436.89,-328.59,-433.28,-331.2,-429.66,-336.63,-427.25,-340.25,-424.43,-334.82,-419.61,-331.2,-414.78,-331.2,-410.76,-334.02,-409.96,-338.04,-411.17,-343.66,-415.79,-345.07,-417.4,-342.26,-417,-339.04,-420.41,-338.24,-423.23,-342.06,-422.82,-347.28,-418,-351.5,-407.95,-352.51,-389.06,-352.31,-378.11,-337.87,-365.23,-317.5,-357.74,-305.11,-345.51,-287.5,-336.22,-277.4,-327.26,-271.53,-318.94,-270.39,-299.87,-270.23,-275.17,-270.72,-232.13,-270.44,-197.93,-270.72,-168.86,-270.72,-145.78,-270.72,-122.17,-270.78,-90.2,-270.15,-70.13,-270.36,-40.55,-269.99,-36.73,-262.19,-32.08,-255.88,-25.94,-252.39,-21.79,-252.72,24.03,-252.56,27.51,-251.56,31.99,-253.22,38.63,-258.37,43.23,-265.28,45.6,-270.4,94.44,-270.8,231.01,-271.17,285.73,-271.45,346.67,-271.48,356.12,-274.63,366.27,-283.21,374.85,-295.98,386.05,-314.53,396.55,-329.76,407.75,-346.73,411.77,-351.28,422.34,-351.73,432.83,-351.56,441.26,-351.22,446.07,-347.26,446.07,-341.58,442.98,-339,440.71,-339.56,440.47,-341.43,441.33,-343.38,438.91,-345.56,435.56,-345.17,432.83,-341.04,432.21,-336.91,434.31,-331.52,439.77,-329.89,444.53,-330.28,447.81,-333.32,450.14,-336.83,451.78,-336.44,454.28,-332.38,457.79,-328.79,461.3,-327.23,463.75,-328.78,464.64,-332.17,464.36,-335.83,463.94,-338.79,463.14,-342.13,465.26,-343.45,467.89,-345.14,470.11,-350.11,468.27,-354.29,464.18,-356.12,452.61,-355.96,446.25,-360.2,-425.61,-360.03,-426.64,-355.77,-433.11,-355.77,-438.1,-359.15,-442.81,-358.56,-444.87,-355.18,-458.39,-354.89]}},"light_ray":{"light_ray":{"type":"mesh","hull":4,"width":169,"height":366,"uvs":[1,1,0,1,0,0,1,0],"triangles":[1,2,3,1,3,0],"vertices":[-183.72,-82.35,-181.94,86.65,184.04,82.79,182.26,-86.2],"edges":[0,2,2,4,4,6,0,6]}},"light_ray2":{"light_ray":{"type":"mesh","hull":4,"width":169,"height":366,"uvs":[1,1,0,1,0,0,1,0],"triangles":[1,2,3,1,3,0],"vertices":[-183.72,-82.35,-181.94,86.65,184.04,82.79,182.26,-86.2],"edges":[0,2,2,4,4,6,0,6]}},"light_rou":{"light_rou":{"type":"mesh","hull":4,"width":166,"height":166,"uvs":[1,1,0,1,0,0,1,0],"triangles":[1,2,3,1,3,0],"vertices":[-83.18,78.35,82.78,81.96,86.39,-84.01,-79.57,-87.61],"edges":[0,2,2,4,4,6,0,6]}},"light_rou2":{"light_rou":{"type":"mesh","hull":4,"width":166,"height":166,"uvs":[1,1,0,1,0,0,1,0],"triangles":[1,2,3,1,3,0],"vertices":[-83.18,78.35,82.78,81.96,86.39,-84.01,-79.57,-87.61],"edges":[0,2,2,4,4,6,0,6]}},"light_twin":{"light_twin":{"type":"mesh","hull":4,"width":52,"height":6,"uvs":[1,1,0,1,0,0,1,0],"triangles":[1,2,3,1,3,0],"vertices":[-26.63,2.88,25.28,5.94,25.64,-0.05,-26.28,-3.11],"edges":[0,2,2,4,4,6,0,6]}},"light_twin2":{"light_twin":{"type":"mesh","hull":4,"width":52,"height":6,"uvs":[1,1,0,1,0,0,1,0],"triangles":[1,2,3,1,3,0],"vertices":[-26.63,2.88,25.28,5.94,25.64,-0.05,-26.28,-3.11],"edges":[0,2,2,4,4,6,0,6]}},"par_light":{"par_light":{"type":"mesh","hull":4,"width":58,"height":223,"uvs":[1,1,0,1,0,0,1,0],"triangles":[1,2,3,1,3,0],"vertices":[-13.07,-26.66,-12.45,31.33,210.54,28.96,209.92,-29.04],"edges":[0,2,2,4,4,6,0,6]}},"par_light2":{"par_light":{"type":"mesh","hull":4,"width":58,"height":223,"uvs":[1,1,0,1,0,0,1,0],"triangles":[1,2,3,1,3,0],"vertices":[-13.07,-26.66,-12.45,31.33,210.54,28.96,209.92,-29.04],"edges":[0,2,2,4,4,6,0,6]}},"par_light3":{"par_light":{"type":"mesh","hull":4,"width":58,"height":223,"uvs":[1,1,0,1,0,0,1,0],"triangles":[1,2,3,1,3,0],"vertices":[-13.07,-26.66,-12.45,31.33,210.54,28.96,209.92,-29.04],"edges":[0,2,2,4,4,6,0,6]}},"par_light4":{"par_light":{"type":"mesh","hull":4,"width":58,"height":223,"uvs":[1,1,0,1,0,0,1,0],"triangles":[1,2,3,1,3,0],"vertices":[-13.07,-26.66,-12.45,31.33,210.54,28.96,209.92,-29.04],"edges":[0,2,2,4,4,6,0,6]}},"par_light5":{"par_light":{"type":"mesh","hull":4,"width":58,"height":223,"uvs":[1,1,0,1,0,0,1,0],"triangles":[1,2,3,1,3,0],"vertices":[-13.07,-26.66,-12.45,31.33,210.54,28.96,209.92,-29.04],"edges":[0,2,2,4,4,6,0,6]}},"par_light6":{"par_light":{"type":"mesh","hull":4,"width":58,"height":223,"uvs":[1,1,0,1,0,0,1,0],"triangles":[1,2,3,1,3,0],"vertices":[-13.07,-26.66,-12.45,31.33,210.54,28.96,209.92,-29.04],"edges":[0,2,2,4,4,6,0,6]}},"path":{"path":{"type":"path","closed":true,"vertexCount":63,"lengths":[11.15,32.84,66.27,98.63,126.48,324.55,461.36,474.4,600.94,1482.96,1495.64,1505.94,1512.41,1874.26,1888,1902.78,1945.69,1971.78,1987.45,1994.55,2040.82],"vertices":[-19.48,-255.92,-19.18,-252.45,-18.88,-248.97,-26.38,-254.16,-27.07,-257.59,-27.75,-261.02,-31.2,-276.05,-32,-278.71,-32.8,-281.37,-41.09,-308.29,-42.07,-310.58,-43.06,-312.88,-51.7,-336.25,-54.25,-340.56,-56.8,-344.88,-58.27,-352.25,-77.57,-351.96,-96.88,-351.66,-273.82,-351.78,-275.64,-351.78,-277.47,-351.78,-408.76,-353.41,-412.45,-352.89,-416.15,-352.36,-421.43,-351.57,-423.01,-346.55,-424.6,-341.53,-569.84,-358.58,-425.39,-360.81,-280.94,-363.03,455.91,-360.11,456.63,-360.11,457.34,-360.11,460.2,-349.39,456.48,-348.24,452.77,-347.1,448.19,-348.53,446.33,-348.96,444.47,-349.39,443.04,-351.82,440.61,-351.82,438.18,-351.82,80.94,-351.73,78.76,-351.73,76.57,-351.73,68.93,-350.91,65.65,-348.18,62.38,-345.45,59.92,-344.09,56.65,-336.72,53.37,-329.35,42.19,-298.05,41.55,-296.55,40.91,-295.06,34.06,-273.23,33.52,-271.73,32.99,-270.23,30.53,-258.25,30.85,-256.32,31.17,-254.4,30.49,-251.44,26.65,-252.4,22.81,-253.36]}},"path2":{"path":{"type":"path","closed":true,"vertexCount":63,"lengths":[11.15,32.84,66.27,98.63,126.48,324.55,461.36,474.4,600.94,1482.96,1495.64,1505.94,1512.41,1874.26,1888,1902.78,1945.69,1971.78,1987.45,1994.55,2040.82],"vertices":[-19.48,-255.92,-19.18,-252.45,-18.88,-248.97,-26.38,-254.16,-27.07,-257.59,-27.75,-261.02,-31.2,-276.05,-32,-278.71,-32.8,-281.37,-41.09,-308.29,-42.07,-310.58,-43.06,-312.88,-51.7,-336.25,-54.25,-340.56,-56.8,-344.88,-58.27,-352.25,-77.57,-351.96,-96.88,-351.66,-273.82,-351.78,-275.64,-351.78,-277.47,-351.78,-408.76,-353.41,-412.45,-352.89,-416.15,-352.36,-421.43,-351.57,-423.01,-346.55,-424.6,-341.53,-569.84,-358.58,-425.39,-360.81,-280.94,-363.03,455.91,-360.11,456.63,-360.11,457.34,-360.11,460.2,-349.39,456.48,-348.24,452.77,-347.1,448.19,-348.53,446.33,-348.96,444.47,-349.39,443.04,-351.82,440.61,-351.82,438.18,-351.82,80.94,-351.73,78.76,-351.73,76.57,-351.73,68.93,-350.91,65.65,-348.18,62.38,-345.45,59.92,-344.09,56.65,-336.72,53.37,-329.35,42.19,-298.05,41.55,-296.55,40.91,-295.06,34.06,-273.23,33.52,-271.73,32.99,-270.23,30.53,-258.25,30.85,-256.32,31.17,-254.4,30.49,-251.44,26.65,-252.4,22.81,-253.36]}},"rou_mid":{"rou_mid":{"x":-0.51,"y":-1.3,"rotation":-179.02,"width":515,"height":515}},"rou_mid2":{"rou_mid":{"x":-0.51,"y":-1.3,"rotation":-179.02,"width":515,"height":515}},"spark/spark_00000":{"spark/spark_00000":{"x":-0.23,"y":-1.3,"rotation":-178.36,"width":100,"height":100},"spark/spark_00001":{"x":-0.23,"y":-1.3,"rotation":-178.36,"width":100,"height":100},"spark/spark_00002":{"x":-0.23,"y":-1.3,"rotation":-178.36,"width":100,"height":100},"spark/spark_00003":{"x":-0.23,"y":-1.3,"rotation":-178.36,"width":100,"height":100},"spark/spark_00004":{"x":-0.23,"y":-1.3,"rotation":-178.36,"width":100,"height":100},"spark/spark_00005":{"x":-0.23,"y":-1.3,"rotation":-178.36,"width":100,"height":100},"spark/spark_00006":{"x":-0.23,"y":-1.3,"rotation":-178.36,"width":100,"height":100},"spark/spark_00007":{"x":-0.23,"y":-1.3,"rotation":-178.36,"width":100,"height":100},"spark/spark_00008":{"x":-0.23,"y":-1.3,"rotation":-178.36,"width":100,"height":100},"spark/spark_00009":{"x":-0.23,"y":-1.3,"rotation":-178.36,"width":100,"height":100},"spark/spark_00010":{"x":-0.23,"y":-1.3,"rotation":-178.36,"width":100,"height":100},"spark/spark_00011":{"x":-0.23,"y":-1.3,"rotation":-178.36,"width":100,"height":100},"spark/spark_00012":{"x":-0.23,"y":-1.3,"rotation":-178.36,"width":100,"height":100},"spark/spark_00013":{"x":-0.23,"y":-1.3,"rotation":-178.36,"width":100,"height":100},"spark/spark_00014":{"x":-0.23,"y":-1.3,"rotation":-178.36,"width":100,"height":100},"spark/spark_00015":{"x":-0.23,"y":-1.3,"rotation":-178.36,"width":100,"height":100},"spark/spark_00016":{"x":-0.23,"y":-1.3,"rotation":-178.36,"width":100,"height":100},"spark/spark_00017":{"x":-0.23,"y":-1.3,"rotation":-178.36,"width":100,"height":100},"spark/spark_00018":{"x":-0.23,"y":-1.3,"rotation":-178.36,"width":100,"height":100},"spark/spark_00019":{"x":-0.23,"y":-1.3,"rotation":-178.36,"width":100,"height":100},"spark/spark_00020":{"x":-0.23,"y":-1.3,"rotation":-178.36,"width":100,"height":100}},"spark/spark_1":{"spark/spark_00000":{"x":-0.23,"y":-1.3,"rotation":-178.36,"width":100,"height":100},"spark/spark_00001":{"x":-0.23,"y":-1.3,"rotation":-178.36,"width":100,"height":100},"spark/spark_00002":{"x":-0.23,"y":-1.3,"rotation":-178.36,"width":100,"height":100},"spark/spark_00003":{"x":-0.23,"y":-1.3,"rotation":-178.36,"width":100,"height":100},"spark/spark_00004":{"x":-0.23,"y":-1.3,"rotation":-178.36,"width":100,"height":100},"spark/spark_00005":{"x":-0.23,"y":-1.3,"rotation":-178.36,"width":100,"height":100},"spark/spark_00006":{"x":-0.23,"y":-1.3,"rotation":-178.36,"width":100,"height":100},"spark/spark_00007":{"x":-0.23,"y":-1.3,"rotation":-178.36,"width":100,"height":100},"spark/spark_00008":{"x":-0.23,"y":-1.3,"rotation":-178.36,"width":100,"height":100},"spark/spark_00009":{"x":-0.23,"y":-1.3,"rotation":-178.36,"width":100,"height":100},"spark/spark_00010":{"x":-0.23,"y":-1.3,"rotation":-178.36,"width":100,"height":100},"spark/spark_00011":{"x":-0.23,"y":-1.3,"rotation":-178.36,"width":100,"height":100},"spark/spark_00012":{"x":-0.23,"y":-1.3,"rotation":-178.36,"width":100,"height":100},"spark/spark_00013":{"x":-0.23,"y":-1.3,"rotation":-178.36,"width":100,"height":100},"spark/spark_00014":{"x":-0.23,"y":-1.3,"rotation":-178.36,"width":100,"height":100},"spark/spark_00015":{"x":-0.23,"y":-1.3,"rotation":-178.36,"width":100,"height":100},"spark/spark_00016":{"x":-0.23,"y":-1.3,"rotation":-178.36,"width":100,"height":100},"spark/spark_00017":{"x":-0.23,"y":-1.3,"rotation":-178.36,"width":100,"height":100},"spark/spark_00018":{"x":-0.23,"y":-1.3,"rotation":-178.36,"width":100,"height":100},"spark/spark_00019":{"x":-0.23,"y":-1.3,"rotation":-178.36,"width":100,"height":100},"spark/spark_00020":{"x":-0.23,"y":-1.3,"rotation":-178.36,"width":100,"height":100}}}},"animations":{"animation":{"slots":{"light_ray":{"color":[{"time":0,"color":"ffe78400","curve":"stepped"},{"time":1.6667,"color":"ffe78400"},{"time":3,"color":"ffe68463"},{"time":3.0667,"color":"ffe68400"},{"time":5.3333,"color":"ffe78400"}]},"light_ray2":{"color":[{"time":0,"color":"ffe78400","curve":"stepped"},{"time":1.6667,"color":"ffe78400"},{"time":3,"color":"ffe68463"},{"time":3.0667,"color":"ffe68400"},{"time":5.3333,"color":"ffe78400"}]},"light_rou":{"color":[{"time":0,"color":"fffda900","curve":"stepped"},{"time":1.8333,"color":"fffda900"},{"time":2,"color":"fffda98e","curve":"stepped"},{"time":2.1667,"color":"fffda98e"},{"time":2.3333,"color":"fffda900"}]},"light_rou2":{"color":[{"time":0,"color":"fffda900","curve":"stepped"},{"time":2.5333,"color":"fffda900"},{"time":2.7,"color":"fffda98e","curve":"stepped"},{"time":2.8667,"color":"fffda98e"},{"time":3.0333,"color":"fffda900"}]},"light_twin":{"color":[{"time":4,"color":"fffebc8e"},{"time":4.0667,"color":"fffebc00"},{"time":4.1333,"color":"fffebc8e","curve":"stepped"},{"time":5.2667,"color":"fffebc8e"},{"time":5.3333,"color":"fffebc00"}]},"light_twin2":{"color":[{"time":4,"color":"fffebc8e"},{"time":4.0667,"color":"fffebc00"},{"time":4.1333,"color":"fffebc8e","curve":"stepped"},{"time":5.2667,"color":"fffebc8e"},{"time":5.3333,"color":"fffebc00"}]},"par_light":{"color":[{"time":0,"color":"f7ffad00"},{"time":2.6667,"color":"f7ffad00"},{"time":2.8,"color":"f7ffad26"},{"time":3,"color":"f7ffad00"}]},"par_light2":{"color":[{"time":0,"color":"f7ffad00"},{"time":2.6667,"color":"f7ffad00"},{"time":2.8,"color":"f7ffad26"},{"time":3,"color":"f7ffad00"}]},"par_light3":{"color":[{"time":0,"color":"f7ffad00"},{"time":2.6667,"color":"f7ffad00"},{"time":2.8,"color":"f7ffad26"},{"time":3,"color":"f7ffad00"}]},"par_light4":{"color":[{"time":0,"color":"f7ffad00"},{"time":2,"color":"f7ffad00"},{"time":2.1333,"color":"f7ffad26"},{"time":2.3333,"color":"f7ffad00"}]},"par_light5":{"color":[{"time":0,"color":"f7ffad00"},{"time":2,"color":"f7ffad00"},{"time":2.1333,"color":"f7ffad26"},{"time":2.3333,"color":"f7ffad00"}]},"par_light6":{"color":[{"time":0,"color":"f7ffad00"},{"time":2,"color":"f7ffad00"},{"time":2.1333,"color":"f7ffad26"},{"time":2.3333,"color":"f7ffad00"}]},"rou_mid":{"color":[{"time":0,"color":"ffffffff"},{"time":2.6667,"color":"ffffffa5"},{"time":5.3333,"color":"ffffffff"}]},"rou_mid2":{"color":[{"time":0,"color":"ffffff00"},{"time":1.3333,"color":"ffffff7d"},{"time":2.6667,"color":"ffffff00"},{"time":4,"color":"ffffff7d"},{"time":5.3333,"color":"ffffff00"}]},"spark/spark_00000":{"attachment":[{"time":1.8333,"name":"spark/spark_00000"},{"time":1.8667,"name":"spark/spark_00001"},{"time":1.9,"name":"spark/spark_00002"},{"time":1.9333,"name":"spark/spark_00003"},{"time":1.9667,"name":"spark/spark_00004"},{"time":2,"name":"spark/spark_00005"},{"time":2.0333,"name":"spark/spark_00006"},{"time":2.0667,"name":"spark/spark_00007"},{"time":2.1,"name":"spark/spark_00008"},{"time":2.1333,"name":"spark/spark_00009"},{"time":2.1667,"name":"spark/spark_00010"},{"time":2.2,"name":"spark/spark_00011"},{"time":2.2333,"name":"spark/spark_00012"},{"time":2.2667,"name":"spark/spark_00013"},{"time":2.3,"name":"spark/spark_00014"},{"time":2.3333,"name":"spark/spark_00015"},{"time":2.3667,"name":"spark/spark_00016"},{"time":2.4,"name":"spark/spark_00017"},{"time":2.4333,"name":"spark/spark_00018"},{"time":2.4667,"name":"spark/spark_00019"},{"time":2.5,"name":"spark/spark_00020"},{"time":2.5333,"name":null}]},"spark/spark_1":{"attachment":[{"time":2.5,"name":"spark/spark_00000"},{"time":2.5333,"name":"spark/spark_00001"},{"time":2.5667,"name":"spark/spark_00002"},{"time":2.6,"name":"spark/spark_00003"},{"time":2.6333,"name":"spark/spark_00004"},{"time":2.6667,"name":"spark/spark_00005"},{"time":2.7,"name":"spark/spark_00006"},{"time":2.7333,"name":"spark/spark_00007"},{"time":2.7667,"name":"spark/spark_00008"},{"time":2.8,"name":"spark/spark_00009"},{"time":2.8333,"name":"spark/spark_00010"},{"time":2.8667,"name":"spark/spark_00011"},{"time":2.9,"name":"spark/spark_00012"},{"time":2.9333,"name":"spark/spark_00013"},{"time":2.9667,"name":"spark/spark_00014"},{"time":3,"name":"spark/spark_00015"},{"time":3.0333,"name":"spark/spark_00016"},{"time":3.0667,"name":"spark/spark_00017"},{"time":3.1,"name":"spark/spark_00018"},{"time":3.1333,"name":"spark/spark_00019"},{"time":3.1667,"name":"spark/spark_00020"},{"time":3.2,"name":null}]}},"bones":{"light_ray":{"translate":[{"time":1.6667,"x":0,"y":0},{"time":3,"x":490.82,"y":0,"curve":"stepped"},{"time":3.0667,"x":490.82,"y":0},{"time":5.3333,"x":0,"y":0}]},"light_ray2":{"translate":[{"time":1.6667,"x":0,"y":0},{"time":3,"x":-500.64,"y":0,"curve":"stepped"},{"time":3.0667,"x":-500.64,"y":0},{"time":5.3333,"x":0,"y":0}]},"bone3":{"rotate":[{"time":0,"angle":0},{"time":1.3333,"angle":-89.74},{"time":2.6667,"angle":-179.48},{"time":4,"angle":89.11},{"time":5.3333,"angle":0}],"translate":[{"time":0,"x":0,"y":0},{"time":2,"x":0,"y":2.02},{"time":3.3667,"x":2.36,"y":1.98},{"time":5.3333,"x":0,"y":0}]}},"paths":{"path":{"position":[{"time":3.6667},{"time":5.3333,"position":0.2295}]},"path2":{"position":[{"time":3.6667,"position":0.9672},{"time":4,"position":0.9303},{"time":5.3333,"position":0.7418}]}},"deform":{"default":{"light_ray":{"light_ray":[{"time":3.0667,"vertices":[2.99243,-10.3147,2.99243,-10.3147,2.99243,-10.3147,2.99243,-10.3147]}]}}}}}},[0]]],0,0,[0],[-1],[0]]
