[1,["1396e09c9@6c48a"],["_textureSource"],["cc.SpriteFrame","cc.ImageAsset","cc.Texture2D"],0,[[[{"fmt":"0","w":1024,"h":1024}],[1],0,[],[],[]],[[{"base":"2,2,0,0,0,1","mipmaps":["1396e09c9"]}],[2],0,[],[],[]],[[{"name":"td_font_win","rect":{"x":519,"y":199,"width":152,"height":255},"offset":{"x":-52,"y":0.5},"originalSize":{"width":256,"height":256},"rotated":false,"capInsets":[0,0,0,0],"texture":"1396e09c9@6c48a","packable":true}],[0],0,[0],[0],[0]],[[{"name":"lb_icon_rank_1","rect":{"x":982,"y":229,"width":38,"height":56},"offset":{"x":0,"y":0},"originalSize":{"width":38,"height":56},"rotated":false,"capInsets":[0,0,0,0],"texture":"1396e09c9@6c48a","packable":true}],[0],0,[0],[0],[0]],[[{"name":"khung_tien2","rect":{"x":677,"y":458,"width":299,"height":57},"offset":{"x":0,"y":0},"originalSize":{"width":299,"height":57},"rotated":false,"capInsets":[0,0,0,0],"texture":"1396e09c9@6c48a","packable":true}],[0],0,[0],[0],[0]],[[{"name":"lb_thanh_bar","rect":{"x":677,"y":308,"width":299,"height":69},"offset":{"x":0,"y":0},"originalSize":{"width":299,"height":69},"rotated":false,"capInsets":[0,0,0,0],"texture":"1396e09c9@6c48a","packable":true}],[0],0,[0],[0],[0]],[[{"name":"stg_icon_amthanh","rect":{"x":982,"y":518,"width":35,"height":28},"offset":{"x":-0.5,"y":0.5},"originalSize":{"width":40,"height":39},"rotated":false,"capInsets":[0,0,0,0],"texture":"1396e09c9@6c48a","packable":true}],[0],0,[0],[0],[0]],[[{"name":"popup_nt_bg_label","rect":{"x":982,"y":552,"width":158,"height":34},"offset":{"x":0,"y":0},"originalSize":{"width":158,"height":34},"rotated":true,"capInsets":[0,0,0,0],"texture":"1396e09c9@6c48a","packable":true}],[0],0,[0],[0],[0]],[[{"name":"stg_icon_rung","rect":{"x":982,"y":128,"width":50,"height":39},"offset":{"x":0,"y":0},"originalSize":{"width":50,"height":39},"rotated":true,"capInsets":[0,0,0,0],"texture":"1396e09c9@6c48a","packable":true}],[0],0,[0],[0],[0]],[[{"name":"lb_icon_nap_auto","rect":{"x":982,"y":374,"width":26,"height":38},"offset":{"x":0,"y":0},"originalSize":{"width":26,"height":38},"rotated":true,"capInsets":[0,0,0,0],"texture":"1396e09c9@6c48a","packable":true}],[0],0,[0],[0],[0]],[[{"name":"tps_btn_fast_active","rect":{"x":730,"y":845,"width":244,"height":87},"offset":{"x":0,"y":0},"originalSize":{"width":244,"height":87},"rotated":false,"capInsets":[0,0,0,0],"texture":"1396e09c9@6c48a","packable":true}],[0],0,[0],[0],[0]],[[{"name":"btn_thongbao","rect":{"x":941,"y":938,"width":60,"height":80},"offset":{"x":0,"y":0},"originalSize":{"width":60,"height":80},"rotated":true,"capInsets":[0,0,0,0],"texture":"1396e09c9@6c48a","packable":true}],[0],0,[0],[0],[0]],[[{"name":"lb_thanh_bar_2","rect":{"x":677,"y":383,"width":299,"height":69},"offset":{"x":0,"y":0},"originalSize":{"width":299,"height":69},"rotated":false,"capInsets":[0,0,0,0],"texture":"1396e09c9@6c48a","packable":true}],[0],0,[0],[0],[0]],[[{"name":"mnpk_btn_history","rect":{"x":445,"y":954,"width":64,"height":64},"offset":{"x":0,"y":0},"originalSize":{"width":64,"height":64},"rotated":false,"capInsets":[0,0,0,0],"texture":"1396e09c9@6c48a","packable":true}],[0],0,[0],[0],[0]],[[{"name":"tps_symbol_blur_2","rect":{"x":517,"y":550,"width":138,"height":154},"offset":{"x":0,"y":0},"originalSize":{"width":138,"height":154},"rotated":true,"capInsets":[0,0,0,0],"texture":"1396e09c9@6c48a","packable":true}],[0],0,[0],[0],[0]],[[{"name":"khung_tien2","rect":{"x":677,"y":521,"width":299,"height":57},"offset":{"x":0,"y":0},"originalSize":{"width":299,"height":57},"rotated":false,"capInsets":[0,0,0,0],"texture":"1396e09c9@6c48a","packable":true}],[0],0,[0],[0],[0]],[[{"name":"lb_loading_spin","rect":{"x":517,"y":694,"width":142,"height":144},"offset":{"x":0,"y":0},"originalSize":{"width":142,"height":144},"rotated":false,"capInsets":[0,0,0,0],"texture":"1396e09c9@6c48a","packable":true}],[0],0,[0],[0],[0]],[[{"name":"lb_icon_rank_2","rect":{"x":982,"y":3,"width":39,"height":57},"offset":{"x":0,"y":0},"originalSize":{"width":39,"height":57},"rotated":false,"capInsets":[0,0,0,0],"texture":"1396e09c9@6c48a","packable":true}],[0],0,[0],[0],[0]],[[{"name":"tx_dice_bg","rect":{"x":677,"y":3,"width":299,"height":299},"offset":{"x":0,"y":0},"originalSize":{"width":299,"height":299},"rotated":false,"capInsets":[0,0,0,0],"texture":"1396e09c9@6c48a","packable":true}],[0],0,[0],[0],[0]],[[{"name":"tps_btn1_line_10","rect":{"x":342,"y":954,"width":97,"height":67},"offset":{"x":0,"y":0},"originalSize":{"width":97,"height":67},"rotated":false,"capInsets":[0,0,0,0],"texture":"1396e09c9@6c48a","packable":true}],[0],0,[0],[0],[0]],[[{"name":"mnpk_light","rect":{"x":3,"y":3,"width":668,"height":190},"offset":{"x":0,"y":0},"originalSize":{"width":668,"height":190},"rotated":false,"capInsets":[0,0,0,0],"texture":"1396e09c9@6c48a","packable":true}],[0],0,[0],[0],[0]],[[{"name":"font_title2","rect":{"x":3,"y":199,"width":267,"height":510},"offset":{"x":-122.5,"y":1},"originalSize":{"width":512,"height":512},"rotated":true,"capInsets":[0,0,0,0],"texture":"1396e09c9@6c48a","packable":true}],[0],0,[0],[0],[0]],[[{"name":"ig_btn_datlai","rect":{"x":730,"y":938,"width":205,"height":83},"offset":{"x":0,"y":0},"originalSize":{"width":205,"height":83},"rotated":false,"capInsets":[0,0,0,0],"texture":"1396e09c9@6c48a","packable":true}],[0],0,[0],[0],[0]],[[{"name":"lb_icon_safe","rect":{"x":982,"y":335,"width":38,"height":33},"offset":{"x":0,"y":0},"originalSize":{"width":38,"height":33},"rotated":false,"capInsets":[0,0,0,0],"texture":"1396e09c9@6c48a","packable":true}],[0],0,[0],[0],[0]],[[{"name":"roboto_bold_30_2","rect":{"x":3,"y":472,"width":390,"height":508},"offset":{"x":0,"y":0},"originalSize":{"width":394,"height":512},"rotated":true,"capInsets":[0,0,0,0],"texture":"1396e09c9@6c48a","packable":true}],[0],0,[0],[0],[0]],[[{"name":"lb_icon_lsgd","rect":{"x":982,"y":291,"width":38,"height":38},"offset":{"x":0,"y":0},"originalSize":{"width":38,"height":38},"rotated":false,"capInsets":[0,0,0,0],"texture":"1396e09c9@6c48a","packable":true}],[0],0,[0],[0],[0]],[[{"name":"lb_icon_rank_3","rect":{"x":982,"y":66,"width":39,"height":56},"offset":{"x":0,"y":0},"originalSize":{"width":39,"height":56},"rotated":false,"capInsets":[0,0,0,0],"texture":"1396e09c9@6c48a","packable":true}],[0],0,[0],[0],[0]],[[{"name":"doctin_bg3","rect":{"x":519,"y":460,"width":152,"height":84},"offset":{"x":0,"y":0},"originalSize":{"width":152,"height":84},"rotated":false,"capInsets":[40,0,40,0],"texture":"1396e09c9@6c48a","packable":true}],[0],0,[0],[0],[0]],[[{"name":"tx_bg_lightqt","rect":{"x":980,"y":780,"width":40,"height":40},"offset":{"x":0,"y":0},"originalSize":{"width":40,"height":40},"rotated":false,"capInsets":[0,0,0,0],"texture":"1396e09c9@6c48a","packable":true}],[0],0,[0],[0],[0]],[[{"name":"lb_table_title_bg","rect":{"x":980,"y":716,"width":40,"height":58},"offset":{"x":0,"y":0},"originalSize":{"width":40,"height":58},"rotated":false,"capInsets":[0,0,0,0],"texture":"1396e09c9@6c48a","packable":true}],[0],0,[0],[0],[0]],[[{"name":"font_chu_vang","rect":{"x":677,"y":584,"width":297,"height":255},"offset":{"x":-107.5,"y":0.5},"originalSize":{"width":512,"height":256},"rotated":false,"capInsets":[0,0,0,0],"texture":"1396e09c9@6c48a","packable":true}],[0],0,[0],[0],[0]],[[{"name":"btn_batdau","rect":{"x":342,"y":868,"width":165,"height":80},"offset":{"x":0,"y":0},"originalSize":{"width":165,"height":80},"rotated":false,"capInsets":[0,0,0,0],"texture":"1396e09c9@6c48a","packable":true}],[0],0,[0],[0],[0]],[[{"name":"lb_table_bg_3_4","rect":{"x":3,"y":868,"width":287,"height":151},"offset":{"x":0.5,"y":-0.5},"originalSize":{"width":290,"height":154},"rotated":false,"capInsets":[0,0,0,0],"texture":"1396e09c9@6c48a","packable":true}],[0],0,[0],[0],[0]],[[{"name":"lb_icon_password","rect":{"x":982,"y":446,"width":30,"height":35},"offset":{"x":0,"y":0},"originalSize":{"width":30,"height":35},"rotated":true,"capInsets":[0,0,0,0],"texture":"1396e09c9@6c48a","packable":true}],[0],0,[0],[0],[0]],[[{"name":"tx_bg_qtdb","rect":{"x":980,"y":826,"width":40,"height":40},"offset":{"x":0,"y":0},"originalSize":{"width":40,"height":40},"rotated":false,"capInsets":[0,0,0,0],"texture":"1396e09c9@6c48a","packable":true}],[0],0,[0],[0],[0]],[[{"name":"stg_icon_sansang","rect":{"x":982,"y":184,"width":39,"height":39},"offset":{"x":0.5,"y":0},"originalSize":{"width":40,"height":39},"rotated":false,"capInsets":[0,0,0,0],"texture":"1396e09c9@6c48a","packable":true}],[0],0,[0],[0],[0]],[[{"name":"bkg-btn_white","rect":{"x":980,"y":872,"width":40,"height":40},"offset":{"x":0,"y":0},"originalSize":{"width":40,"height":40},"rotated":false,"capInsets":[0,0,0,0],"texture":"1396e09c9@6c48a","packable":true}],[0],0,[0],[0],[0]],[[{"name":"lb_lock","rect":{"x":982,"y":482,"width":30,"height":35},"offset":{"x":0,"y":0},"originalSize":{"width":30,"height":35},"rotated":true,"capInsets":[0,0,0,0],"texture":"1396e09c9@6c48a","packable":true}],[0],0,[0],[0],[0]],[[{"name":"ig_bg_text_2","rect":{"x":296,"y":868,"width":150,"height":40},"offset":{"x":0,"y":0},"originalSize":{"width":150,"height":40},"rotated":true,"capInsets":[0,0,0,0],"texture":"1396e09c9@6c48a","packable":true}],[0],0,[0],[0],[0]],[[{"name":"font_count_down","rect":{"x":517,"y":845,"width":175,"height":207},"offset":{"x":-40.5,"y":24.5},"originalSize":{"width":256,"height":256},"rotated":true,"capInsets":[0,0,0,0],"texture":"1396e09c9@6c48a","packable":true}],[0],0,[0],[0],[0]],[[{"name":"lb_icon_progress","rect":{"x":982,"y":406,"width":34,"height":35},"offset":{"x":0,"y":0},"originalSize":{"width":34,"height":35},"rotated":true,"capInsets":[0,0,0,0],"texture":"1396e09c9@6c48a","packable":true}],[0],0,[0],[0],[0]]]]
