[1,["a3EZY/UhBFgp9QvN5S1mzX"],0,[["sp.SkeletonData",["_name","_atlasText","textureNames","_skeletonJson","textures"],-1,3]],[[0,0,1,2,3,4,5]],[[0,"skeleton","\nskeleton.png\nsize: 1024,512\nformat: RGBA8888\nfilter: Linear,Linear\nrepeat: none\nLayer 1 copy 4\n  rotate: false\n  xy: 770, 144\n  size: 191, 89\n  orig: 191, 89\n  offset: 0, 0\n  index: -1\nabstract\n  rotate: false\n  xy: 284, 151\n  size: 290, 359\n  orig: 290, 359\n  offset: 0, 0\n  index: -1\nbaseAB\n  rotate: true\n  xy: 576, 235\n  size: 275, 365\n  orig: 275, 365\n  offset: 0, 0\n  index: -1\nborderTAIXIU\n  rotate: false\n  xy: 2, 140\n  size: 280, 370\n  orig: 280, 370\n  offset: 0, 0\n  index: -1\ndice_1\n  rotate: true\n  xy: 473, 2\n  size: 140, 153\n  orig: 140, 153\n  offset: 0, 0\n  index: -1\ndice_2\n  rotate: false\n  xy: 628, 29\n  size: 125, 114\n  orig: 125, 114\n  offset: 0, 0\n  index: -1\ndice_3\n  rotate: false\n  xy: 755, 54\n  size: 89, 88\n  orig: 89, 88\n  offset: 0, 0\n  index: -1\nled_1\n  rotate: false\n  xy: 576, 145\n  size: 192, 88\n  orig: 192, 88\n  offset: 0, 0\n  index: -1\nled_1-2\n  rotate: false\n  xy: 2, 47\n  size: 196, 91\n  orig: 196, 91\n  offset: 0, 0\n  index: -1\nled_2\n  rotate: false\n  xy: 284, 60\n  size: 187, 89\n  orig: 187, 89\n  offset: 0, 0\n  index: -1\ntài\n  rotate: true\n  xy: 200, 62\n  size: 76, 82\n  orig: 76, 82\n  offset: 0, 0\n  index: -1\nxỉu\n  rotate: false\n  xy: 943, 440\n  size: 74, 70\n  orig: 74, 70\n  offset: 0, 0\n  index: -1\n",["skeleton.png"],{"skeleton":{"hash":"FNnGtbSsfcxA1WdSdZA1wh0rbhU","spine":"3.7.94","width":284.87,"height":373.94,"images":"../ICON/TAI_XIU/","audio":""},"bones":[{"name":"root"},{"name":"bone","parent":"root","length":23.51,"rotation":177.06,"x":-93.04,"y":134.31,"color":"02ff00ff"},{"name":"bone2","parent":"root","length":22.28,"rotation":-178.45,"x":95.99,"y":-148.03,"color":"00ff03ff"},{"name":"bone3","parent":"root","length":70.7,"rotation":74.19,"x":56.86,"y":-4.15,"color":"ac00ffff"},{"name":"bone4","parent":"root","length":45.33,"rotation":-149.69,"x":-55.72,"y":-49.3,"color":"af00ffff"},{"name":"bone5","parent":"root","length":57.71,"rotation":110.14,"x":-50.3,"y":50.63,"color":"b900ffff"},{"name":"bone6","parent":"root","length":74.86,"rotation":178.17,"x":38.56,"y":133.15,"color":"faff00ff"},{"name":"bone7","parent":"root","length":74.86,"rotation":178.17,"x":-36.26,"y":-140.68,"scaleX":-1,"scaleY":-1,"color":"faff00ff"},{"name":"bone8","parent":"root","length":70.7,"rotation":74.19,"x":56.86,"y":-4.15,"color":"ac00ffff"},{"name":"bone9","parent":"root","length":45.33,"rotation":-149.69,"x":-55.72,"y":-49.3,"color":"af00ffff"},{"name":"bone10","parent":"root","length":57.71,"rotation":110.14,"x":-50.3,"y":50.63,"color":"b900ffff"}],"slots":[{"name":"baseAB","bone":"root","attachment":"baseAB"},{"name":"abstract","bone":"root","attachment":"abstract","blend":"screen"},{"name":"abstract2","bone":"root","attachment":"abstract","blend":"screen"},{"name":"Layer 1 copy 4","bone":"root","attachment":"Layer 1 copy 4"},{"name":"led_1-2","bone":"root","attachment":"led_1-2"},{"name":"led_2","bone":"bone6","color":"fffbb9ff","attachment":"led_2","blend":"additive"},{"name":"led_3","bone":"bone7","color":"fffbb9ff","attachment":"led_2","blend":"additive"},{"name":"led_1","bone":"bone6","color":"fffbb9ff","attachment":"led_1","blend":"additive"},{"name":"led_4","bone":"bone7","color":"fffbb9ff","attachment":"led_1","blend":"additive"},{"name":"dice_3","bone":"bone4","attachment":"dice_3"},{"name":"dice_2","bone":"bone5","attachment":"dice_2"},{"name":"dice_1","bone":"bone3","attachment":"dice_1"},{"name":"tài","bone":"bone","attachment":"tài"},{"name":"tài2","bone":"bone","attachment":"tài","blend":"additive"},{"name":"xỉu","bone":"bone2","attachment":"xỉu"},{"name":"xỉu2","bone":"bone2","attachment":"xỉu","blend":"additive"},{"name":"borderTAIXIU","bone":"root","attachment":"borderTAIXIU"},{"name":"clip","bone":"root","attachment":"clip"},{"name":"dice_5","bone":"bone9","attachment":"dice_3","blend":"additive"},{"name":"dice_6","bone":"bone10","attachment":"dice_2","blend":"additive"},{"name":"dice_4","bone":"bone8","attachment":"dice_1","blend":"additive"}],"skins":{"default":{"Layer 1 copy 4":{"Layer 1 copy 4":{"type":"mesh","hull":4,"width":191,"height":89,"uvs":[1,1,0,1,0,0,1,0],"triangles":[1,2,3,1,3,0],"vertices":[53.16,-181.36,-137.84,-181.36,-137.84,-92.36,53.16,-92.36],"edges":[0,2,2,4,4,6,0,6]}},"abstract":{"abstract":{"type":"mesh","hull":4,"width":290,"height":359,"uvs":[1,1,0,1,0,0,1,0],"triangles":[1,2,3,1,3,0],"vertices":[133.98,-177.78,-133.98,-177.78,-133.98,178.78,133.98,178.78],"edges":[0,2,2,4,4,6,0,6]}},"abstract2":{"abstract":{"type":"mesh","hull":4,"width":290,"height":359,"uvs":[1,1,0,1,0,0,1,0],"triangles":[1,2,3,1,3,0],"vertices":[133.98,181.06,-133.98,181.06,-133.98,-180.06,133.98,-180.06],"edges":[0,2,2,4,4,6,0,6]}},"baseAB":{"baseAB":{"type":"mesh","hull":4,"width":275,"height":365,"uvs":[1,1,0,1,0,0,1,0],"triangles":[1,2,3,1,3,0],"vertices":[138,-182,-137,-182,-137,183,138,183],"edges":[0,2,2,4,4,6,0,6]}},"borderTAIXIU":{"borderTAIXIU":{"type":"mesh","hull":4,"width":280,"height":370,"uvs":[1,1,0,1,0,0,1,0],"triangles":[1,2,3,1,3,0],"vertices":[140,-185,-140,-185,-140,185,140,185],"edges":[0,2,2,4,4,6,0,6]}},"clip":{"clip":{"type":"clipping","vertexCount":4,"color":"ce3a3aff","vertices":[95.59,266.7,274.34,-57.82,334.99,-12.07,183.9,275.21]}},"dice_1":{"dice_1":{"type":"mesh","hull":25,"width":140,"height":153,"uvs":[0.05257,0.17346,0.02686,0.18915,0.00686,0.21921,0.004,0.27281,0.05115,0.54581,0.05503,0.56804,0.07252,0.59292,0.28788,0.95907,0.30571,0.98543,0.3304,0.99923,0.37017,1,0.41131,0.98919,0.84414,0.78692,0.87024,0.77045,0.89094,0.75151,0.90444,0.72351,0.99491,0.47191,0.99941,0.44144,0.99401,0.40273,0.98141,0.37226,0.62103,0.01257,0.60317,0.00473,0.5746,0.00081,0.54175,0.00342,0.51389,0.01388,0.33892,0.68912],"triangles":[16,18,17,0,2,1,2,25,3,25,4,3,25,2,0,6,5,4,4,25,6,0,24,25,24,23,22,22,20,24,20,22,21,25,24,20,19,25,20,25,19,18,16,15,25,16,25,18,25,15,12,14,13,15,13,12,15,7,6,25,7,9,8,9,7,25,12,11,25,25,11,9,10,9,11],"vertices":[26.75,66.04,23.46,68.85,18.27,70.29,10.27,68.44,-28.12,50.71,-31.24,49.26,-34.24,45.87,-79.93,1.59,-83.13,-1.91,-84.22,-5.81,-82.81,-11.2,-79.65,-16.29,-33.37,-66.16,-29.95,-68.99,-26.37,-70.99,-21.73,-71.64,18.76,-73.33,23.42,-72.67,28.91,-70.33,32.91,-67.36,72.12,-3.82,72.59,-1.09,72.08,2.92,70.44,7.24,67.84,10.55,-38.24,5.97],"edges":[0,2,2,4,4,6,6,8,8,10,10,12,12,14,14,16,16,18,18,20,20,22,22,24,24,26,26,28,28,30,30,32,32,34,34,36,36,38,38,40,40,42,42,44,44,46,46,48,0,48,18,50,50,4,50,36]}},"dice_2":{"dice_2":{"type":"mesh","hull":16,"width":125,"height":114,"uvs":[0.01212,0.50383,0.00175,0.53288,0.00406,0.56572,0.02594,0.60235,0.34379,0.85585,0.69607,0.99583,0.73001,0.9976,0.77203,0.98697,0.79465,0.96039,1,0.4926,1,0.45894,0.9918,0.4235,0.72678,0.09215,0.3194,0,0.2874,0.00101,0.2538,0.02733,0.43939,0.66715],"triangles":[11,10,9,1,3,2,1,0,16,16,3,1,16,13,12,16,12,11,16,11,9,15,14,13,16,15,13,16,0,15,4,3,16,8,16,9,16,5,4,8,7,16,7,5,16,6,5,7],"vertices":[22.55,53.33,19.88,55.69,16.27,56.71,11.41,55.58,-29.4,28.23,-59.54,-7.63,-61.19,-11.54,-61.86,-16.89,-59.99,-20.59,-18.76,-63.04,-15.16,-64.36,-11.01,-64.79,35.86,-46.69,63.25,-2.5,64.52,1.29,63.15,6.27,-13.32,9.6],"edges":[0,2,2,4,4,6,6,8,8,10,10,12,12,14,14,16,16,18,18,20,20,22,22,24,24,26,26,28,28,30,0,30,2,32,32,14,32,24]}},"dice_3":{"dice_3":{"type":"mesh","hull":16,"width":89,"height":88,"uvs":[0.00334,0.70085,0.00334,0.73221,0.01367,0.76357,0.05399,0.79807,0.53245,0.9941,0.57896,0.99717,0.62548,0.99103,0.6548,0.97262,0.90792,0.72395,1,0.25304,1,0.22213,0.99061,0.18395,0.50522,0,0.46387,0,0.41713,0.00213,0.07376,0.14213,0.73893,0.38213],"triangles":[11,10,9,16,12,11,16,11,9,13,12,16,14,13,16,15,14,16,0,15,16,8,16,9,3,2,1,1,0,3,16,3,0,4,3,16,8,7,16,7,6,16,6,4,16,5,4,6],"vertices":[48.47,-5.11,49.87,-2.73,50.46,0.12,48.9,4.55,20.84,40.94,17.41,43.26,13.56,44.88,10.49,44.8,-20,37.28,-47.99,5.64,-49.37,3.29,-50.34,-0.03,-21.22,-35.81,-18.04,-37.66,-14.35,-39.6,18.25,-44.39,-22.2,3.72],"edges":[0,2,2,4,4,6,6,8,8,10,10,12,12,14,14,16,16,18,18,20,20,22,22,24,24,26,26,28,28,30,0,30,32,30,32,12,32,22]}},"dice_4":{"dice_1":{"type":"mesh","hull":25,"width":140,"height":153,"uvs":[0.05257,0.17346,0.02686,0.18915,0.00686,0.21921,0.004,0.27281,0.05115,0.54581,0.05503,0.56804,0.07252,0.59292,0.28788,0.95907,0.30571,0.98543,0.3304,0.99923,0.37017,1,0.41131,0.98919,0.84414,0.78692,0.87024,0.77045,0.89094,0.75151,0.90444,0.72351,0.99491,0.47191,0.99941,0.44144,0.99401,0.40273,0.98141,0.37226,0.62103,0.01257,0.60317,0.00473,0.5746,0.00081,0.54175,0.00342,0.51389,0.01388,0.33892,0.68912],"triangles":[16,18,17,0,2,1,2,25,3,25,4,3,25,2,0,6,5,4,4,25,6,0,24,25,24,23,22,22,20,24,20,22,21,25,24,20,19,25,20,25,19,18,16,15,25,16,25,18,25,15,12,14,13,15,13,12,15,7,6,25,7,9,8,9,7,25,12,11,25,25,11,9,10,9,11],"vertices":[26.75,66.04,23.46,68.85,18.27,70.29,10.27,68.44,-28.12,50.71,-31.24,49.26,-34.24,45.87,-79.93,1.59,-83.13,-1.91,-84.22,-5.81,-82.81,-11.2,-79.65,-16.29,-33.37,-66.16,-29.95,-68.99,-26.37,-70.99,-21.73,-71.64,18.76,-73.33,23.42,-72.67,28.91,-70.33,32.91,-67.36,72.12,-3.82,72.59,-1.09,72.08,2.92,70.44,7.24,67.84,10.55,-38.24,5.97],"edges":[0,2,2,4,4,6,6,8,8,10,10,12,12,14,14,16,16,18,18,20,20,22,22,24,24,26,26,28,28,30,30,32,32,34,34,36,36,38,38,40,40,42,42,44,44,46,46,48,0,48,18,50,50,4,50,36]}},"dice_5":{"dice_3":{"type":"mesh","hull":16,"width":89,"height":88,"uvs":[0.00334,0.70085,0.00334,0.73221,0.01367,0.76357,0.05399,0.79807,0.53245,0.9941,0.57896,0.99717,0.62548,0.99103,0.6548,0.97262,0.90792,0.72395,1,0.25304,1,0.22213,0.99061,0.18395,0.50522,0,0.46387,0,0.41713,0.00213,0.07376,0.14213,0.73893,0.38213],"triangles":[11,10,9,16,12,11,16,11,9,13,12,16,14,13,16,15,14,16,0,15,16,8,16,9,3,2,1,1,0,3,16,3,0,4,3,16,8,7,16,7,6,16,6,4,16,5,4,6],"vertices":[48.47,-5.11,49.87,-2.73,50.46,0.12,48.9,4.55,20.84,40.94,17.41,43.26,13.56,44.88,10.49,44.8,-20,37.28,-47.99,5.64,-49.37,3.29,-50.34,-0.03,-21.22,-35.81,-18.04,-37.66,-14.35,-39.6,18.25,-44.39,-22.2,3.72],"edges":[0,2,2,4,4,6,6,8,8,10,10,12,12,14,14,16,16,18,18,20,20,22,22,24,24,26,26,28,28,30,0,30,32,30,32,12,32,22]}},"dice_6":{"dice_2":{"type":"mesh","hull":16,"width":125,"height":114,"uvs":[0.01212,0.50383,0.00175,0.53288,0.00406,0.56572,0.02594,0.60235,0.34379,0.85585,0.69607,0.99583,0.73001,0.9976,0.77203,0.98697,0.79465,0.96039,1,0.4926,1,0.45894,0.9918,0.4235,0.72678,0.09215,0.3194,0,0.2874,0.00101,0.2538,0.02733,0.43939,0.66715],"triangles":[11,10,9,1,3,2,1,0,16,16,3,1,16,13,12,16,12,11,16,11,9,15,14,13,16,15,13,16,0,15,4,3,16,8,16,9,16,5,4,8,7,16,7,5,16,6,5,7],"vertices":[22.55,53.33,19.88,55.69,16.27,56.71,11.41,55.58,-29.4,28.23,-59.54,-7.63,-61.19,-11.54,-61.86,-16.89,-59.99,-20.59,-18.76,-63.04,-15.16,-64.36,-11.01,-64.79,35.86,-46.69,63.25,-2.5,64.52,1.29,63.15,6.27,-13.32,9.6],"edges":[0,2,2,4,4,6,6,8,8,10,10,12,12,14,14,16,16,18,18,20,20,22,22,24,24,26,26,28,28,30,0,30,2,32,32,14,32,24]}},"led_1":{"led_1":{"type":"mesh","hull":4,"width":192,"height":88,"uvs":[1,1,0,1,0,0,1,0],"triangles":[1,2,3,1,3,0],"vertices":[-106.64,49.03,92.44,55.38,95.56,-42.35,-103.52,-48.71],"edges":[0,2,2,4,4,6,0,6]}},"led_1-2":{"led_1-2":{"type":"mesh","hull":4,"width":196,"height":91,"uvs":[1,1,0,1,0,0,1,0],"triangles":[1,2,3,1,3,0],"vertices":[141.3,84.03,-54.7,84.03,-54.7,175.03,141.3,175.03],"edges":[0,2,2,4,4,6,0,6]}},"led_2":{"led_2":{"type":"mesh","hull":4,"width":187,"height":89,"uvs":[1,1,0,1,0,0,1,0],"triangles":[1,2,3,1,3,0],"vertices":[-103.61,47.29,90.29,53.48,93.44,-45.3,-100.46,-51.49],"edges":[0,2,2,4,4,6,0,6]}},"led_3":{"led_2":{"type":"mesh","hull":4,"width":187,"height":89,"uvs":[1,1,0,1,0,0,1,0],"triangles":[1,2,3,1,3,0],"vertices":[-103.61,47.29,90.29,53.48,93.44,-45.3,-100.46,-51.49],"edges":[0,2,2,4,4,6,0,6]}},"led_4":{"led_1":{"type":"mesh","hull":4,"width":192,"height":88,"uvs":[1,1,0,1,0,0,1,0],"triangles":[1,2,3,1,3,0],"vertices":[-106.64,49.03,92.44,55.38,95.56,-42.35,-103.52,-48.71],"edges":[0,2,2,4,4,6,0,6]}},"tài":{"tài":{"type":"mesh","hull":4,"width":76,"height":82,"uvs":[1,1,0,1,0,0,1,0],"triangles":[1,2,3,1,3,0],"vertices":[-33.16,32.5,42.74,36.39,46.94,-45.5,-28.96,-49.4],"edges":[0,2,2,4,4,6,0,6]}},"tài2":{"tài":{"type":"mesh","hull":4,"width":76,"height":82,"uvs":[1,1,0,1,0,0,1,0],"triangles":[1,2,3,1,3,0],"vertices":[-33.16,32.5,42.74,36.39,46.94,-45.5,-28.96,-49.4],"edges":[0,2,2,4,4,6,0,6]}},"xỉu":{"xỉu":{"type":"mesh","hull":4,"width":74,"height":70,"uvs":[1,1,0,1,0,0,1,0],"triangles":[1,2,3,1,3,0],"vertices":[-34.57,31.67,39.41,29.67,37.52,-40.3,-36.46,-38.3],"edges":[0,2,2,4,4,6,0,6]}},"xỉu2":{"xỉu":{"type":"mesh","hull":4,"width":74,"height":70,"uvs":[1,1,0,1,0,0,1,0],"triangles":[1,2,3,1,3,0],"vertices":[-34.57,31.67,39.41,29.67,37.52,-40.3,-36.46,-38.3],"edges":[0,2,2,4,4,6,0,6]}}}},"animations":{"animation":{"slots":{"abstract":{"color":[{"time":0,"color":"ffffff00"},{"time":0.3333,"color":"ffffffff"},{"time":0.6667,"color":"ffffff00"},{"time":1,"color":"ffffffff"},{"time":1.3333,"color":"ffffff00"},{"time":1.6667,"color":"ffffffff"},{"time":2,"color":"ffffff00"}]},"abstract2":{"color":[{"time":0,"color":"ffffffff"},{"time":0.3333,"color":"ffffff00"},{"time":0.6667,"color":"ffffffff"},{"time":1,"color":"ffffff00"},{"time":1.3333,"color":"ffffffff"},{"time":1.6667,"color":"ffffff00"},{"time":2,"color":"ffffffff"}]},"led_1":{"attachment":[{"time":0,"name":null}]},"led_2":{"attachment":[{"time":0,"name":null}]},"led_3":{"attachment":[{"time":0,"name":null}]},"led_4":{"attachment":[{"time":0,"name":null}]},"tài2":{"color":[{"time":0,"color":"ffffff00"},{"time":0.5,"color":"ffffff8e"},{"time":1,"color":"ffffff00"},{"time":1.5,"color":"ffffff8e"},{"time":2,"color":"ffffff00"}]},"xỉu2":{"color":[{"time":0,"color":"ffffff00"},{"time":0.5,"color":"ffffff8e"},{"time":1,"color":"ffffff00"},{"time":1.5,"color":"ffffff8e"},{"time":2,"color":"ffffff00"}]}},"bones":{"bone5":{"rotate":[{"time":0.6667,"angle":0},{"time":0.8333,"angle":115.15},{"time":1,"angle":-129.39},{"time":1.1667,"angle":-3.72},{"time":1.3333,"angle":0}],"translate":[{"time":0.5,"x":0,"y":0},{"time":0.6667,"x":-0.33,"y":0,"curve":"stepped"},{"time":1.3333,"x":-0.33,"y":0},{"time":1.8333,"x":0,"y":0}],"scale":[{"time":0.3333,"x":1,"y":1},{"time":0.5,"x":0.891,"y":0.891},{"time":0.6667,"x":1.077,"y":1.077,"curve":"stepped"},{"time":1.3333,"x":1.077,"y":1.077},{"time":1.8333,"x":0.891,"y":0.891},{"time":2,"x":1,"y":1}]},"bone3":{"rotate":[{"time":0.6667,"angle":0},{"time":0.8333,"angle":-53.58},{"time":1,"angle":170.8},{"time":1.1667,"angle":-3.72},{"time":1.3333,"angle":0}],"translate":[{"time":0.5,"x":0,"y":0},{"time":0.6667,"x":-4.82,"y":0,"curve":"stepped"},{"time":1.3333,"x":-4.82,"y":0},{"time":1.8333,"x":0,"y":0}],"scale":[{"time":0.3333,"x":1,"y":1},{"time":0.5,"x":0.941,"y":0.941},{"time":0.6667,"x":1.071,"y":1.071,"curve":"stepped"},{"time":1.3333,"x":1.071,"y":1.071},{"time":1.8333,"x":0.941,"y":0.941},{"time":2,"x":1,"y":1}]},"bone4":{"rotate":[{"time":0.6667,"angle":0},{"time":0.8333,"angle":-53.58},{"time":1,"angle":170.8},{"time":1.1667,"angle":-3.72},{"time":1.3333,"angle":0}],"translate":[{"time":0.5,"x":0,"y":0},{"time":0.6667,"x":0,"y":-4.04,"curve":"stepped"},{"time":1.3333,"x":0,"y":-4.04},{"time":1.8333,"x":0,"y":0}],"scale":[{"time":0.3333,"x":1,"y":1},{"time":0.5,"x":0.828,"y":0.828},{"time":0.6667,"x":1.157,"y":1.157,"curve":"stepped"},{"time":1.3333,"x":1.157,"y":1.157},{"time":1.8333,"x":0.828,"y":0.828},{"time":2,"x":1,"y":1}]},"bone":{"scale":[{"time":0,"x":1,"y":1},{"time":0.5,"x":1.073,"y":1.073},{"time":1,"x":1,"y":1},{"time":1.5,"x":1.073,"y":1.073},{"time":2,"x":1,"y":1}]},"bone2":{"scale":[{"time":0,"x":1,"y":1},{"time":0.5,"x":1.073,"y":1.073},{"time":1,"x":1,"y":1},{"time":1.5,"x":1.073,"y":1.073},{"time":2,"x":1,"y":1}]},"bone8":{"rotate":[{"time":0.6667,"angle":0},{"time":0.8333,"angle":-53.58},{"time":1,"angle":170.8},{"time":1.1667,"angle":-3.72},{"time":1.3333,"angle":0}],"translate":[{"time":0.5,"x":0,"y":0},{"time":0.6667,"x":-4.82,"y":0,"curve":"stepped"},{"time":1.3333,"x":-4.82,"y":0},{"time":1.8333,"x":0,"y":0}],"scale":[{"time":0.3333,"x":1,"y":1},{"time":0.5,"x":0.941,"y":0.941},{"time":0.6667,"x":1.071,"y":1.071,"curve":"stepped"},{"time":1.3333,"x":1.071,"y":1.071},{"time":1.8333,"x":0.941,"y":0.941},{"time":2,"x":1,"y":1}]},"bone9":{"rotate":[{"time":0.6667,"angle":0},{"time":0.8333,"angle":-53.58},{"time":1,"angle":170.8},{"time":1.1667,"angle":-3.72},{"time":1.3333,"angle":0}],"translate":[{"time":0.5,"x":0,"y":0},{"time":0.6667,"x":0,"y":-4.04,"curve":"stepped"},{"time":1.3333,"x":0,"y":-4.04},{"time":1.8333,"x":0,"y":0}],"scale":[{"time":0.3333,"x":1,"y":1},{"time":0.5,"x":0.828,"y":0.828},{"time":0.6667,"x":1.157,"y":1.157,"curve":"stepped"},{"time":1.3333,"x":1.157,"y":1.157},{"time":1.8333,"x":0.828,"y":0.828},{"time":2,"x":1,"y":1}]},"bone10":{"rotate":[{"time":0.6667,"angle":0},{"time":0.8333,"angle":115.15},{"time":1,"angle":-129.39},{"time":1.1667,"angle":-3.72},{"time":1.3333,"angle":0}],"translate":[{"time":0.5,"x":0,"y":0},{"time":0.6667,"x":-0.33,"y":0,"curve":"stepped"},{"time":1.3333,"x":-0.33,"y":0},{"time":1.8333,"x":0,"y":0}],"scale":[{"time":0.3333,"x":1,"y":1},{"time":0.5,"x":0.891,"y":0.891},{"time":0.6667,"x":1.077,"y":1.077,"curve":"stepped"},{"time":1.3333,"x":1.077,"y":1.077},{"time":1.8333,"x":0.891,"y":0.891},{"time":2,"x":1,"y":1}]}},"deform":{"default":{"clip":{"clip":[{"time":1,"vertices":[-24.47197,-17.02396,-24.47197,-17.02396,-24.47197,-17.02396,-24.47197,-17.02396]},{"time":1.6667,"vertices":[-450.07156,-198.96782,-450.07156,-198.96782,-450.07156,-198.96782,-450.07156,-198.96782]}]},"dice_1":{"dice_1":[{"time":0.3333},{"time":0.5,"vertices":[-1.95299,1.43529,-1.86794,0.35471,-1.45887,0.47058,-0.3571,-0.86115,-0.28623,-2.38326,-1.31935,-4.26652,-1.12412,-3.32529,0,0,0,0,0,0,0,0,0,0,1.90517,-2.52263,2.82642,-2.77212,1.48011,-1.62227,0.80556,-1.64319,0,0,0,0,0,0,0,0,0,0,0,0,0,0,0,0,0,0,-4.90268,7.20146]},{"time":0.6667,"curve":"stepped","vertices":[0.02237,1.1035,0.16263,1.22678,-0.05618,1.46189,2.38088,0.31024,1.23118,-6.72598,2.33093,-6.25399,-10.58956,-13.24397,0.275,-0.05222,1.48137,1.2,1.09035,3.0405,0,0,0,0,-0.66183,-2.44585,-0.18513,-3.491,-0.52277,-2.59136,-2.33,-2.39716,-0.43161,1.52422,-0.48556,1.71474,-0.84134,0.79076,-0.26973,0.95263,0.29924,-4.82743,1.23185,-4.34976,1.70951,-5.28234,1.76551,-5.48008,2.78034,-6.04696,-8.76793,24.46423]},{"time":1.3333,"vertices":[0.02237,1.1035,0.16263,1.22678,-0.05618,1.46189,2.38088,0.31024,1.23118,-6.72598,2.33093,-6.25399,-10.58956,-13.24397,0.275,-0.05222,1.48137,1.2,1.09035,3.0405,0,0,0,0,-0.66183,-2.44585,-0.18513,-3.491,-0.52277,-2.59136,-2.33,-2.39716,-0.43161,1.52422,-0.48556,1.71474,-0.84134,0.79076,-0.26973,0.95263,0.29924,-4.82743,1.23185,-4.34976,1.70951,-5.28234,1.76551,-5.48008,2.78034,-6.04696,-8.76793,24.46423]},{"time":1.8333,"vertices":[-1.95299,1.43529,-1.86794,0.35471,-1.45887,0.47058,-0.3571,-0.86115,-0.28623,-2.38326,-1.31935,-4.26652,-1.12412,-3.32529,0,0,0,0,0,0,0,0,0,0,1.90517,-2.52263,2.82642,-2.77212,1.48011,-1.62227,0.80556,-1.64319,0,0,0,0,0,0,0,0,0,0,0,0,0,0,0,0,0,0,-4.90268,7.20146]},{"time":2}]},"dice_2":{"dice_2":[{"time":0.3333},{"time":0.5,"offset":8,"vertices":[5.56599,0.32026,0,0,0.54188,0.56606,0.59293,1.35033,1.04197,1.77358,1.75098,-2.94122,2.89928,-3.18543,2.85783,-2.81648,12.29001,10.72207,0,0,0,0,0,0,7.34216,19.28502]},{"time":0.6667,"offset":4,"curve":"stepped","vertices":[1.16423,-0.76702,1.92122,-0.78951,5.56599,0.32026,0,0,0.54188,0.56606,0.59293,1.35033,1.04197,1.77358,2.72524,-3.81654,4.30741,-4.99693,4.18221,-4.85635,13.07397,8.62134,0,0,0,0,0,0,2.48132,27.57285]},{"time":1.3333,"offset":4,"vertices":[1.16423,-0.76702,1.92122,-0.78951,5.56599,0.32026,0,0,0.54188,0.56606,0.59293,1.35033,1.04197,1.77358,2.72524,-3.81654,4.30741,-4.99693,4.18221,-4.85635,13.07397,8.62134,0,0,0,0,0,0,2.48132,27.57285]},{"time":1.8333,"offset":8,"vertices":[5.56599,0.32026,0,0,0.54188,0.56606,0.59293,1.35033,1.04197,1.77358,1.75098,-2.94122,2.89928,-3.18543,2.85783,-2.81648,12.29001,10.72207,0,0,0,0,0,0,7.34216,19.28502]},{"time":2}]},"dice_3":{"dice_3":[{"time":0.3333},{"time":0.5,"offset":8,"vertices":[-4.20962,1.74756,-3.67794,1.43678,-3.73789,0.52072,-4.07869,-0.46895,0,0,0,0,0,0,0,0,0,0,0,0,0,0,-10.12308,-1.45318,-11.5271,-1.82124]},{"time":0.6667,"curve":"stepped","vertices":[4.54899,-8.3101,4.31886,-7.0322,1.64507,-6.68051,1.77531,-7.86198,10.06276,-17.81758,10.10824,-17.92223,10.64606,-17.80212,9.92412,-16.95711,4.72761,-3.14426,4.61992,-4.29079,5.39505,-4.09517,5.58764,-2.31353,-1.48457,3.84143,-2.09789,3.10065,-2.83141,3.07895,-0.4115,-8.0018,6.29993,-18.20039]},{"time":1.3333,"vertices":[4.54899,-8.3101,4.31886,-7.0322,1.64507,-6.68051,1.77531,-7.86198,10.06276,-17.81758,10.10824,-17.92223,10.64606,-17.80212,9.92412,-16.95711,4.72761,-3.14426,4.61992,-4.29079,5.39505,-4.09517,5.58764,-2.31353,-1.48457,3.84143,-2.09789,3.10065,-2.83141,3.07895,-0.4115,-8.0018,6.29993,-18.20039]},{"time":1.8333,"offset":8,"vertices":[-4.20962,1.74756,-3.67794,1.43678,-3.73789,0.52072,-4.07869,-0.46895,0,0,0,0,0,0,0,0,0,0,0,0,0,0,-10.12308,-1.45318,-11.5271,-1.82124]},{"time":2}]},"dice_4":{"dice_1":[{"time":0.3333},{"time":0.5,"vertices":[-1.95299,1.43529,-1.86794,0.35471,-1.45887,0.47058,-0.3571,-0.86115,-0.28623,-2.38326,-1.31935,-4.26652,-1.12412,-3.32529,0,0,0,0,0,0,0,0,0,0,1.90517,-2.52263,2.82642,-2.77212,1.48011,-1.62227,0.80556,-1.64319,0,0,0,0,0,0,0,0,0,0,0,0,0,0,0,0,0,0,-4.90268,7.20146]},{"time":0.6667,"curve":"stepped","vertices":[0.02237,1.1035,0.16263,1.22678,-0.05618,1.46189,2.38088,0.31024,1.23118,-6.72598,2.33093,-6.25399,-10.58956,-13.24397,0.275,-0.05222,1.48137,1.2,1.09035,3.0405,0,0,0,0,-0.66183,-2.44585,-0.18513,-3.491,-0.52277,-2.59136,-2.33,-2.39716,-0.43161,1.52422,-0.48556,1.71474,-0.84134,0.79076,-0.26973,0.95263,0.29924,-4.82743,1.23185,-4.34976,1.70951,-5.28234,1.76551,-5.48008,2.78034,-6.04696,-8.76793,24.46423]},{"time":1.3333,"vertices":[0.02237,1.1035,0.16263,1.22678,-0.05618,1.46189,2.38088,0.31024,1.23118,-6.72598,2.33093,-6.25399,-10.58956,-13.24397,0.275,-0.05222,1.48137,1.2,1.09035,3.0405,0,0,0,0,-0.66183,-2.44585,-0.18513,-3.491,-0.52277,-2.59136,-2.33,-2.39716,-0.43161,1.52422,-0.48556,1.71474,-0.84134,0.79076,-0.26973,0.95263,0.29924,-4.82743,1.23185,-4.34976,1.70951,-5.28234,1.76551,-5.48008,2.78034,-6.04696,-8.76793,24.46423]},{"time":1.8333,"vertices":[-1.95299,1.43529,-1.86794,0.35471,-1.45887,0.47058,-0.3571,-0.86115,-0.28623,-2.38326,-1.31935,-4.26652,-1.12412,-3.32529,0,0,0,0,0,0,0,0,0,0,1.90517,-2.52263,2.82642,-2.77212,1.48011,-1.62227,0.80556,-1.64319,0,0,0,0,0,0,0,0,0,0,0,0,0,0,0,0,0,0,-4.90268,7.20146]},{"time":2}]},"dice_5":{"dice_3":[{"time":0.3333},{"time":0.5,"offset":8,"vertices":[-4.20962,1.74756,-3.67794,1.43678,-3.73789,0.52072,-4.07869,-0.46895,0,0,0,0,0,0,0,0,0,0,0,0,0,0,-10.12308,-1.45318,-11.5271,-1.82124]},{"time":0.6667,"curve":"stepped","vertices":[4.54899,-8.3101,4.31886,-7.0322,1.64507,-6.68051,1.77531,-7.86198,10.06276,-17.81758,10.10824,-17.92223,10.64606,-17.80212,9.92412,-16.95711,4.72761,-3.14426,4.61992,-4.29079,5.39505,-4.09517,5.58764,-2.31353,-1.48457,3.84143,-2.09789,3.10065,-2.83141,3.07895,-0.4115,-8.0018,6.29993,-18.20039]},{"time":1.3333,"vertices":[4.54899,-8.3101,4.31886,-7.0322,1.64507,-6.68051,1.77531,-7.86198,10.06276,-17.81758,10.10824,-17.92223,10.64606,-17.80212,9.92412,-16.95711,4.72761,-3.14426,4.61992,-4.29079,5.39505,-4.09517,5.58764,-2.31353,-1.48457,3.84143,-2.09789,3.10065,-2.83141,3.07895,-0.4115,-8.0018,6.29993,-18.20039]},{"time":1.8333,"offset":8,"vertices":[-4.20962,1.74756,-3.67794,1.43678,-3.73789,0.52072,-4.07869,-0.46895,0,0,0,0,0,0,0,0,0,0,0,0,0,0,-10.12308,-1.45318,-11.5271,-1.82124]},{"time":2}]},"dice_6":{"dice_2":[{"time":0.3333},{"time":0.5,"offset":8,"vertices":[5.56599,0.32026,0,0,0.54188,0.56606,0.59293,1.35033,1.04197,1.77358,1.75098,-2.94122,2.89928,-3.18543,2.85783,-2.81648,12.29001,10.72207,0,0,0,0,0,0,7.34216,19.28502]},{"time":0.6667,"offset":4,"curve":"stepped","vertices":[1.16423,-0.76702,1.92122,-0.78951,5.56599,0.32026,0,0,0.54188,0.56606,0.59293,1.35033,1.04197,1.77358,2.72524,-3.81654,4.30741,-4.99693,4.18221,-4.85635,13.07397,8.62134,0,0,0,0,0,0,2.48132,27.57285]},{"time":1.3333,"offset":4,"vertices":[1.16423,-0.76702,1.92122,-0.78951,5.56599,0.32026,0,0,0.54188,0.56606,0.59293,1.35033,1.04197,1.77358,2.72524,-3.81654,4.30741,-4.99693,4.18221,-4.85635,13.07397,8.62134,0,0,0,0,0,0,2.48132,27.57285]},{"time":1.8333,"offset":8,"vertices":[5.56599,0.32026,0,0,0.54188,0.56606,0.59293,1.35033,1.04197,1.77358,1.75098,-2.94122,2.89928,-3.18543,2.85783,-2.81648,12.29001,10.72207,0,0,0,0,0,0,7.34216,19.28502]},{"time":2}]}}}},"win_tai":{"slots":{"abstract":{"color":[{"time":0,"color":"ffffff00"},{"time":0.3333,"color":"ffffffff"},{"time":0.6667,"color":"ffffff00"},{"time":1,"color":"ffffffff"},{"time":1.3333,"color":"ffffff00"},{"time":1.6667,"color":"ffffffff"},{"time":2,"color":"ffffff00"}]},"abstract2":{"color":[{"time":0,"color":"ffffffff"},{"time":0.3333,"color":"ffffff00"},{"time":0.6667,"color":"ffffffff"},{"time":1,"color":"ffffff00"},{"time":1.3333,"color":"ffffffff"},{"time":1.6667,"color":"ffffff00"},{"time":2,"color":"ffffffff"}]},"led_1":{"attachment":[{"time":0,"name":null},{"time":0.1667,"name":"led_1"},{"time":0.3333,"name":null},{"time":0.5,"name":"led_1"},{"time":0.8333,"name":null},{"time":1,"name":"led_1"},{"time":1.1667,"name":null},{"time":1.5,"name":"led_1"},{"time":1.6667,"name":null},{"time":1.8333,"name":"led_1"},{"time":2,"name":null}]},"led_2":{"attachment":[{"time":0.1667,"name":null},{"time":0.3333,"name":"led_2"},{"time":0.5,"name":null},{"time":0.6667,"name":"led_2"},{"time":0.8333,"name":null},{"time":1,"name":"led_2"},{"time":1.1667,"name":null},{"time":1.3333,"name":"led_2"},{"time":1.5,"name":null},{"time":1.6667,"name":"led_2"},{"time":1.8333,"name":null},{"time":2,"name":"led_2"}]},"led_3":{"attachment":[{"time":0,"name":null}]},"led_4":{"attachment":[{"time":0,"name":null}]},"tài2":{"color":[{"time":0,"color":"ffffff00"},{"time":0.1667,"color":"ffffff00"},{"time":0.3333,"color":"ffffff00"},{"time":0.5,"color":"ffffffff"},{"time":0.6667,"color":"ffffff00"},{"time":0.8333,"color":"ffffff00"},{"time":1,"color":"ffffff00"},{"time":1.1667,"color":"ffffffff"},{"time":1.3333,"color":"ffffff00"},{"time":1.5,"color":"ffffff00"},{"time":1.6667,"color":"ffffff00"},{"time":1.8333,"color":"ffffffff"},{"time":2,"color":"ffffff00"}]},"xỉu2":{"color":[{"time":0,"color":"ffffff00"}]}},"bones":{"bone5":{"rotate":[{"time":0.6667,"angle":0},{"time":0.8333,"angle":115.15},{"time":1,"angle":-129.39},{"time":1.1667,"angle":-3.72},{"time":1.3333,"angle":0}],"translate":[{"time":0.5,"x":0,"y":0},{"time":0.6667,"x":-0.33,"y":0,"curve":"stepped"},{"time":1.3333,"x":-0.33,"y":0},{"time":1.8333,"x":0,"y":0}],"scale":[{"time":0.3333,"x":1,"y":1},{"time":0.5,"x":0.891,"y":0.891},{"time":0.6667,"x":1.077,"y":1.077,"curve":"stepped"},{"time":1.3333,"x":1.077,"y":1.077},{"time":1.8333,"x":0.891,"y":0.891},{"time":2,"x":1,"y":1}]},"bone3":{"rotate":[{"time":0.6667,"angle":0},{"time":0.8333,"angle":-53.58},{"time":1,"angle":170.8},{"time":1.1667,"angle":-3.72},{"time":1.3333,"angle":0}],"translate":[{"time":0.5,"x":0,"y":0},{"time":0.6667,"x":-4.82,"y":0,"curve":"stepped"},{"time":1.3333,"x":-4.82,"y":0},{"time":1.8333,"x":0,"y":0}],"scale":[{"time":0.3333,"x":1,"y":1},{"time":0.5,"x":0.941,"y":0.941},{"time":0.6667,"x":1.071,"y":1.071,"curve":"stepped"},{"time":1.3333,"x":1.071,"y":1.071},{"time":1.8333,"x":0.941,"y":0.941},{"time":2,"x":1,"y":1}]},"bone4":{"rotate":[{"time":0.6667,"angle":0},{"time":0.8333,"angle":-53.58},{"time":1,"angle":170.8},{"time":1.1667,"angle":-3.72},{"time":1.3333,"angle":0}],"translate":[{"time":0.5,"x":0,"y":0},{"time":0.6667,"x":0,"y":-4.04,"curve":"stepped"},{"time":1.3333,"x":0,"y":-4.04},{"time":1.8333,"x":0,"y":0}],"scale":[{"time":0.3333,"x":1,"y":1},{"time":0.5,"x":0.828,"y":0.828},{"time":0.6667,"x":1.157,"y":1.157,"curve":"stepped"},{"time":1.3333,"x":1.157,"y":1.157},{"time":1.8333,"x":0.828,"y":0.828},{"time":2,"x":1,"y":1}]},"bone":{"scale":[{"time":0.1667,"x":1,"y":1},{"time":0.3333,"x":0.861,"y":0.861},{"time":0.5,"x":1.201,"y":1.201},{"time":0.6667,"x":1,"y":1,"curve":"stepped"},{"time":0.8333,"x":1,"y":1},{"time":1,"x":0.861,"y":0.861},{"time":1.1667,"x":1.201,"y":1.201},{"time":1.3333,"x":1,"y":1,"curve":"stepped"},{"time":1.5,"x":1,"y":1},{"time":1.6667,"x":0.861,"y":0.861},{"time":1.8333,"x":1.201,"y":1.201},{"time":2,"x":1,"y":1}]},"bone2":{"scale":[{"time":0,"x":1,"y":1},{"time":0.5,"x":1.073,"y":1.073},{"time":1,"x":1,"y":1},{"time":1.5,"x":1.073,"y":1.073},{"time":2,"x":1,"y":1}]},"bone8":{"rotate":[{"time":0.6667,"angle":0},{"time":0.8333,"angle":-53.58},{"time":1,"angle":170.8},{"time":1.1667,"angle":-3.72},{"time":1.3333,"angle":0}],"translate":[{"time":0.5,"x":0,"y":0},{"time":0.6667,"x":-4.82,"y":0,"curve":"stepped"},{"time":1.3333,"x":-4.82,"y":0},{"time":1.8333,"x":0,"y":0}],"scale":[{"time":0.3333,"x":1,"y":1},{"time":0.5,"x":0.941,"y":0.941},{"time":0.6667,"x":1.071,"y":1.071,"curve":"stepped"},{"time":1.3333,"x":1.071,"y":1.071},{"time":1.8333,"x":0.941,"y":0.941},{"time":2,"x":1,"y":1}]},"bone9":{"rotate":[{"time":0.6667,"angle":0},{"time":0.8333,"angle":-53.58},{"time":1,"angle":170.8},{"time":1.1667,"angle":-3.72},{"time":1.3333,"angle":0}],"translate":[{"time":0.5,"x":0,"y":0},{"time":0.6667,"x":0,"y":-4.04,"curve":"stepped"},{"time":1.3333,"x":0,"y":-4.04},{"time":1.8333,"x":0,"y":0}],"scale":[{"time":0.3333,"x":1,"y":1},{"time":0.5,"x":0.828,"y":0.828},{"time":0.6667,"x":1.157,"y":1.157,"curve":"stepped"},{"time":1.3333,"x":1.157,"y":1.157},{"time":1.8333,"x":0.828,"y":0.828},{"time":2,"x":1,"y":1}]},"bone10":{"rotate":[{"time":0.6667,"angle":0},{"time":0.8333,"angle":115.15},{"time":1,"angle":-129.39},{"time":1.1667,"angle":-3.72},{"time":1.3333,"angle":0}],"translate":[{"time":0.5,"x":0,"y":0},{"time":0.6667,"x":-0.33,"y":0,"curve":"stepped"},{"time":1.3333,"x":-0.33,"y":0},{"time":1.8333,"x":0,"y":0}],"scale":[{"time":0.3333,"x":1,"y":1},{"time":0.5,"x":0.891,"y":0.891},{"time":0.6667,"x":1.077,"y":1.077,"curve":"stepped"},{"time":1.3333,"x":1.077,"y":1.077},{"time":1.8333,"x":0.891,"y":0.891},{"time":2,"x":1,"y":1}]}},"deform":{"default":{"clip":{"clip":[{"time":1,"vertices":[-24.47197,-17.02396,-24.47197,-17.02396,-24.47197,-17.02396,-24.47197,-17.02396]},{"time":1.6667,"vertices":[-450.07156,-198.96782,-450.07156,-198.96782,-450.07156,-198.96782,-450.07156,-198.96782]}]},"dice_1":{"dice_1":[{"time":0.3333},{"time":0.5,"vertices":[-1.95299,1.43529,-1.86794,0.35471,-1.45887,0.47058,-0.3571,-0.86115,-0.28623,-2.38326,-1.31935,-4.26652,-1.12412,-3.32529,0,0,0,0,0,0,0,0,0,0,1.90517,-2.52263,2.82642,-2.77212,1.48011,-1.62227,0.80556,-1.64319,0,0,0,0,0,0,0,0,0,0,0,0,0,0,0,0,0,0,-4.90268,7.20146]},{"time":0.6667,"curve":"stepped","vertices":[0.02237,1.1035,0.16263,1.22678,-0.05618,1.46189,2.38088,0.31024,1.23118,-6.72598,2.33093,-6.25399,-10.58956,-13.24397,0.275,-0.05222,1.48137,1.2,1.09035,3.0405,0,0,0,0,-0.66183,-2.44585,-0.18513,-3.491,-0.52277,-2.59136,-2.33,-2.39716,-0.43161,1.52422,-0.48556,1.71474,-0.84134,0.79076,-0.26973,0.95263,0.29924,-4.82743,1.23185,-4.34976,1.70951,-5.28234,1.76551,-5.48008,2.78034,-6.04696,-8.76793,24.46423]},{"time":1.3333,"vertices":[0.02237,1.1035,0.16263,1.22678,-0.05618,1.46189,2.38088,0.31024,1.23118,-6.72598,2.33093,-6.25399,-10.58956,-13.24397,0.275,-0.05222,1.48137,1.2,1.09035,3.0405,0,0,0,0,-0.66183,-2.44585,-0.18513,-3.491,-0.52277,-2.59136,-2.33,-2.39716,-0.43161,1.52422,-0.48556,1.71474,-0.84134,0.79076,-0.26973,0.95263,0.29924,-4.82743,1.23185,-4.34976,1.70951,-5.28234,1.76551,-5.48008,2.78034,-6.04696,-8.76793,24.46423]},{"time":1.8333,"vertices":[-1.95299,1.43529,-1.86794,0.35471,-1.45887,0.47058,-0.3571,-0.86115,-0.28623,-2.38326,-1.31935,-4.26652,-1.12412,-3.32529,0,0,0,0,0,0,0,0,0,0,1.90517,-2.52263,2.82642,-2.77212,1.48011,-1.62227,0.80556,-1.64319,0,0,0,0,0,0,0,0,0,0,0,0,0,0,0,0,0,0,-4.90268,7.20146]},{"time":2}]},"dice_2":{"dice_2":[{"time":0.3333},{"time":0.5,"offset":8,"vertices":[5.56599,0.32026,0,0,0.54188,0.56606,0.59293,1.35033,1.04197,1.77358,1.75098,-2.94122,2.89928,-3.18543,2.85783,-2.81648,12.29001,10.72207,0,0,0,0,0,0,7.34216,19.28502]},{"time":0.6667,"offset":4,"curve":"stepped","vertices":[1.16423,-0.76702,1.92122,-0.78951,5.56599,0.32026,0,0,0.54188,0.56606,0.59293,1.35033,1.04197,1.77358,2.72524,-3.81654,4.30741,-4.99693,4.18221,-4.85635,13.07397,8.62134,0,0,0,0,0,0,2.48132,27.57285]},{"time":1.3333,"offset":4,"vertices":[1.16423,-0.76702,1.92122,-0.78951,5.56599,0.32026,0,0,0.54188,0.56606,0.59293,1.35033,1.04197,1.77358,2.72524,-3.81654,4.30741,-4.99693,4.18221,-4.85635,13.07397,8.62134,0,0,0,0,0,0,2.48132,27.57285]},{"time":1.8333,"offset":8,"vertices":[5.56599,0.32026,0,0,0.54188,0.56606,0.59293,1.35033,1.04197,1.77358,1.75098,-2.94122,2.89928,-3.18543,2.85783,-2.81648,12.29001,10.72207,0,0,0,0,0,0,7.34216,19.28502]},{"time":2}]},"dice_3":{"dice_3":[{"time":0.3333},{"time":0.5,"offset":8,"vertices":[-4.20962,1.74756,-3.67794,1.43678,-3.73789,0.52072,-4.07869,-0.46895,0,0,0,0,0,0,0,0,0,0,0,0,0,0,-10.12308,-1.45318,-11.5271,-1.82124]},{"time":0.6667,"curve":"stepped","vertices":[4.54899,-8.3101,4.31886,-7.0322,1.64507,-6.68051,1.77531,-7.86198,10.06276,-17.81758,10.10824,-17.92223,10.64606,-17.80212,9.92412,-16.95711,4.72761,-3.14426,4.61992,-4.29079,5.39505,-4.09517,5.58764,-2.31353,-1.48457,3.84143,-2.09789,3.10065,-2.83141,3.07895,-0.4115,-8.0018,6.29993,-18.20039]},{"time":1.3333,"vertices":[4.54899,-8.3101,4.31886,-7.0322,1.64507,-6.68051,1.77531,-7.86198,10.06276,-17.81758,10.10824,-17.92223,10.64606,-17.80212,9.92412,-16.95711,4.72761,-3.14426,4.61992,-4.29079,5.39505,-4.09517,5.58764,-2.31353,-1.48457,3.84143,-2.09789,3.10065,-2.83141,3.07895,-0.4115,-8.0018,6.29993,-18.20039]},{"time":1.8333,"offset":8,"vertices":[-4.20962,1.74756,-3.67794,1.43678,-3.73789,0.52072,-4.07869,-0.46895,0,0,0,0,0,0,0,0,0,0,0,0,0,0,-10.12308,-1.45318,-11.5271,-1.82124]},{"time":2}]},"dice_4":{"dice_1":[{"time":0.3333},{"time":0.5,"vertices":[-1.95299,1.43529,-1.86794,0.35471,-1.45887,0.47058,-0.3571,-0.86115,-0.28623,-2.38326,-1.31935,-4.26652,-1.12412,-3.32529,0,0,0,0,0,0,0,0,0,0,1.90517,-2.52263,2.82642,-2.77212,1.48011,-1.62227,0.80556,-1.64319,0,0,0,0,0,0,0,0,0,0,0,0,0,0,0,0,0,0,-4.90268,7.20146]},{"time":0.6667,"curve":"stepped","vertices":[0.02237,1.1035,0.16263,1.22678,-0.05618,1.46189,2.38088,0.31024,1.23118,-6.72598,2.33093,-6.25399,-10.58956,-13.24397,0.275,-0.05222,1.48137,1.2,1.09035,3.0405,0,0,0,0,-0.66183,-2.44585,-0.18513,-3.491,-0.52277,-2.59136,-2.33,-2.39716,-0.43161,1.52422,-0.48556,1.71474,-0.84134,0.79076,-0.26973,0.95263,0.29924,-4.82743,1.23185,-4.34976,1.70951,-5.28234,1.76551,-5.48008,2.78034,-6.04696,-8.76793,24.46423]},{"time":1.3333,"vertices":[0.02237,1.1035,0.16263,1.22678,-0.05618,1.46189,2.38088,0.31024,1.23118,-6.72598,2.33093,-6.25399,-10.58956,-13.24397,0.275,-0.05222,1.48137,1.2,1.09035,3.0405,0,0,0,0,-0.66183,-2.44585,-0.18513,-3.491,-0.52277,-2.59136,-2.33,-2.39716,-0.43161,1.52422,-0.48556,1.71474,-0.84134,0.79076,-0.26973,0.95263,0.29924,-4.82743,1.23185,-4.34976,1.70951,-5.28234,1.76551,-5.48008,2.78034,-6.04696,-8.76793,24.46423]},{"time":1.8333,"vertices":[-1.95299,1.43529,-1.86794,0.35471,-1.45887,0.47058,-0.3571,-0.86115,-0.28623,-2.38326,-1.31935,-4.26652,-1.12412,-3.32529,0,0,0,0,0,0,0,0,0,0,1.90517,-2.52263,2.82642,-2.77212,1.48011,-1.62227,0.80556,-1.64319,0,0,0,0,0,0,0,0,0,0,0,0,0,0,0,0,0,0,-4.90268,7.20146]},{"time":2}]},"dice_5":{"dice_3":[{"time":0.3333},{"time":0.5,"offset":8,"vertices":[-4.20962,1.74756,-3.67794,1.43678,-3.73789,0.52072,-4.07869,-0.46895,0,0,0,0,0,0,0,0,0,0,0,0,0,0,-10.12308,-1.45318,-11.5271,-1.82124]},{"time":0.6667,"curve":"stepped","vertices":[4.54899,-8.3101,4.31886,-7.0322,1.64507,-6.68051,1.77531,-7.86198,10.06276,-17.81758,10.10824,-17.92223,10.64606,-17.80212,9.92412,-16.95711,4.72761,-3.14426,4.61992,-4.29079,5.39505,-4.09517,5.58764,-2.31353,-1.48457,3.84143,-2.09789,3.10065,-2.83141,3.07895,-0.4115,-8.0018,6.29993,-18.20039]},{"time":1.3333,"vertices":[4.54899,-8.3101,4.31886,-7.0322,1.64507,-6.68051,1.77531,-7.86198,10.06276,-17.81758,10.10824,-17.92223,10.64606,-17.80212,9.92412,-16.95711,4.72761,-3.14426,4.61992,-4.29079,5.39505,-4.09517,5.58764,-2.31353,-1.48457,3.84143,-2.09789,3.10065,-2.83141,3.07895,-0.4115,-8.0018,6.29993,-18.20039]},{"time":1.8333,"offset":8,"vertices":[-4.20962,1.74756,-3.67794,1.43678,-3.73789,0.52072,-4.07869,-0.46895,0,0,0,0,0,0,0,0,0,0,0,0,0,0,-10.12308,-1.45318,-11.5271,-1.82124]},{"time":2}]},"dice_6":{"dice_2":[{"time":0.3333},{"time":0.5,"offset":8,"vertices":[5.56599,0.32026,0,0,0.54188,0.56606,0.59293,1.35033,1.04197,1.77358,1.75098,-2.94122,2.89928,-3.18543,2.85783,-2.81648,12.29001,10.72207,0,0,0,0,0,0,7.34216,19.28502]},{"time":0.6667,"offset":4,"curve":"stepped","vertices":[1.16423,-0.76702,1.92122,-0.78951,5.56599,0.32026,0,0,0.54188,0.56606,0.59293,1.35033,1.04197,1.77358,2.72524,-3.81654,4.30741,-4.99693,4.18221,-4.85635,13.07397,8.62134,0,0,0,0,0,0,2.48132,27.57285]},{"time":1.3333,"offset":4,"vertices":[1.16423,-0.76702,1.92122,-0.78951,5.56599,0.32026,0,0,0.54188,0.56606,0.59293,1.35033,1.04197,1.77358,2.72524,-3.81654,4.30741,-4.99693,4.18221,-4.85635,13.07397,8.62134,0,0,0,0,0,0,2.48132,27.57285]},{"time":1.8333,"offset":8,"vertices":[5.56599,0.32026,0,0,0.54188,0.56606,0.59293,1.35033,1.04197,1.77358,1.75098,-2.94122,2.89928,-3.18543,2.85783,-2.81648,12.29001,10.72207,0,0,0,0,0,0,7.34216,19.28502]},{"time":2}]},"tài2":{"tài":[{"time":0.5},{"time":0.6667,"vertices":[-17.48602,17.02763,15.65247,18.72703,17.48601,-17.02764,-15.65247,-18.72702]},{"time":1.1667},{"time":1.3333,"vertices":[-17.48602,17.02763,15.65247,18.72703,17.48601,-17.02764,-15.65247,-18.72702]},{"time":1.8333},{"time":2,"vertices":[-17.48602,17.02763,15.65247,18.72703,17.48601,-17.02764,-15.65247,-18.72702]}]}}}},"win_xiu":{"slots":{"abstract":{"color":[{"time":0,"color":"ffffff00"},{"time":0.3333,"color":"ffffffff"},{"time":0.6667,"color":"ffffff00"},{"time":1,"color":"ffffffff"},{"time":1.3333,"color":"ffffff00"},{"time":1.6667,"color":"ffffffff"},{"time":2,"color":"ffffff00"}]},"abstract2":{"color":[{"time":0,"color":"ffffffff"},{"time":0.3333,"color":"ffffff00"},{"time":0.6667,"color":"ffffffff"},{"time":1,"color":"ffffff00"},{"time":1.3333,"color":"ffffffff"},{"time":1.6667,"color":"ffffff00"},{"time":2,"color":"ffffffff"}]},"led_1":{"attachment":[{"time":0,"name":null}]},"led_2":{"attachment":[{"time":0,"name":null}]},"led_3":{"attachment":[{"time":0.1667,"name":null},{"time":0.3333,"name":"led_2"},{"time":0.5,"name":null},{"time":0.6667,"name":"led_2"},{"time":0.8333,"name":null},{"time":1,"name":"led_2"},{"time":1.1667,"name":null},{"time":1.3333,"name":"led_2"},{"time":1.5,"name":null},{"time":1.6667,"name":"led_2"},{"time":1.8333,"name":null},{"time":2,"name":"led_2"}]},"led_4":{"attachment":[{"time":0,"name":null},{"time":0.1667,"name":"led_1"},{"time":0.3333,"name":null},{"time":0.5,"name":"led_1"},{"time":0.8333,"name":null},{"time":1,"name":"led_1"},{"time":1.1667,"name":null},{"time":1.3333,"name":"led_1"},{"time":1.5,"name":null},{"time":1.8333,"name":"led_1"},{"time":2,"name":null}]},"tài2":{"color":[{"time":0,"color":"ffffff00"}]},"xỉu2":{"color":[{"time":0,"color":"ffffff00","curve":"stepped"},{"time":0.3333,"color":"ffffff00"},{"time":0.5,"color":"ffffffff"},{"time":0.7,"color":"ffffff00","curve":"stepped"},{"time":1,"color":"ffffff00"},{"time":1.1667,"color":"ffffffff"},{"time":1.3667,"color":"ffffff00","curve":"stepped"},{"time":1.6667,"color":"ffffff00"},{"time":1.8333,"color":"ffffffff"},{"time":2,"color":"ffffff00"}]}},"bones":{"bone5":{"rotate":[{"time":0.6667,"angle":0},{"time":0.8333,"angle":115.15},{"time":1,"angle":-129.39},{"time":1.1667,"angle":-3.72},{"time":1.3333,"angle":0}],"translate":[{"time":0.5,"x":0,"y":0},{"time":0.6667,"x":-0.33,"y":0,"curve":"stepped"},{"time":1.3333,"x":-0.33,"y":0},{"time":1.8333,"x":0,"y":0}],"scale":[{"time":0.3333,"x":1,"y":1},{"time":0.5,"x":0.891,"y":0.891},{"time":0.6667,"x":1.077,"y":1.077,"curve":"stepped"},{"time":1.3333,"x":1.077,"y":1.077},{"time":1.8333,"x":0.891,"y":0.891},{"time":2,"x":1,"y":1}]},"bone3":{"rotate":[{"time":0.6667,"angle":0},{"time":0.8333,"angle":-53.58},{"time":1,"angle":170.8},{"time":1.1667,"angle":-3.72},{"time":1.3333,"angle":0}],"translate":[{"time":0.5,"x":0,"y":0},{"time":0.6667,"x":-4.82,"y":0,"curve":"stepped"},{"time":1.3333,"x":-4.82,"y":0},{"time":1.8333,"x":0,"y":0}],"scale":[{"time":0.3333,"x":1,"y":1},{"time":0.5,"x":0.941,"y":0.941},{"time":0.6667,"x":1.071,"y":1.071,"curve":"stepped"},{"time":1.3333,"x":1.071,"y":1.071},{"time":1.8333,"x":0.941,"y":0.941},{"time":2,"x":1,"y":1}]},"bone4":{"rotate":[{"time":0.6667,"angle":0},{"time":0.8333,"angle":-53.58},{"time":1,"angle":170.8},{"time":1.1667,"angle":-3.72},{"time":1.3333,"angle":0}],"translate":[{"time":0.5,"x":0,"y":0},{"time":0.6667,"x":0,"y":-4.04,"curve":"stepped"},{"time":1.3333,"x":0,"y":-4.04},{"time":1.8333,"x":0,"y":0}],"scale":[{"time":0.3333,"x":1,"y":1},{"time":0.5,"x":0.828,"y":0.828},{"time":0.6667,"x":1.157,"y":1.157,"curve":"stepped"},{"time":1.3333,"x":1.157,"y":1.157},{"time":1.8333,"x":0.828,"y":0.828},{"time":2,"x":1,"y":1}]},"bone":{"scale":[{"time":0,"x":1,"y":1},{"time":0.5,"x":1.073,"y":1.073},{"time":1,"x":1,"y":1},{"time":1.5,"x":1.073,"y":1.073},{"time":2,"x":1,"y":1}]},"bone8":{"rotate":[{"time":0.6667,"angle":0},{"time":0.8333,"angle":-53.58},{"time":1,"angle":170.8},{"time":1.1667,"angle":-3.72},{"time":1.3333,"angle":0}],"translate":[{"time":0.5,"x":0,"y":0},{"time":0.6667,"x":-4.82,"y":0,"curve":"stepped"},{"time":1.3333,"x":-4.82,"y":0},{"time":1.8333,"x":0,"y":0}],"scale":[{"time":0.3333,"x":1,"y":1},{"time":0.5,"x":0.941,"y":0.941},{"time":0.6667,"x":1.071,"y":1.071,"curve":"stepped"},{"time":1.3333,"x":1.071,"y":1.071},{"time":1.8333,"x":0.941,"y":0.941},{"time":2,"x":1,"y":1}]},"bone9":{"rotate":[{"time":0.6667,"angle":0},{"time":0.8333,"angle":-53.58},{"time":1,"angle":170.8},{"time":1.1667,"angle":-3.72},{"time":1.3333,"angle":0}],"translate":[{"time":0.5,"x":0,"y":0},{"time":0.6667,"x":0,"y":-4.04,"curve":"stepped"},{"time":1.3333,"x":0,"y":-4.04},{"time":1.8333,"x":0,"y":0}],"scale":[{"time":0.3333,"x":1,"y":1},{"time":0.5,"x":0.828,"y":0.828},{"time":0.6667,"x":1.157,"y":1.157,"curve":"stepped"},{"time":1.3333,"x":1.157,"y":1.157},{"time":1.8333,"x":0.828,"y":0.828},{"time":2,"x":1,"y":1}]},"bone10":{"rotate":[{"time":0.6667,"angle":0},{"time":0.8333,"angle":115.15},{"time":1,"angle":-129.39},{"time":1.1667,"angle":-3.72},{"time":1.3333,"angle":0}],"translate":[{"time":0.5,"x":0,"y":0},{"time":0.6667,"x":-0.33,"y":0,"curve":"stepped"},{"time":1.3333,"x":-0.33,"y":0},{"time":1.8333,"x":0,"y":0}],"scale":[{"time":0.3333,"x":1,"y":1},{"time":0.5,"x":0.891,"y":0.891},{"time":0.6667,"x":1.077,"y":1.077,"curve":"stepped"},{"time":1.3333,"x":1.077,"y":1.077},{"time":1.8333,"x":0.891,"y":0.891},{"time":2,"x":1,"y":1}]},"bone2":{"scale":[{"time":0.1667,"x":1,"y":1},{"time":0.3333,"x":0.861,"y":0.861},{"time":0.5,"x":1.201,"y":1.201},{"time":0.6667,"x":1,"y":1,"curve":"stepped"},{"time":0.8333,"x":1,"y":1},{"time":1,"x":0.861,"y":0.861},{"time":1.1667,"x":1.201,"y":1.201},{"time":1.3333,"x":1,"y":1,"curve":"stepped"},{"time":1.5,"x":1,"y":1},{"time":1.6667,"x":0.861,"y":0.861},{"time":1.8333,"x":1.201,"y":1.201},{"time":2,"x":1,"y":1}]}},"deform":{"default":{"clip":{"clip":[{"time":1,"vertices":[-24.47197,-17.02396,-24.47197,-17.02396,-24.47197,-17.02396,-24.47197,-17.02396]},{"time":1.6667,"vertices":[-450.07156,-198.96782,-450.07156,-198.96782,-450.07156,-198.96782,-450.07156,-198.96782]}]},"dice_1":{"dice_1":[{"time":0.3333},{"time":0.5,"vertices":[-1.95299,1.43529,-1.86794,0.35471,-1.45887,0.47058,-0.3571,-0.86115,-0.28623,-2.38326,-1.31935,-4.26652,-1.12412,-3.32529,0,0,0,0,0,0,0,0,0,0,1.90517,-2.52263,2.82642,-2.77212,1.48011,-1.62227,0.80556,-1.64319,0,0,0,0,0,0,0,0,0,0,0,0,0,0,0,0,0,0,-4.90268,7.20146]},{"time":0.6667,"curve":"stepped","vertices":[0.02237,1.1035,0.16263,1.22678,-0.05618,1.46189,2.38088,0.31024,1.23118,-6.72598,2.33093,-6.25399,-10.58956,-13.24397,0.275,-0.05222,1.48137,1.2,1.09035,3.0405,0,0,0,0,-0.66183,-2.44585,-0.18513,-3.491,-0.52277,-2.59136,-2.33,-2.39716,-0.43161,1.52422,-0.48556,1.71474,-0.84134,0.79076,-0.26973,0.95263,0.29924,-4.82743,1.23185,-4.34976,1.70951,-5.28234,1.76551,-5.48008,2.78034,-6.04696,-8.76793,24.46423]},{"time":1.3333,"vertices":[0.02237,1.1035,0.16263,1.22678,-0.05618,1.46189,2.38088,0.31024,1.23118,-6.72598,2.33093,-6.25399,-10.58956,-13.24397,0.275,-0.05222,1.48137,1.2,1.09035,3.0405,0,0,0,0,-0.66183,-2.44585,-0.18513,-3.491,-0.52277,-2.59136,-2.33,-2.39716,-0.43161,1.52422,-0.48556,1.71474,-0.84134,0.79076,-0.26973,0.95263,0.29924,-4.82743,1.23185,-4.34976,1.70951,-5.28234,1.76551,-5.48008,2.78034,-6.04696,-8.76793,24.46423]},{"time":1.8333,"vertices":[-1.95299,1.43529,-1.86794,0.35471,-1.45887,0.47058,-0.3571,-0.86115,-0.28623,-2.38326,-1.31935,-4.26652,-1.12412,-3.32529,0,0,0,0,0,0,0,0,0,0,1.90517,-2.52263,2.82642,-2.77212,1.48011,-1.62227,0.80556,-1.64319,0,0,0,0,0,0,0,0,0,0,0,0,0,0,0,0,0,0,-4.90268,7.20146]},{"time":2}]},"dice_2":{"dice_2":[{"time":0.3333},{"time":0.5,"offset":8,"vertices":[5.56599,0.32026,0,0,0.54188,0.56606,0.59293,1.35033,1.04197,1.77358,1.75098,-2.94122,2.89928,-3.18543,2.85783,-2.81648,12.29001,10.72207,0,0,0,0,0,0,7.34216,19.28502]},{"time":0.6667,"offset":4,"curve":"stepped","vertices":[1.16423,-0.76702,1.92122,-0.78951,5.56599,0.32026,0,0,0.54188,0.56606,0.59293,1.35033,1.04197,1.77358,2.72524,-3.81654,4.30741,-4.99693,4.18221,-4.85635,13.07397,8.62134,0,0,0,0,0,0,2.48132,27.57285]},{"time":1.3333,"offset":4,"vertices":[1.16423,-0.76702,1.92122,-0.78951,5.56599,0.32026,0,0,0.54188,0.56606,0.59293,1.35033,1.04197,1.77358,2.72524,-3.81654,4.30741,-4.99693,4.18221,-4.85635,13.07397,8.62134,0,0,0,0,0,0,2.48132,27.57285]},{"time":1.8333,"offset":8,"vertices":[5.56599,0.32026,0,0,0.54188,0.56606,0.59293,1.35033,1.04197,1.77358,1.75098,-2.94122,2.89928,-3.18543,2.85783,-2.81648,12.29001,10.72207,0,0,0,0,0,0,7.34216,19.28502]},{"time":2}]},"dice_3":{"dice_3":[{"time":0.3333},{"time":0.5,"offset":8,"vertices":[-4.20962,1.74756,-3.67794,1.43678,-3.73789,0.52072,-4.07869,-0.46895,0,0,0,0,0,0,0,0,0,0,0,0,0,0,-10.12308,-1.45318,-11.5271,-1.82124]},{"time":0.6667,"curve":"stepped","vertices":[4.54899,-8.3101,4.31886,-7.0322,1.64507,-6.68051,1.77531,-7.86198,10.06276,-17.81758,10.10824,-17.92223,10.64606,-17.80212,9.92412,-16.95711,4.72761,-3.14426,4.61992,-4.29079,5.39505,-4.09517,5.58764,-2.31353,-1.48457,3.84143,-2.09789,3.10065,-2.83141,3.07895,-0.4115,-8.0018,6.29993,-18.20039]},{"time":1.3333,"vertices":[4.54899,-8.3101,4.31886,-7.0322,1.64507,-6.68051,1.77531,-7.86198,10.06276,-17.81758,10.10824,-17.92223,10.64606,-17.80212,9.92412,-16.95711,4.72761,-3.14426,4.61992,-4.29079,5.39505,-4.09517,5.58764,-2.31353,-1.48457,3.84143,-2.09789,3.10065,-2.83141,3.07895,-0.4115,-8.0018,6.29993,-18.20039]},{"time":1.8333,"offset":8,"vertices":[-4.20962,1.74756,-3.67794,1.43678,-3.73789,0.52072,-4.07869,-0.46895,0,0,0,0,0,0,0,0,0,0,0,0,0,0,-10.12308,-1.45318,-11.5271,-1.82124]},{"time":2}]},"dice_4":{"dice_1":[{"time":0.3333},{"time":0.5,"vertices":[-1.95299,1.43529,-1.86794,0.35471,-1.45887,0.47058,-0.3571,-0.86115,-0.28623,-2.38326,-1.31935,-4.26652,-1.12412,-3.32529,0,0,0,0,0,0,0,0,0,0,1.90517,-2.52263,2.82642,-2.77212,1.48011,-1.62227,0.80556,-1.64319,0,0,0,0,0,0,0,0,0,0,0,0,0,0,0,0,0,0,-4.90268,7.20146]},{"time":0.6667,"curve":"stepped","vertices":[0.02237,1.1035,0.16263,1.22678,-0.05618,1.46189,2.38088,0.31024,1.23118,-6.72598,2.33093,-6.25399,-10.58956,-13.24397,0.275,-0.05222,1.48137,1.2,1.09035,3.0405,0,0,0,0,-0.66183,-2.44585,-0.18513,-3.491,-0.52277,-2.59136,-2.33,-2.39716,-0.43161,1.52422,-0.48556,1.71474,-0.84134,0.79076,-0.26973,0.95263,0.29924,-4.82743,1.23185,-4.34976,1.70951,-5.28234,1.76551,-5.48008,2.78034,-6.04696,-8.76793,24.46423]},{"time":1.3333,"vertices":[0.02237,1.1035,0.16263,1.22678,-0.05618,1.46189,2.38088,0.31024,1.23118,-6.72598,2.33093,-6.25399,-10.58956,-13.24397,0.275,-0.05222,1.48137,1.2,1.09035,3.0405,0,0,0,0,-0.66183,-2.44585,-0.18513,-3.491,-0.52277,-2.59136,-2.33,-2.39716,-0.43161,1.52422,-0.48556,1.71474,-0.84134,0.79076,-0.26973,0.95263,0.29924,-4.82743,1.23185,-4.34976,1.70951,-5.28234,1.76551,-5.48008,2.78034,-6.04696,-8.76793,24.46423]},{"time":1.8333,"vertices":[-1.95299,1.43529,-1.86794,0.35471,-1.45887,0.47058,-0.3571,-0.86115,-0.28623,-2.38326,-1.31935,-4.26652,-1.12412,-3.32529,0,0,0,0,0,0,0,0,0,0,1.90517,-2.52263,2.82642,-2.77212,1.48011,-1.62227,0.80556,-1.64319,0,0,0,0,0,0,0,0,0,0,0,0,0,0,0,0,0,0,-4.90268,7.20146]},{"time":2}]},"dice_5":{"dice_3":[{"time":0.3333},{"time":0.5,"offset":8,"vertices":[-4.20962,1.74756,-3.67794,1.43678,-3.73789,0.52072,-4.07869,-0.46895,0,0,0,0,0,0,0,0,0,0,0,0,0,0,-10.12308,-1.45318,-11.5271,-1.82124]},{"time":0.6667,"curve":"stepped","vertices":[4.54899,-8.3101,4.31886,-7.0322,1.64507,-6.68051,1.77531,-7.86198,10.06276,-17.81758,10.10824,-17.92223,10.64606,-17.80212,9.92412,-16.95711,4.72761,-3.14426,4.61992,-4.29079,5.39505,-4.09517,5.58764,-2.31353,-1.48457,3.84143,-2.09789,3.10065,-2.83141,3.07895,-0.4115,-8.0018,6.29993,-18.20039]},{"time":1.3333,"vertices":[4.54899,-8.3101,4.31886,-7.0322,1.64507,-6.68051,1.77531,-7.86198,10.06276,-17.81758,10.10824,-17.92223,10.64606,-17.80212,9.92412,-16.95711,4.72761,-3.14426,4.61992,-4.29079,5.39505,-4.09517,5.58764,-2.31353,-1.48457,3.84143,-2.09789,3.10065,-2.83141,3.07895,-0.4115,-8.0018,6.29993,-18.20039]},{"time":1.8333,"offset":8,"vertices":[-4.20962,1.74756,-3.67794,1.43678,-3.73789,0.52072,-4.07869,-0.46895,0,0,0,0,0,0,0,0,0,0,0,0,0,0,-10.12308,-1.45318,-11.5271,-1.82124]},{"time":2}]},"dice_6":{"dice_2":[{"time":0.3333},{"time":0.5,"offset":8,"vertices":[5.56599,0.32026,0,0,0.54188,0.56606,0.59293,1.35033,1.04197,1.77358,1.75098,-2.94122,2.89928,-3.18543,2.85783,-2.81648,12.29001,10.72207,0,0,0,0,0,0,7.34216,19.28502]},{"time":0.6667,"offset":4,"curve":"stepped","vertices":[1.16423,-0.76702,1.92122,-0.78951,5.56599,0.32026,0,0,0.54188,0.56606,0.59293,1.35033,1.04197,1.77358,2.72524,-3.81654,4.30741,-4.99693,4.18221,-4.85635,13.07397,8.62134,0,0,0,0,0,0,2.48132,27.57285]},{"time":1.3333,"offset":4,"vertices":[1.16423,-0.76702,1.92122,-0.78951,5.56599,0.32026,0,0,0.54188,0.56606,0.59293,1.35033,1.04197,1.77358,2.72524,-3.81654,4.30741,-4.99693,4.18221,-4.85635,13.07397,8.62134,0,0,0,0,0,0,2.48132,27.57285]},{"time":1.8333,"offset":8,"vertices":[5.56599,0.32026,0,0,0.54188,0.56606,0.59293,1.35033,1.04197,1.77358,1.75098,-2.94122,2.89928,-3.18543,2.85783,-2.81648,12.29001,10.72207,0,0,0,0,0,0,7.34216,19.28502]},{"time":2}]},"xỉu2":{"xỉu":[{"time":0.5},{"time":0.6667,"vertices":[-11.8482,11.83745,12.47036,11.18016,11.84825,-11.83759,-12.47037,-11.18027]},{"time":1.1667},{"time":1.3333,"vertices":[-11.8482,11.83745,12.47036,11.18016,11.84825,-11.83759,-12.47037,-11.18027]},{"time":1.8333},{"time":2,"vertices":[-11.8482,11.83745,12.47036,11.18016,11.84825,-11.83759,-12.47037,-11.18027]}]}}}}}},[0]]],0,0,[0],[-1],[0]]
