[1,["24X56kuQZKrYhjD39QLejv"],0,[["sp.SkeletonData",["_name","_atlasText","textureNames","_skeletonJson","textures"],-1,3]],[[0,0,1,2,3,4,5]],[[0,"tps_symbol_3","\nBeer.png\nsize: 124,168\nformat: RGBA8888\nfilter: Linear,Linear\nrepeat: none\nbeer\n  rotate: true\n  xy: 2, 2\n  size: 109, 117\n  orig: 109, 117\n  offset: 0, 0\n  index: -1\nfoam\n  rotate: false\n  xy: 2, 113\n  size: 94, 50\n  orig: 94, 50\n  offset: 0, 0\n  index: -1\n",["Beer.png"],{"skeleton":{"hash":"EhUVEwUfrh+kfn5Y4/zWHzOQcKs","spine":"3.7.94","width":111.11,"height":134.04,"images":"","audio":""},"bones":[{"name":"root"},{"name":"bone","parent":"root"},{"name":"bone3","parent":"root","length":55.22,"rotation":0.24,"x":-39.82,"y":54.81},{"name":"bone4","parent":"bone3","length":26.94,"rotation":-87.23,"x":54.97,"y":-5.43}],"slots":[{"name":"beer","bone":"bone","attachment":"beer"},{"name":"foam","bone":"bone3","attachment":"foam"}],"skins":{"default":{"beer":{"beer":{"x":1.01,"y":-8.53,"width":109,"height":117}},"foam":{"foam":{"type":"mesh","hull":12,"width":94,"height":50,"uvs":[0.91897,0.1021,1,0.29664,1,0.609,0.94083,0.79532,0.80529,1,0.67995,1,0.37389,0.58434,0,0.53776,0,0.19252,0.05471,0.08292,0.20483,0,0.73971,0],"triangles":[4,5,3,3,5,2,6,2,5,6,1,2,11,1,6,1,11,0,10,6,8,8,9,10,6,10,11,6,7,8],"vertices":[2,2,70.63,6.8,0.67193,3,-11.45,16.24,0.32807,2,2,78.21,-2.96,0.29676,3,-1.34,23.33,0.70324,2,2,78.14,-18.58,0.03601,3,14.26,22.51,0.96399,2,2,72.54,-27.87,0.00045,3,23.27,16.47,0.99955,1,3,32.82,3.21,1,2,2,47.97,-38,0.02767,3,32.2,-8.56,0.97233,2,2,19.29,-17.1,0.28,3,9.93,-36.2,0.72,1,2,-15.84,-14.62,1,1,2,-15.77,2.64,1,1,2,-10.6,8.1,1,1,2,3.52,12.19,1,1,2,53.8,11.97,1],"edges":[14,12,12,10,4,6,8,10,6,8,4,2,2,0,0,22,20,22,20,18,14,16,18,16]}}}},"animations":{"fade":{"slots":{"beer":{"color":[{"time":0,"color":"a0a0a0ff"}]},"foam":{"color":[{"time":0,"color":"a0a0a0ff"}]}}},"symbolFx":{"bones":{"root":{"rotate":[{"time":0,"angle":0,"curve":[0.25,0,0.75,1]},{"time":0.3333,"angle":3.54,"curve":[0.25,0,0.75,1]},{"time":0.5,"angle":-3.78,"curve":[0.25,0,0.75,1]},{"time":0.6667,"angle":3.49,"curve":[0.25,0,0.75,1]},{"time":0.8333,"angle":-3.78,"curve":[0.25,0,0.75,1]},{"time":1,"angle":3.49,"curve":[0.25,0,0.75,1]},{"time":1.1667,"angle":-3.78,"curve":[0.25,0,0.75,1]},{"time":1.3333,"angle":3.49,"curve":[0.25,0,0.75,1]},{"time":1.5,"angle":-2.64,"curve":[0.25,0,0.75,1]},{"time":2,"angle":0}],"scale":[{"time":0,"x":1,"y":1,"curve":[0.25,0,0.75,1]},{"time":0.3333,"x":1.053,"y":1.053,"curve":[0.25,0,0.75,1]},{"time":0.6667,"x":1.058,"y":1.058,"curve":[0.25,0,0.75,1]},{"time":2,"x":1,"y":1}]},"bone4":{"scale":[{"time":0,"x":1,"y":1,"curve":[0.25,0,0.75,1]},{"time":1.3333,"x":1.5,"y":1,"curve":[0.25,0,0.75,1]},{"time":2,"x":1,"y":1}]}}},"idle":{"bones":{"root":{"scale":[{"time":0,"x":1,"y":1,"curve":[0.25,0,0.75,1]},{"time":0.8333,"x":1.03,"y":1.03,"curve":[0.25,0,0.75,1]},{"time":1.6667,"x":1,"y":1}]}}}}},[0]]],0,0,[0],[-1],[0]]
