[1,["d3tpvv+1lIrZDLBsjUdEYa"],0,[["sp.SkeletonData",["_name","_atlasText","textureNames","_skeletonJson","textures"],-1,3]],[[0,0,1,2,3,4,5]],[[0,"skeleton","\nskeleton.png\nsize: 2048,256\nformat: RGBA8888\nfilter: Linear,Linear\nrepeat: none\nSPINE_TAIXIU/Group 1\n  rotate: false\n  xy: 2, 2\n  size: 27, 28\n  orig: 27, 28\n  offset: 0, 0\n  index: -1\nSPINE_TAIXIU/WIN_1\n  rotate: false\n  xy: 2, 32\n  size: 287, 204\n  orig: 287, 204\n  offset: 0, 0\n  index: -1\nSPINE_TAIXIU/WIN_2\n  rotate: false\n  xy: 291, 32\n  size: 287, 204\n  orig: 287, 204\n  offset: 0, 0\n  index: -1\nSPINE_TAIXIU/board_L\n  rotate: false\n  xy: 580, 32\n  size: 287, 204\n  orig: 287, 204\n  offset: 0, 0\n  index: -1\nSPINE_TAIXIU/board_R\n  rotate: false\n  xy: 869, 32\n  size: 287, 204\n  orig: 287, 204\n  offset: 0, 0\n  index: -1\nSPINE_TAIXIU/tai\n  rotate: true\n  xy: 1422, 119\n  size: 117, 122\n  orig: 117, 122\n  offset: 0, 0\n  index: -1\nSPINE_TAIXIU/tai_light\n  rotate: false\n  xy: 1546, 121\n  size: 111, 115\n  orig: 111, 115\n  offset: 0, 0\n  index: -1\nSPINE_TAIXIU/xỉu\n  rotate: false\n  xy: 1158, 109\n  size: 133, 127\n  orig: 133, 127\n  offset: 0, 0\n  index: -1\nSPINE_TAIXIU/xỉu_light\n  rotate: false\n  xy: 1293, 115\n  size: 127, 121\n  orig: 127, 121\n  offset: 0, 0\n  index: -1\n",["skeleton.png"],{"skeleton":{"hash":"apTFR/EPdLYpxvDtJ4UGE80TlOg","spine":"3.7.94","width":862,"height":208.37,"images":"","audio":""},"bones":[{"name":"root"},{"name":"bone2","parent":"root","x":-301.38,"y":284.68,"scaleX":-0.999,"color":"ce00ffff"},{"name":"light_2","parent":"bone2","x":-9.33,"y":-129.18,"color":"ff0000ff"},{"name":"bone","parent":"bone2","x":174.48,"y":-292.75,"color":"0d00ffff"},{"name":"clip","parent":"bone2","length":129.86,"rotation":135.24,"x":151.93,"y":-179.17,"color":"f7ff00ff"},{"name":"xiu","parent":"bone2","length":52.97,"x":-4.7,"y":-293.51,"scaleX":-1.002,"color":"0044ffff"},{"name":"xiu2","parent":"xiu","length":56.8,"rotation":178.21,"x":0.35,"y":-10.06,"color":"0044ffff"},{"name":"xiu3","parent":"xiu","length":56.8,"rotation":178.21,"x":0.35,"y":-10.06,"color":"0044ffff"},{"name":"bone3","parent":"root","x":291.33,"y":284.68,"color":"ce00ffff"},{"name":"light_3","parent":"bone3","x":-9.33,"y":-129.18,"color":"ff0000ff"},{"name":"bone4","parent":"bone3","x":174.48,"y":-292.75,"color":"0d00ffff"},{"name":"clip2","parent":"bone3","length":129.86,"rotation":135.24,"x":151.93,"y":-179.17,"color":"f7ff00ff"},{"name":"xiu4","parent":"bone3","length":52.97,"x":-4.7,"y":-293.51,"color":"0044ffff"},{"name":"xiu5","parent":"xiu4","length":56.8,"rotation":178.21,"x":0.35,"y":-10.06,"color":"0044ffff"},{"name":"xiu6","parent":"xiu4","length":56.8,"rotation":178.21,"x":0.35,"y":-10.06,"color":"0044ffff"}],"slots":[{"name":"SPINE_TAIXIU/board_L","bone":"root","attachment":"SPINE_TAIXIU/board_L"},{"name":"SPINE_TAIXIU/board_R","bone":"root","attachment":"SPINE_TAIXIU/board_R"},{"name":"SPINE_TAIXIU/WIN_3","bone":"light_2"},{"name":"SPINE_TAIXIU/WIN_5","bone":"light_3"},{"name":"SPINE_TAIXIU/WIN_4","bone":"light_2"},{"name":"SPINE_TAIXIU/WIN_6","bone":"light_3"},{"name":"SPINE_TAIXIU/Group 1","bone":"bone","attachment":"SPINE_TAIXIU/Group 60"},{"name":"SPINE_TAIXIU/Group 3","bone":"bone4","attachment":"SPINE_TAIXIU/Group 60"},{"name":"SPINE_TAIXIU/Group 2","bone":"bone","attachment":"SPINE_TAIXIU/Group 60"},{"name":"SPINE_TAIXIU/Group 4","bone":"bone4","attachment":"SPINE_TAIXIU/Group 60"},{"name":"SPINE_TAIXIU/xỉu","bone":"xiu","attachment":"SPINE_TAIXIU/tai"},{"name":"SPINE_TAIXIU/xỉu2","bone":"xiu4","attachment":"SPINE_TAIXIU/xỉu"},{"name":"SPINE_TAIXIU/xỉu_light2","bone":"xiu2","attachment":"SPINE_TAIXIU/tai_light","blend":"screen"},{"name":"SPINE_TAIXIU/xỉu_light5","bone":"xiu5","attachment":"SPINE_TAIXIU/xỉu_light","blend":"screen"},{"name":"SPINE_TAIXIU/xỉu_light3","bone":"xiu3","attachment":"SPINE_TAIXIU/tai_light","blend":"screen"},{"name":"SPINE_TAIXIU/xỉu_light6","bone":"xiu6","attachment":"SPINE_TAIXIU/xỉu_light","blend":"screen"},{"name":"clip","bone":"clip","attachment":"clip"},{"name":"clip2","bone":"clip2","attachment":"clip"},{"name":"SPINE_TAIXIU/xỉu_light","bone":"xiu","attachment":"SPINE_TAIXIU/tai_light","blend":"additive"},{"name":"SPINE_TAIXIU/xỉu_light4","bone":"xiu4","attachment":"SPINE_TAIXIU/xỉu_light","blend":"additive"}],"skins":{"default":{"SPINE_TAIXIU/Group 1":{"SPINE_TAIXIU/Group 1":{"x":-318.16,"y":58.16,"width":27,"height":28},"SPINE_TAIXIU/Group 2":{"path":"SPINE_TAIXIU/Group 1","x":-316.8,"y":72.17,"width":27,"height":28},"SPINE_TAIXIU/Group 3":{"path":"SPINE_TAIXIU/Group 1","x":-308.66,"y":78.5,"width":27,"height":28},"SPINE_TAIXIU/Group 4":{"path":"SPINE_TAIXIU/Group 1","x":-296.46,"y":81.66,"width":27,"height":28},"SPINE_TAIXIU/Group 5":{"path":"SPINE_TAIXIU/Group 1","x":-282.45,"y":81.66,"width":27,"height":28},"SPINE_TAIXIU/Group 6":{"path":"SPINE_TAIXIU/Group 1","x":-270.24,"y":83.92,"width":27,"height":28},"SPINE_TAIXIU/Group 7":{"path":"SPINE_TAIXIU/Group 1","x":-256.23,"y":83.92,"width":27,"height":28},"SPINE_TAIXIU/Group 8":{"path":"SPINE_TAIXIU/Group 1","x":-243.58,"y":84.37,"width":27,"height":28},"SPINE_TAIXIU/Group 9":{"path":"SPINE_TAIXIU/Group 1","x":-230.02,"y":87.09,"width":27,"height":28},"SPINE_TAIXIU/Group 10":{"path":"SPINE_TAIXIU/Group 1","x":-217.81,"y":87.09,"width":27,"height":28},"SPINE_TAIXIU/Group 11":{"path":"SPINE_TAIXIU/Group 1","x":-204.25,"y":89.35,"width":27,"height":28},"SPINE_TAIXIU/Group 12":{"path":"SPINE_TAIXIU/Group 1","x":-191.51,"y":89.35,"width":27,"height":28},"SPINE_TAIXIU/Group 13":{"path":"SPINE_TAIXIU/Group 1","x":-178.23,"y":90.41,"width":27,"height":28},"SPINE_TAIXIU/Group 14":{"path":"SPINE_TAIXIU/Group 1","x":-164.43,"y":92,"width":27,"height":28},"SPINE_TAIXIU/Group 15":{"path":"SPINE_TAIXIU/Group 1","x":-151.68,"y":92,"width":27,"height":28},"SPINE_TAIXIU/Group 16":{"path":"SPINE_TAIXIU/Group 1","x":-139.47,"y":94.66,"width":27,"height":28},"SPINE_TAIXIU/Group 17":{"path":"SPINE_TAIXIU/Group 1","x":-125.13,"y":94.66,"width":27,"height":28},"SPINE_TAIXIU/Group 18":{"path":"SPINE_TAIXIU/Group 1","x":-111.86,"y":96.25,"width":27,"height":28},"SPINE_TAIXIU/Group 19":{"path":"SPINE_TAIXIU/Group 1","x":-98.58,"y":97.31,"width":27,"height":28},"SPINE_TAIXIU/Group 20":{"path":"SPINE_TAIXIU/Group 1","x":-86.37,"y":99.97,"width":27,"height":28},"SPINE_TAIXIU/Group 21":{"path":"SPINE_TAIXIU/Group 1","x":-72.56,"y":99.97,"width":27,"height":28},"SPINE_TAIXIU/Group 22":{"path":"SPINE_TAIXIU/Group 1","x":-59.82,"y":99.97,"width":27,"height":28},"SPINE_TAIXIU/Group 23":{"path":"SPINE_TAIXIU/Group 1","x":-48.67,"y":92.53,"width":27,"height":28},"SPINE_TAIXIU/Group 24":{"path":"SPINE_TAIXIU/Group 1","x":-48.67,"y":77.13,"width":27,"height":28},"SPINE_TAIXIU/Group 25":{"path":"SPINE_TAIXIU/Group 1","x":-50.26,"y":62.26,"width":27,"height":28},"SPINE_TAIXIU/Group 26":{"path":"SPINE_TAIXIU/Group 1","x":-51.32,"y":50.05,"width":27,"height":28},"SPINE_TAIXIU/Group 27":{"path":"SPINE_TAIXIU/Group 1","x":-52.92,"y":35.71,"width":27,"height":28},"SPINE_TAIXIU/Group 28":{"path":"SPINE_TAIXIU/Group 1","x":-54.51,"y":22.44,"width":27,"height":28},"SPINE_TAIXIU/Group 29":{"path":"SPINE_TAIXIU/Group 1","x":-56.63,"y":5.45,"width":27,"height":28},"SPINE_TAIXIU/Group 30":{"path":"SPINE_TAIXIU/Group 1","x":-58.23,"y":-6.23,"width":27,"height":28},"SPINE_TAIXIU/Group 31":{"path":"SPINE_TAIXIU/Group 1","x":-60.35,"y":-22.16,"width":27,"height":28},"SPINE_TAIXIU/Group 32":{"path":"SPINE_TAIXIU/Group 1","x":-61.41,"y":-34.91,"width":27,"height":28},"SPINE_TAIXIU/Group 33":{"path":"SPINE_TAIXIU/Group 1","x":-63.01,"y":-49.78,"width":27,"height":28},"SPINE_TAIXIU/Group 34":{"path":"SPINE_TAIXIU/Group 1","x":-64.6,"y":-63.05,"width":27,"height":28},"SPINE_TAIXIU/Group 35":{"path":"SPINE_TAIXIU/Group 1","x":-65.66,"y":-77.39,"width":27,"height":28},"SPINE_TAIXIU/Group 36":{"path":"SPINE_TAIXIU/Group 1","x":-77.34,"y":-84.29,"width":27,"height":28},"SPINE_TAIXIU/Group 37":{"path":"SPINE_TAIXIU/Group 1","x":-117.7,"y":-84.29,"width":27,"height":28},"SPINE_TAIXIU/Group 38":{"path":"SPINE_TAIXIU/Group 1","x":-130.97,"y":-83.23,"width":27,"height":28},"SPINE_TAIXIU/Group 39":{"path":"SPINE_TAIXIU/Group 1","x":-143.72,"y":-83.23,"width":27,"height":28},"SPINE_TAIXIU/Group 40":{"path":"SPINE_TAIXIU/Group 1","x":-156.99,"y":-82.17,"width":27,"height":28},"SPINE_TAIXIU/Group 41":{"path":"SPINE_TAIXIU/Group 1","x":-170.8,"y":-82.17,"width":27,"height":28},"SPINE_TAIXIU/Group 42":{"path":"SPINE_TAIXIU/Group 1","x":-183.54,"y":-82.17,"width":27,"height":28},"SPINE_TAIXIU/Group 43":{"path":"SPINE_TAIXIU/Group 1","x":-195.23,"y":-82.17,"width":27,"height":28},"SPINE_TAIXIU/Group 44":{"path":"SPINE_TAIXIU/Group 1","x":-211.16,"y":-82.17,"width":27,"height":28},"SPINE_TAIXIU/Group 45":{"path":"SPINE_TAIXIU/Group 1","x":-223.37,"y":-80.57,"width":27,"height":28},"SPINE_TAIXIU/Group 46":{"path":"SPINE_TAIXIU/Group 1","x":-237.17,"y":-80.57,"width":27,"height":28},"SPINE_TAIXIU/Group 47":{"path":"SPINE_TAIXIU/Group 1","x":-252.04,"y":-80.57,"width":27,"height":28},"SPINE_TAIXIU/Group 48":{"path":"SPINE_TAIXIU/Group 1","x":-262.66,"y":-80.57,"width":27,"height":28},"SPINE_TAIXIU/Group 49":{"path":"SPINE_TAIXIU/Group 1","x":-275.41,"y":-78.45,"width":27,"height":28},"SPINE_TAIXIU/Group 50":{"path":"SPINE_TAIXIU/Group 1","x":-288.68,"y":-78.45,"width":27,"height":28},"SPINE_TAIXIU/Group 51":{"path":"SPINE_TAIXIU/Group 1","x":-301.96,"y":-71.55,"width":27,"height":28},"SPINE_TAIXIU/Group 52":{"path":"SPINE_TAIXIU/Group 1","x":-303.55,"y":-57.74,"width":27,"height":28},"SPINE_TAIXIU/Group 53":{"path":"SPINE_TAIXIU/Group 1","x":-304.61,"y":-43.94,"width":27,"height":28},"SPINE_TAIXIU/Group 54":{"path":"SPINE_TAIXIU/Group 1","x":-309.39,"y":-30.13,"width":27,"height":28},"SPINE_TAIXIU/Group 55":{"path":"SPINE_TAIXIU/Group 1","x":-309.39,"y":-15.26,"width":27,"height":28},"SPINE_TAIXIU/Group 56":{"path":"SPINE_TAIXIU/Group 1","x":-311.51,"y":-0.92,"width":27,"height":28},"SPINE_TAIXIU/Group 57":{"path":"SPINE_TAIXIU/Group 1","x":-313.64,"y":12.88,"width":27,"height":28},"SPINE_TAIXIU/Group 58":{"path":"SPINE_TAIXIU/Group 1","x":-313.64,"y":25.09,"width":27,"height":28},"SPINE_TAIXIU/Group 59":{"path":"SPINE_TAIXIU/Group 1","x":-316.29,"y":40.49,"width":27,"height":28},"SPINE_TAIXIU/Group 60":{"path":"SPINE_TAIXIU/Group 1","x":-103.61,"y":-84.29,"width":27,"height":28}},"SPINE_TAIXIU/Group 2":{"SPINE_TAIXIU/Group 1":{"x":-318.16,"y":58.16,"width":27,"height":28},"SPINE_TAIXIU/Group 2":{"path":"SPINE_TAIXIU/Group 1","x":-316.8,"y":72.17,"width":27,"height":28},"SPINE_TAIXIU/Group 3":{"path":"SPINE_TAIXIU/Group 1","x":-308.66,"y":78.5,"width":27,"height":28},"SPINE_TAIXIU/Group 4":{"path":"SPINE_TAIXIU/Group 1","x":-296.46,"y":81.66,"width":27,"height":28},"SPINE_TAIXIU/Group 5":{"path":"SPINE_TAIXIU/Group 1","x":-282.45,"y":81.66,"width":27,"height":28},"SPINE_TAIXIU/Group 6":{"path":"SPINE_TAIXIU/Group 1","x":-270.24,"y":83.92,"width":27,"height":28},"SPINE_TAIXIU/Group 7":{"path":"SPINE_TAIXIU/Group 1","x":-256.23,"y":83.92,"width":27,"height":28},"SPINE_TAIXIU/Group 8":{"path":"SPINE_TAIXIU/Group 1","x":-243.58,"y":84.37,"width":27,"height":28},"SPINE_TAIXIU/Group 9":{"path":"SPINE_TAIXIU/Group 1","x":-230.02,"y":87.09,"width":27,"height":28},"SPINE_TAIXIU/Group 10":{"path":"SPINE_TAIXIU/Group 1","x":-217.81,"y":87.09,"width":27,"height":28},"SPINE_TAIXIU/Group 11":{"path":"SPINE_TAIXIU/Group 1","x":-204.25,"y":89.35,"width":27,"height":28},"SPINE_TAIXIU/Group 12":{"path":"SPINE_TAIXIU/Group 1","x":-191.51,"y":89.35,"width":27,"height":28},"SPINE_TAIXIU/Group 13":{"path":"SPINE_TAIXIU/Group 1","x":-178.23,"y":90.41,"width":27,"height":28},"SPINE_TAIXIU/Group 14":{"path":"SPINE_TAIXIU/Group 1","x":-164.43,"y":92,"width":27,"height":28},"SPINE_TAIXIU/Group 15":{"path":"SPINE_TAIXIU/Group 1","x":-151.68,"y":92,"width":27,"height":28},"SPINE_TAIXIU/Group 16":{"path":"SPINE_TAIXIU/Group 1","x":-139.47,"y":94.66,"width":27,"height":28},"SPINE_TAIXIU/Group 17":{"path":"SPINE_TAIXIU/Group 1","x":-125.13,"y":94.66,"width":27,"height":28},"SPINE_TAIXIU/Group 18":{"path":"SPINE_TAIXIU/Group 1","x":-111.86,"y":96.25,"width":27,"height":28},"SPINE_TAIXIU/Group 19":{"path":"SPINE_TAIXIU/Group 1","x":-98.58,"y":97.31,"width":27,"height":28},"SPINE_TAIXIU/Group 20":{"path":"SPINE_TAIXIU/Group 1","x":-86.37,"y":99.97,"width":27,"height":28},"SPINE_TAIXIU/Group 21":{"path":"SPINE_TAIXIU/Group 1","x":-72.56,"y":99.97,"width":27,"height":28},"SPINE_TAIXIU/Group 22":{"path":"SPINE_TAIXIU/Group 1","x":-59.82,"y":99.97,"width":27,"height":28},"SPINE_TAIXIU/Group 23":{"path":"SPINE_TAIXIU/Group 1","x":-48.67,"y":92.53,"width":27,"height":28},"SPINE_TAIXIU/Group 24":{"path":"SPINE_TAIXIU/Group 1","x":-48.67,"y":77.13,"width":27,"height":28},"SPINE_TAIXIU/Group 25":{"path":"SPINE_TAIXIU/Group 1","x":-50.26,"y":62.26,"width":27,"height":28},"SPINE_TAIXIU/Group 26":{"path":"SPINE_TAIXIU/Group 1","x":-51.32,"y":50.05,"width":27,"height":28},"SPINE_TAIXIU/Group 27":{"path":"SPINE_TAIXIU/Group 1","x":-52.92,"y":35.71,"width":27,"height":28},"SPINE_TAIXIU/Group 28":{"path":"SPINE_TAIXIU/Group 1","x":-54.51,"y":22.44,"width":27,"height":28},"SPINE_TAIXIU/Group 29":{"path":"SPINE_TAIXIU/Group 1","x":-56.63,"y":5.45,"width":27,"height":28},"SPINE_TAIXIU/Group 30":{"path":"SPINE_TAIXIU/Group 1","x":-58.23,"y":-6.23,"width":27,"height":28},"SPINE_TAIXIU/Group 31":{"path":"SPINE_TAIXIU/Group 1","x":-60.35,"y":-22.16,"width":27,"height":28},"SPINE_TAIXIU/Group 32":{"path":"SPINE_TAIXIU/Group 1","x":-61.41,"y":-34.91,"width":27,"height":28},"SPINE_TAIXIU/Group 33":{"path":"SPINE_TAIXIU/Group 1","x":-63.01,"y":-49.78,"width":27,"height":28},"SPINE_TAIXIU/Group 34":{"path":"SPINE_TAIXIU/Group 1","x":-64.6,"y":-63.05,"width":27,"height":28},"SPINE_TAIXIU/Group 35":{"path":"SPINE_TAIXIU/Group 1","x":-65.66,"y":-77.39,"width":27,"height":28},"SPINE_TAIXIU/Group 36":{"path":"SPINE_TAIXIU/Group 1","x":-77.34,"y":-84.29,"width":27,"height":28},"SPINE_TAIXIU/Group 37":{"path":"SPINE_TAIXIU/Group 1","x":-117.7,"y":-84.29,"width":27,"height":28},"SPINE_TAIXIU/Group 38":{"path":"SPINE_TAIXIU/Group 1","x":-130.97,"y":-83.23,"width":27,"height":28},"SPINE_TAIXIU/Group 39":{"path":"SPINE_TAIXIU/Group 1","x":-143.72,"y":-83.23,"width":27,"height":28},"SPINE_TAIXIU/Group 40":{"path":"SPINE_TAIXIU/Group 1","x":-156.99,"y":-82.17,"width":27,"height":28},"SPINE_TAIXIU/Group 41":{"path":"SPINE_TAIXIU/Group 1","x":-170.8,"y":-82.17,"width":27,"height":28},"SPINE_TAIXIU/Group 42":{"path":"SPINE_TAIXIU/Group 1","x":-183.54,"y":-82.17,"width":27,"height":28},"SPINE_TAIXIU/Group 43":{"path":"SPINE_TAIXIU/Group 1","x":-195.23,"y":-82.17,"width":27,"height":28},"SPINE_TAIXIU/Group 44":{"path":"SPINE_TAIXIU/Group 1","x":-211.16,"y":-82.17,"width":27,"height":28},"SPINE_TAIXIU/Group 45":{"path":"SPINE_TAIXIU/Group 1","x":-223.37,"y":-80.57,"width":27,"height":28},"SPINE_TAIXIU/Group 46":{"path":"SPINE_TAIXIU/Group 1","x":-237.17,"y":-80.57,"width":27,"height":28},"SPINE_TAIXIU/Group 47":{"path":"SPINE_TAIXIU/Group 1","x":-252.04,"y":-80.57,"width":27,"height":28},"SPINE_TAIXIU/Group 48":{"path":"SPINE_TAIXIU/Group 1","x":-262.66,"y":-80.57,"width":27,"height":28},"SPINE_TAIXIU/Group 49":{"path":"SPINE_TAIXIU/Group 1","x":-275.41,"y":-78.45,"width":27,"height":28},"SPINE_TAIXIU/Group 50":{"path":"SPINE_TAIXIU/Group 1","x":-288.68,"y":-78.45,"width":27,"height":28},"SPINE_TAIXIU/Group 51":{"path":"SPINE_TAIXIU/Group 1","x":-301.96,"y":-71.55,"width":27,"height":28},"SPINE_TAIXIU/Group 52":{"path":"SPINE_TAIXIU/Group 1","x":-303.55,"y":-57.74,"width":27,"height":28},"SPINE_TAIXIU/Group 53":{"path":"SPINE_TAIXIU/Group 1","x":-304.61,"y":-43.94,"width":27,"height":28},"SPINE_TAIXIU/Group 54":{"path":"SPINE_TAIXIU/Group 1","x":-309.39,"y":-30.13,"width":27,"height":28},"SPINE_TAIXIU/Group 55":{"path":"SPINE_TAIXIU/Group 1","x":-309.39,"y":-15.26,"width":27,"height":28},"SPINE_TAIXIU/Group 56":{"path":"SPINE_TAIXIU/Group 1","x":-311.51,"y":-0.92,"width":27,"height":28},"SPINE_TAIXIU/Group 57":{"path":"SPINE_TAIXIU/Group 1","x":-313.64,"y":12.88,"width":27,"height":28},"SPINE_TAIXIU/Group 58":{"path":"SPINE_TAIXIU/Group 1","x":-313.64,"y":25.09,"width":27,"height":28},"SPINE_TAIXIU/Group 59":{"path":"SPINE_TAIXIU/Group 1","x":-316.29,"y":40.49,"width":27,"height":28},"SPINE_TAIXIU/Group 60":{"path":"SPINE_TAIXIU/Group 1","x":-103.61,"y":-84.29,"width":27,"height":28}},"SPINE_TAIXIU/Group 3":{"SPINE_TAIXIU/Group 1":{"x":-318.16,"y":58.16,"width":27,"height":28},"SPINE_TAIXIU/Group 2":{"path":"SPINE_TAIXIU/Group 1","x":-316.8,"y":72.17,"width":27,"height":28},"SPINE_TAIXIU/Group 3":{"path":"SPINE_TAIXIU/Group 1","x":-308.66,"y":78.5,"width":27,"height":28},"SPINE_TAIXIU/Group 4":{"path":"SPINE_TAIXIU/Group 1","x":-296.46,"y":81.66,"width":27,"height":28},"SPINE_TAIXIU/Group 5":{"path":"SPINE_TAIXIU/Group 1","x":-282.45,"y":81.66,"width":27,"height":28},"SPINE_TAIXIU/Group 6":{"path":"SPINE_TAIXIU/Group 1","x":-270.24,"y":83.92,"width":27,"height":28},"SPINE_TAIXIU/Group 7":{"path":"SPINE_TAIXIU/Group 1","x":-256.23,"y":83.92,"width":27,"height":28},"SPINE_TAIXIU/Group 8":{"path":"SPINE_TAIXIU/Group 1","x":-243.58,"y":84.37,"width":27,"height":28},"SPINE_TAIXIU/Group 9":{"path":"SPINE_TAIXIU/Group 1","x":-230.02,"y":87.09,"width":27,"height":28},"SPINE_TAIXIU/Group 10":{"path":"SPINE_TAIXIU/Group 1","x":-217.81,"y":87.09,"width":27,"height":28},"SPINE_TAIXIU/Group 11":{"path":"SPINE_TAIXIU/Group 1","x":-204.25,"y":89.35,"width":27,"height":28},"SPINE_TAIXIU/Group 12":{"path":"SPINE_TAIXIU/Group 1","x":-191.51,"y":89.35,"width":27,"height":28},"SPINE_TAIXIU/Group 13":{"path":"SPINE_TAIXIU/Group 1","x":-178.23,"y":90.41,"width":27,"height":28},"SPINE_TAIXIU/Group 14":{"path":"SPINE_TAIXIU/Group 1","x":-164.43,"y":92,"width":27,"height":28},"SPINE_TAIXIU/Group 15":{"path":"SPINE_TAIXIU/Group 1","x":-151.68,"y":92,"width":27,"height":28},"SPINE_TAIXIU/Group 16":{"path":"SPINE_TAIXIU/Group 1","x":-139.47,"y":94.66,"width":27,"height":28},"SPINE_TAIXIU/Group 17":{"path":"SPINE_TAIXIU/Group 1","x":-125.13,"y":94.66,"width":27,"height":28},"SPINE_TAIXIU/Group 18":{"path":"SPINE_TAIXIU/Group 1","x":-111.86,"y":96.25,"width":27,"height":28},"SPINE_TAIXIU/Group 19":{"path":"SPINE_TAIXIU/Group 1","x":-98.58,"y":97.31,"width":27,"height":28},"SPINE_TAIXIU/Group 20":{"path":"SPINE_TAIXIU/Group 1","x":-86.37,"y":99.97,"width":27,"height":28},"SPINE_TAIXIU/Group 21":{"path":"SPINE_TAIXIU/Group 1","x":-72.56,"y":99.97,"width":27,"height":28},"SPINE_TAIXIU/Group 22":{"path":"SPINE_TAIXIU/Group 1","x":-59.82,"y":99.97,"width":27,"height":28},"SPINE_TAIXIU/Group 23":{"path":"SPINE_TAIXIU/Group 1","x":-48.67,"y":92.53,"width":27,"height":28},"SPINE_TAIXIU/Group 24":{"path":"SPINE_TAIXIU/Group 1","x":-48.67,"y":77.13,"width":27,"height":28},"SPINE_TAIXIU/Group 25":{"path":"SPINE_TAIXIU/Group 1","x":-50.26,"y":62.26,"width":27,"height":28},"SPINE_TAIXIU/Group 26":{"path":"SPINE_TAIXIU/Group 1","x":-51.32,"y":50.05,"width":27,"height":28},"SPINE_TAIXIU/Group 27":{"path":"SPINE_TAIXIU/Group 1","x":-52.92,"y":35.71,"width":27,"height":28},"SPINE_TAIXIU/Group 28":{"path":"SPINE_TAIXIU/Group 1","x":-54.51,"y":22.44,"width":27,"height":28},"SPINE_TAIXIU/Group 29":{"path":"SPINE_TAIXIU/Group 1","x":-56.63,"y":5.45,"width":27,"height":28},"SPINE_TAIXIU/Group 30":{"path":"SPINE_TAIXIU/Group 1","x":-58.23,"y":-6.23,"width":27,"height":28},"SPINE_TAIXIU/Group 31":{"path":"SPINE_TAIXIU/Group 1","x":-60.35,"y":-22.16,"width":27,"height":28},"SPINE_TAIXIU/Group 32":{"path":"SPINE_TAIXIU/Group 1","x":-61.41,"y":-34.91,"width":27,"height":28},"SPINE_TAIXIU/Group 33":{"path":"SPINE_TAIXIU/Group 1","x":-63.01,"y":-49.78,"width":27,"height":28},"SPINE_TAIXIU/Group 34":{"path":"SPINE_TAIXIU/Group 1","x":-64.6,"y":-63.05,"width":27,"height":28},"SPINE_TAIXIU/Group 35":{"path":"SPINE_TAIXIU/Group 1","x":-65.66,"y":-77.39,"width":27,"height":28},"SPINE_TAIXIU/Group 36":{"path":"SPINE_TAIXIU/Group 1","x":-77.34,"y":-84.29,"width":27,"height":28},"SPINE_TAIXIU/Group 37":{"path":"SPINE_TAIXIU/Group 1","x":-117.7,"y":-84.29,"width":27,"height":28},"SPINE_TAIXIU/Group 38":{"path":"SPINE_TAIXIU/Group 1","x":-130.97,"y":-83.23,"width":27,"height":28},"SPINE_TAIXIU/Group 39":{"path":"SPINE_TAIXIU/Group 1","x":-143.72,"y":-83.23,"width":27,"height":28},"SPINE_TAIXIU/Group 40":{"path":"SPINE_TAIXIU/Group 1","x":-156.99,"y":-82.17,"width":27,"height":28},"SPINE_TAIXIU/Group 41":{"path":"SPINE_TAIXIU/Group 1","x":-170.8,"y":-82.17,"width":27,"height":28},"SPINE_TAIXIU/Group 42":{"path":"SPINE_TAIXIU/Group 1","x":-183.54,"y":-82.17,"width":27,"height":28},"SPINE_TAIXIU/Group 43":{"path":"SPINE_TAIXIU/Group 1","x":-195.23,"y":-82.17,"width":27,"height":28},"SPINE_TAIXIU/Group 44":{"path":"SPINE_TAIXIU/Group 1","x":-211.16,"y":-82.17,"width":27,"height":28},"SPINE_TAIXIU/Group 45":{"path":"SPINE_TAIXIU/Group 1","x":-223.37,"y":-80.57,"width":27,"height":28},"SPINE_TAIXIU/Group 46":{"path":"SPINE_TAIXIU/Group 1","x":-237.17,"y":-80.57,"width":27,"height":28},"SPINE_TAIXIU/Group 47":{"path":"SPINE_TAIXIU/Group 1","x":-252.04,"y":-80.57,"width":27,"height":28},"SPINE_TAIXIU/Group 48":{"path":"SPINE_TAIXIU/Group 1","x":-262.66,"y":-80.57,"width":27,"height":28},"SPINE_TAIXIU/Group 49":{"path":"SPINE_TAIXIU/Group 1","x":-275.41,"y":-78.45,"width":27,"height":28},"SPINE_TAIXIU/Group 50":{"path":"SPINE_TAIXIU/Group 1","x":-288.68,"y":-78.45,"width":27,"height":28},"SPINE_TAIXIU/Group 51":{"path":"SPINE_TAIXIU/Group 1","x":-301.96,"y":-71.55,"width":27,"height":28},"SPINE_TAIXIU/Group 52":{"path":"SPINE_TAIXIU/Group 1","x":-303.55,"y":-57.74,"width":27,"height":28},"SPINE_TAIXIU/Group 53":{"path":"SPINE_TAIXIU/Group 1","x":-304.61,"y":-43.94,"width":27,"height":28},"SPINE_TAIXIU/Group 54":{"path":"SPINE_TAIXIU/Group 1","x":-309.39,"y":-30.13,"width":27,"height":28},"SPINE_TAIXIU/Group 55":{"path":"SPINE_TAIXIU/Group 1","x":-309.39,"y":-15.26,"width":27,"height":28},"SPINE_TAIXIU/Group 56":{"path":"SPINE_TAIXIU/Group 1","x":-311.51,"y":-0.92,"width":27,"height":28},"SPINE_TAIXIU/Group 57":{"path":"SPINE_TAIXIU/Group 1","x":-313.64,"y":12.88,"width":27,"height":28},"SPINE_TAIXIU/Group 58":{"path":"SPINE_TAIXIU/Group 1","x":-313.64,"y":25.09,"width":27,"height":28},"SPINE_TAIXIU/Group 59":{"path":"SPINE_TAIXIU/Group 1","x":-316.29,"y":40.49,"width":27,"height":28},"SPINE_TAIXIU/Group 60":{"path":"SPINE_TAIXIU/Group 1","x":-103.61,"y":-84.29,"width":27,"height":28}},"SPINE_TAIXIU/Group 4":{"SPINE_TAIXIU/Group 1":{"x":-318.16,"y":58.16,"width":27,"height":28},"SPINE_TAIXIU/Group 2":{"path":"SPINE_TAIXIU/Group 1","x":-316.8,"y":72.17,"width":27,"height":28},"SPINE_TAIXIU/Group 3":{"path":"SPINE_TAIXIU/Group 1","x":-308.66,"y":78.5,"width":27,"height":28},"SPINE_TAIXIU/Group 4":{"path":"SPINE_TAIXIU/Group 1","x":-296.46,"y":81.66,"width":27,"height":28},"SPINE_TAIXIU/Group 5":{"path":"SPINE_TAIXIU/Group 1","x":-282.45,"y":81.66,"width":27,"height":28},"SPINE_TAIXIU/Group 6":{"path":"SPINE_TAIXIU/Group 1","x":-270.24,"y":83.92,"width":27,"height":28},"SPINE_TAIXIU/Group 7":{"path":"SPINE_TAIXIU/Group 1","x":-256.23,"y":83.92,"width":27,"height":28},"SPINE_TAIXIU/Group 8":{"path":"SPINE_TAIXIU/Group 1","x":-243.58,"y":84.37,"width":27,"height":28},"SPINE_TAIXIU/Group 9":{"path":"SPINE_TAIXIU/Group 1","x":-230.02,"y":87.09,"width":27,"height":28},"SPINE_TAIXIU/Group 10":{"path":"SPINE_TAIXIU/Group 1","x":-217.81,"y":87.09,"width":27,"height":28},"SPINE_TAIXIU/Group 11":{"path":"SPINE_TAIXIU/Group 1","x":-204.25,"y":89.35,"width":27,"height":28},"SPINE_TAIXIU/Group 12":{"path":"SPINE_TAIXIU/Group 1","x":-191.51,"y":89.35,"width":27,"height":28},"SPINE_TAIXIU/Group 13":{"path":"SPINE_TAIXIU/Group 1","x":-178.23,"y":90.41,"width":27,"height":28},"SPINE_TAIXIU/Group 14":{"path":"SPINE_TAIXIU/Group 1","x":-164.43,"y":92,"width":27,"height":28},"SPINE_TAIXIU/Group 15":{"path":"SPINE_TAIXIU/Group 1","x":-151.68,"y":92,"width":27,"height":28},"SPINE_TAIXIU/Group 16":{"path":"SPINE_TAIXIU/Group 1","x":-139.47,"y":94.66,"width":27,"height":28},"SPINE_TAIXIU/Group 17":{"path":"SPINE_TAIXIU/Group 1","x":-125.13,"y":94.66,"width":27,"height":28},"SPINE_TAIXIU/Group 18":{"path":"SPINE_TAIXIU/Group 1","x":-111.86,"y":96.25,"width":27,"height":28},"SPINE_TAIXIU/Group 19":{"path":"SPINE_TAIXIU/Group 1","x":-98.58,"y":97.31,"width":27,"height":28},"SPINE_TAIXIU/Group 20":{"path":"SPINE_TAIXIU/Group 1","x":-86.37,"y":99.97,"width":27,"height":28},"SPINE_TAIXIU/Group 21":{"path":"SPINE_TAIXIU/Group 1","x":-72.56,"y":99.97,"width":27,"height":28},"SPINE_TAIXIU/Group 22":{"path":"SPINE_TAIXIU/Group 1","x":-59.82,"y":99.97,"width":27,"height":28},"SPINE_TAIXIU/Group 23":{"path":"SPINE_TAIXIU/Group 1","x":-48.67,"y":92.53,"width":27,"height":28},"SPINE_TAIXIU/Group 24":{"path":"SPINE_TAIXIU/Group 1","x":-48.67,"y":77.13,"width":27,"height":28},"SPINE_TAIXIU/Group 25":{"path":"SPINE_TAIXIU/Group 1","x":-50.26,"y":62.26,"width":27,"height":28},"SPINE_TAIXIU/Group 26":{"path":"SPINE_TAIXIU/Group 1","x":-51.32,"y":50.05,"width":27,"height":28},"SPINE_TAIXIU/Group 27":{"path":"SPINE_TAIXIU/Group 1","x":-52.92,"y":35.71,"width":27,"height":28},"SPINE_TAIXIU/Group 28":{"path":"SPINE_TAIXIU/Group 1","x":-54.51,"y":22.44,"width":27,"height":28},"SPINE_TAIXIU/Group 29":{"path":"SPINE_TAIXIU/Group 1","x":-56.63,"y":5.45,"width":27,"height":28},"SPINE_TAIXIU/Group 30":{"path":"SPINE_TAIXIU/Group 1","x":-58.23,"y":-6.23,"width":27,"height":28},"SPINE_TAIXIU/Group 31":{"path":"SPINE_TAIXIU/Group 1","x":-60.35,"y":-22.16,"width":27,"height":28},"SPINE_TAIXIU/Group 32":{"path":"SPINE_TAIXIU/Group 1","x":-61.41,"y":-34.91,"width":27,"height":28},"SPINE_TAIXIU/Group 33":{"path":"SPINE_TAIXIU/Group 1","x":-63.01,"y":-49.78,"width":27,"height":28},"SPINE_TAIXIU/Group 34":{"path":"SPINE_TAIXIU/Group 1","x":-64.6,"y":-63.05,"width":27,"height":28},"SPINE_TAIXIU/Group 35":{"path":"SPINE_TAIXIU/Group 1","x":-65.66,"y":-77.39,"width":27,"height":28},"SPINE_TAIXIU/Group 36":{"path":"SPINE_TAIXIU/Group 1","x":-77.34,"y":-84.29,"width":27,"height":28},"SPINE_TAIXIU/Group 37":{"path":"SPINE_TAIXIU/Group 1","x":-117.7,"y":-84.29,"width":27,"height":28},"SPINE_TAIXIU/Group 38":{"path":"SPINE_TAIXIU/Group 1","x":-130.97,"y":-83.23,"width":27,"height":28},"SPINE_TAIXIU/Group 39":{"path":"SPINE_TAIXIU/Group 1","x":-143.72,"y":-83.23,"width":27,"height":28},"SPINE_TAIXIU/Group 40":{"path":"SPINE_TAIXIU/Group 1","x":-156.99,"y":-82.17,"width":27,"height":28},"SPINE_TAIXIU/Group 41":{"path":"SPINE_TAIXIU/Group 1","x":-170.8,"y":-82.17,"width":27,"height":28},"SPINE_TAIXIU/Group 42":{"path":"SPINE_TAIXIU/Group 1","x":-183.54,"y":-82.17,"width":27,"height":28},"SPINE_TAIXIU/Group 43":{"path":"SPINE_TAIXIU/Group 1","x":-195.23,"y":-82.17,"width":27,"height":28},"SPINE_TAIXIU/Group 44":{"path":"SPINE_TAIXIU/Group 1","x":-211.16,"y":-82.17,"width":27,"height":28},"SPINE_TAIXIU/Group 45":{"path":"SPINE_TAIXIU/Group 1","x":-223.37,"y":-80.57,"width":27,"height":28},"SPINE_TAIXIU/Group 46":{"path":"SPINE_TAIXIU/Group 1","x":-237.17,"y":-80.57,"width":27,"height":28},"SPINE_TAIXIU/Group 47":{"path":"SPINE_TAIXIU/Group 1","x":-252.04,"y":-80.57,"width":27,"height":28},"SPINE_TAIXIU/Group 48":{"path":"SPINE_TAIXIU/Group 1","x":-262.66,"y":-80.57,"width":27,"height":28},"SPINE_TAIXIU/Group 49":{"path":"SPINE_TAIXIU/Group 1","x":-275.41,"y":-78.45,"width":27,"height":28},"SPINE_TAIXIU/Group 50":{"path":"SPINE_TAIXIU/Group 1","x":-288.68,"y":-78.45,"width":27,"height":28},"SPINE_TAIXIU/Group 51":{"path":"SPINE_TAIXIU/Group 1","x":-301.96,"y":-71.55,"width":27,"height":28},"SPINE_TAIXIU/Group 52":{"path":"SPINE_TAIXIU/Group 1","x":-303.55,"y":-57.74,"width":27,"height":28},"SPINE_TAIXIU/Group 53":{"path":"SPINE_TAIXIU/Group 1","x":-304.61,"y":-43.94,"width":27,"height":28},"SPINE_TAIXIU/Group 54":{"path":"SPINE_TAIXIU/Group 1","x":-309.39,"y":-30.13,"width":27,"height":28},"SPINE_TAIXIU/Group 55":{"path":"SPINE_TAIXIU/Group 1","x":-309.39,"y":-15.26,"width":27,"height":28},"SPINE_TAIXIU/Group 56":{"path":"SPINE_TAIXIU/Group 1","x":-311.51,"y":-0.92,"width":27,"height":28},"SPINE_TAIXIU/Group 57":{"path":"SPINE_TAIXIU/Group 1","x":-313.64,"y":12.88,"width":27,"height":28},"SPINE_TAIXIU/Group 58":{"path":"SPINE_TAIXIU/Group 1","x":-313.64,"y":25.09,"width":27,"height":28},"SPINE_TAIXIU/Group 59":{"path":"SPINE_TAIXIU/Group 1","x":-316.29,"y":40.49,"width":27,"height":28},"SPINE_TAIXIU/Group 60":{"path":"SPINE_TAIXIU/Group 1","x":-103.61,"y":-84.29,"width":27,"height":28}},"SPINE_TAIXIU/WIN_3":{"SPINE_TAIXIU/WIN_1":{"type":"mesh","hull":4,"width":287,"height":204,"uvs":[1,1,0,1,0,0,1,0],"triangles":[1,2,3,1,3,0],"vertices":[-145,-257.5,142,-257.5,142,-53.5,-145,-53.5],"edges":[0,2,2,4,4,6,0,6]}},"SPINE_TAIXIU/WIN_4":{"SPINE_TAIXIU/WIN_2":{"type":"mesh","hull":4,"width":287,"height":204,"uvs":[1,1,0,1,0,0,1,0],"triangles":[1,2,3,1,3,0],"vertices":[-144,-257.5,143,-257.5,143,-53.5,-144,-53.5],"edges":[0,2,2,4,4,6,0,6]}},"SPINE_TAIXIU/WIN_5":{"SPINE_TAIXIU/WIN_1":{"type":"mesh","hull":4,"width":287,"height":204,"uvs":[1,1,0,1,0,0,1,0],"triangles":[1,2,3,1,3,0],"vertices":[-145,-257.5,142,-257.5,142,-53.5,-145,-53.5],"edges":[0,2,2,4,4,6,0,6]}},"SPINE_TAIXIU/WIN_6":{"SPINE_TAIXIU/WIN_2":{"type":"mesh","hull":4,"width":287,"height":204,"uvs":[1,1,0,1,0,0,1,0],"triangles":[1,2,3,1,3,0],"vertices":[-144,-257.5,143,-257.5,143,-53.5,-144,-53.5],"edges":[0,2,2,4,4,6,0,6]}},"SPINE_TAIXIU/board_L":{"SPINE_TAIXIU/board_L":{"type":"mesh","hull":4,"width":287,"height":204,"uvs":[1,1,0,1,0,0,1,0],"triangles":[1,2,3,1,3,0],"vertices":[-150,-102,-437,-102,-437,102,-150,102],"edges":[0,2,2,4,4,6,0,6]}},"SPINE_TAIXIU/board_R":{"SPINE_TAIXIU/board_R":{"type":"mesh","hull":4,"width":287,"height":204,"uvs":[1,1,0,1,0,0,1,0],"triangles":[1,2,3,1,3,0],"vertices":[425,-102,138,-102,138,102,425,102],"edges":[0,2,2,4,4,6,0,6]}},"SPINE_TAIXIU/xỉu":{"SPINE_TAIXIU/tai":{"type":"mesh","hull":4,"width":117,"height":122,"uvs":[1,1,0,1,0,0,1,0],"triangles":[1,2,3,1,3,0],"vertices":[62.81,-54.17,-70.19,-54.17,-70.19,72.83,62.81,72.83],"edges":[0,2,2,4,4,6,0,6]}},"SPINE_TAIXIU/xỉu2":{"SPINE_TAIXIU/xỉu":{"type":"mesh","hull":4,"width":133,"height":127,"uvs":[1,1,0,1,0,0,1,0],"triangles":[1,2,3,1,3,0],"vertices":[62.81,-54.17,-70.19,-54.17,-70.19,72.83,62.81,72.83],"edges":[0,2,2,4,4,6,0,6]}},"SPINE_TAIXIU/xỉu_light":{"SPINE_TAIXIU/tai_light":{"type":"mesh","hull":4,"width":111,"height":115,"uvs":[1,1,0,1,0,0,1,0],"triangles":[1,2,3,1,3,0],"vertices":[60.53,-49.79,-66.47,-49.79,-66.47,71.21,60.53,71.21],"edges":[0,2,2,4,4,6,0,6]}},"SPINE_TAIXIU/xỉu_light2":{"SPINE_TAIXIU/tai_light":{"type":"mesh","hull":4,"width":111,"height":115,"uvs":[1,1,0,1,0,0,1,0],"triangles":[1,2,3,1,3,0],"vertices":[-61.39,37.83,65.54,41.8,69.32,-79.14,-57.61,-83.11],"edges":[0,2,2,4,4,6,0,6]}},"SPINE_TAIXIU/xỉu_light3":{"SPINE_TAIXIU/tai_light":{"type":"mesh","hull":4,"width":111,"height":115,"uvs":[1,1,0,1,0,0,1,0],"triangles":[1,2,3,1,3,0],"vertices":[-61.39,37.83,65.54,41.8,69.32,-79.14,-57.61,-83.11],"edges":[0,2,2,4,4,6,0,6]}},"SPINE_TAIXIU/xỉu_light4":{"SPINE_TAIXIU/xỉu_light":{"type":"mesh","hull":4,"width":127,"height":121,"uvs":[1,1,0,1,0,0,1,0],"triangles":[1,2,3,1,3,0],"vertices":[60.53,-49.79,-66.47,-49.79,-66.47,71.21,60.53,71.21],"edges":[0,2,2,4,4,6,0,6]}},"SPINE_TAIXIU/xỉu_light5":{"SPINE_TAIXIU/xỉu_light":{"type":"mesh","hull":4,"width":127,"height":121,"uvs":[1,1,0,1,0,0,1,0],"triangles":[1,2,3,1,3,0],"vertices":[-61.39,37.83,65.54,41.8,69.32,-79.14,-57.61,-83.11],"edges":[0,2,2,4,4,6,0,6]}},"SPINE_TAIXIU/xỉu_light6":{"SPINE_TAIXIU/xỉu_light":{"type":"mesh","hull":4,"width":127,"height":121,"uvs":[1,1,0,1,0,0,1,0],"triangles":[1,2,3,1,3,0],"vertices":[-61.39,37.83,65.54,41.8,69.32,-79.14,-57.61,-83.11],"edges":[0,2,2,4,4,6,0,6]}},"clip":{"clip":{"type":"clipping","vertexCount":4,"color":"fdf9ceff","vertices":[172.65,53.51,-137.41,33.11,-185.02,-66.19,117.41,-41.93]}},"clip2":{"clip":{"type":"clipping","end":"clip","vertexCount":4,"color":"ce3a3aff","vertices":[172.65,53.51,-137.41,33.11,-185.02,-66.19,117.41,-41.93]}}}},"animations":{"fade_tai":{"slots":{"SPINE_TAIXIU/Group 1":{"color":[{"time":0,"color":"ffffff00"}]},"SPINE_TAIXIU/Group 2":{"color":[{"time":0,"color":"ffffff00"}]},"SPINE_TAIXIU/Group 3":{"color":[{"time":0,"color":"ffffff00"}]},"SPINE_TAIXIU/Group 4":{"color":[{"time":0,"color":"ffffff00"}]},"SPINE_TAIXIU/board_L":{"color":[{"time":0,"color":"afaeaeff"}]},"SPINE_TAIXIU/board_R":{"color":[{"time":0,"color":"cacaca00"}]},"SPINE_TAIXIU/xỉu2":{"color":[{"time":0,"color":"b8abfc00"}]},"SPINE_TAIXIU/xỉu_light2":{"color":[{"time":0,"color":"ffffff00"}]},"SPINE_TAIXIU/xỉu_light3":{"color":[{"time":0,"color":"ffffff00"}]},"SPINE_TAIXIU/xỉu_light4":{"color":[{"time":0,"color":"b8abfc00"}]},"SPINE_TAIXIU/xỉu_light5":{"color":[{"time":0,"color":"ffffff00"}]},"SPINE_TAIXIU/xỉu_light6":{"color":[{"time":0,"color":"ffffff00"}]}}},"fade_xiu":{"slots":{"SPINE_TAIXIU/Group 1":{"color":[{"time":0,"color":"ffffff00"}]},"SPINE_TAIXIU/Group 2":{"color":[{"time":0,"color":"ffffff00"}]},"SPINE_TAIXIU/Group 3":{"color":[{"time":0,"color":"ffffff00"}]},"SPINE_TAIXIU/Group 4":{"color":[{"time":0,"color":"ffffff00"}]},"SPINE_TAIXIU/WIN_3":{"color":[{"time":0,"color":"ffffff00"}]},"SPINE_TAIXIU/WIN_4":{"color":[{"time":0,"color":"ffffff00"}]},"SPINE_TAIXIU/board_L":{"color":[{"time":0,"color":"ffffff00"}]},"SPINE_TAIXIU/board_R":{"color":[{"time":0,"color":"a3a3a3ff"}]},"SPINE_TAIXIU/xỉu":{"color":[{"time":0,"color":"b9acfd00"}]},"SPINE_TAIXIU/xỉu_light":{"color":[{"time":0,"color":"ffffff00"}]},"SPINE_TAIXIU/xỉu_light2":{"color":[{"time":0,"color":"ffffff00"}]},"SPINE_TAIXIU/xỉu_light3":{"color":[{"time":0,"color":"ffffff00"}]},"SPINE_TAIXIU/xỉu_light5":{"color":[{"time":0,"color":"ffffff00"}]},"SPINE_TAIXIU/xỉu_light6":{"color":[{"time":0,"color":"ffffff00"}]},"clip":{"color":[{"time":0,"color":"ffffff00"}]}}},"loop_tai":{"slots":{"SPINE_TAIXIU/Group 1":{"attachment":[{"time":0,"name":"SPINE_TAIXIU/Group 1"},{"time":0.0333,"name":"SPINE_TAIXIU/Group 2"},{"time":0.0667,"name":"SPINE_TAIXIU/Group 3"},{"time":0.1,"name":"SPINE_TAIXIU/Group 4"},{"time":0.1333,"name":"SPINE_TAIXIU/Group 5"},{"time":0.1667,"name":"SPINE_TAIXIU/Group 6"},{"time":0.2,"name":"SPINE_TAIXIU/Group 7"},{"time":0.2333,"name":"SPINE_TAIXIU/Group 8"},{"time":0.2667,"name":"SPINE_TAIXIU/Group 9"},{"time":0.3,"name":"SPINE_TAIXIU/Group 10"},{"time":0.3333,"name":"SPINE_TAIXIU/Group 11"},{"time":0.3667,"name":"SPINE_TAIXIU/Group 12"},{"time":0.4,"name":"SPINE_TAIXIU/Group 13"},{"time":0.4333,"name":"SPINE_TAIXIU/Group 14"},{"time":0.4667,"name":"SPINE_TAIXIU/Group 15"},{"time":0.5,"name":"SPINE_TAIXIU/Group 16"},{"time":0.5333,"name":"SPINE_TAIXIU/Group 17"},{"time":0.5667,"name":"SPINE_TAIXIU/Group 18"},{"time":0.6,"name":"SPINE_TAIXIU/Group 19"},{"time":0.6333,"name":"SPINE_TAIXIU/Group 20"},{"time":0.6667,"name":"SPINE_TAIXIU/Group 21"},{"time":0.7,"name":"SPINE_TAIXIU/Group 22"},{"time":0.7333,"name":"SPINE_TAIXIU/Group 23"},{"time":0.7667,"name":"SPINE_TAIXIU/Group 24"},{"time":0.8,"name":"SPINE_TAIXIU/Group 25"},{"time":0.8333,"name":"SPINE_TAIXIU/Group 26"},{"time":0.8667,"name":"SPINE_TAIXIU/Group 27"},{"time":0.9,"name":"SPINE_TAIXIU/Group 28"},{"time":0.9333,"name":"SPINE_TAIXIU/Group 29"},{"time":0.9667,"name":"SPINE_TAIXIU/Group 30"},{"time":1,"name":"SPINE_TAIXIU/Group 31"},{"time":1.0333,"name":"SPINE_TAIXIU/Group 32"},{"time":1.0667,"name":"SPINE_TAIXIU/Group 33"},{"time":1.1,"name":"SPINE_TAIXIU/Group 34"},{"time":1.1333,"name":"SPINE_TAIXIU/Group 35"},{"time":1.1667,"name":"SPINE_TAIXIU/Group 36"},{"time":1.2,"name":"SPINE_TAIXIU/Group 60"},{"time":1.2333,"name":"SPINE_TAIXIU/Group 37"},{"time":1.2667,"name":"SPINE_TAIXIU/Group 38"},{"time":1.3,"name":"SPINE_TAIXIU/Group 39"},{"time":1.3333,"name":"SPINE_TAIXIU/Group 40"},{"time":1.3667,"name":"SPINE_TAIXIU/Group 41"},{"time":1.4,"name":"SPINE_TAIXIU/Group 42"},{"time":1.4333,"name":"SPINE_TAIXIU/Group 43"},{"time":1.4667,"name":"SPINE_TAIXIU/Group 44"},{"time":1.5,"name":"SPINE_TAIXIU/Group 45"},{"time":1.5333,"name":"SPINE_TAIXIU/Group 46"},{"time":1.5667,"name":"SPINE_TAIXIU/Group 47"},{"time":1.6,"name":"SPINE_TAIXIU/Group 48"},{"time":1.6333,"name":"SPINE_TAIXIU/Group 49"},{"time":1.6667,"name":"SPINE_TAIXIU/Group 50"},{"time":1.7,"name":"SPINE_TAIXIU/Group 51"},{"time":1.7333,"name":"SPINE_TAIXIU/Group 52"},{"time":1.7667,"name":"SPINE_TAIXIU/Group 53"},{"time":1.8,"name":"SPINE_TAIXIU/Group 54"},{"time":1.8333,"name":"SPINE_TAIXIU/Group 55"},{"time":1.8667,"name":"SPINE_TAIXIU/Group 56"},{"time":1.9,"name":"SPINE_TAIXIU/Group 57"},{"time":1.9333,"name":"SPINE_TAIXIU/Group 58"},{"time":1.9667,"name":"SPINE_TAIXIU/Group 59"},{"time":2,"name":"SPINE_TAIXIU/Group 1"}]},"SPINE_TAIXIU/Group 2":{"attachment":[{"time":0,"name":"SPINE_TAIXIU/Group 32"},{"time":0.0333,"name":"SPINE_TAIXIU/Group 33"},{"time":0.0667,"name":"SPINE_TAIXIU/Group 34"},{"time":0.1,"name":"SPINE_TAIXIU/Group 35"},{"time":0.1333,"name":"SPINE_TAIXIU/Group 36"},{"time":0.1667,"name":"SPINE_TAIXIU/Group 60"},{"time":0.2,"name":"SPINE_TAIXIU/Group 37"},{"time":0.2333,"name":"SPINE_TAIXIU/Group 38"},{"time":0.2667,"name":"SPINE_TAIXIU/Group 39"},{"time":0.3,"name":"SPINE_TAIXIU/Group 40"},{"time":0.3333,"name":"SPINE_TAIXIU/Group 41"},{"time":0.3667,"name":"SPINE_TAIXIU/Group 42"},{"time":0.4,"name":"SPINE_TAIXIU/Group 43"},{"time":0.4333,"name":"SPINE_TAIXIU/Group 44"},{"time":0.4667,"name":"SPINE_TAIXIU/Group 45"},{"time":0.5,"name":"SPINE_TAIXIU/Group 46"},{"time":0.5333,"name":"SPINE_TAIXIU/Group 47"},{"time":0.5667,"name":"SPINE_TAIXIU/Group 48"},{"time":0.6,"name":"SPINE_TAIXIU/Group 49"},{"time":0.6333,"name":"SPINE_TAIXIU/Group 50"},{"time":0.6667,"name":"SPINE_TAIXIU/Group 51"},{"time":0.7,"name":"SPINE_TAIXIU/Group 52"},{"time":0.7333,"name":"SPINE_TAIXIU/Group 53"},{"time":0.7667,"name":"SPINE_TAIXIU/Group 54"},{"time":0.8,"name":"SPINE_TAIXIU/Group 55"},{"time":0.8333,"name":"SPINE_TAIXIU/Group 56"},{"time":0.8667,"name":"SPINE_TAIXIU/Group 57"},{"time":0.9,"name":"SPINE_TAIXIU/Group 58"},{"time":0.9333,"name":"SPINE_TAIXIU/Group 59"},{"time":0.9667,"name":"SPINE_TAIXIU/Group 1"},{"time":1.0333,"name":"SPINE_TAIXIU/Group 2"},{"time":1.0667,"name":"SPINE_TAIXIU/Group 3"},{"time":1.1,"name":"SPINE_TAIXIU/Group 4"},{"time":1.1333,"name":"SPINE_TAIXIU/Group 5"},{"time":1.1667,"name":"SPINE_TAIXIU/Group 6"},{"time":1.2,"name":"SPINE_TAIXIU/Group 7"},{"time":1.2333,"name":"SPINE_TAIXIU/Group 8"},{"time":1.2667,"name":"SPINE_TAIXIU/Group 9"},{"time":1.3,"name":"SPINE_TAIXIU/Group 10"},{"time":1.3333,"name":"SPINE_TAIXIU/Group 11"},{"time":1.3667,"name":"SPINE_TAIXIU/Group 12"},{"time":1.4,"name":"SPINE_TAIXIU/Group 13"},{"time":1.4333,"name":"SPINE_TAIXIU/Group 14"},{"time":1.4667,"name":"SPINE_TAIXIU/Group 15"},{"time":1.5,"name":"SPINE_TAIXIU/Group 16"},{"time":1.5333,"name":"SPINE_TAIXIU/Group 17"},{"time":1.5667,"name":"SPINE_TAIXIU/Group 18"},{"time":1.6,"name":"SPINE_TAIXIU/Group 19"},{"time":1.6333,"name":"SPINE_TAIXIU/Group 20"},{"time":1.6667,"name":"SPINE_TAIXIU/Group 21"},{"time":1.7,"name":"SPINE_TAIXIU/Group 22"},{"time":1.7333,"name":"SPINE_TAIXIU/Group 23"},{"time":1.7667,"name":"SPINE_TAIXIU/Group 24"},{"time":1.8,"name":"SPINE_TAIXIU/Group 25"},{"time":1.8333,"name":"SPINE_TAIXIU/Group 26"},{"time":1.8667,"name":"SPINE_TAIXIU/Group 27"},{"time":1.9,"name":"SPINE_TAIXIU/Group 28"},{"time":1.9333,"name":"SPINE_TAIXIU/Group 29"},{"time":1.9667,"name":"SPINE_TAIXIU/Group 30"},{"time":2,"name":"SPINE_TAIXIU/Group 31"}]},"SPINE_TAIXIU/Group 3":{"color":[{"time":0,"color":"ffffff00"}],"attachment":[{"time":0,"name":"SPINE_TAIXIU/Group 1"}]},"SPINE_TAIXIU/Group 4":{"color":[{"time":0,"color":"ffffff00"}],"attachment":[{"time":0,"name":"SPINE_TAIXIU/Group 32"}]},"SPINE_TAIXIU/WIN_5":{"color":[{"time":0,"color":"ffffff00"}]},"SPINE_TAIXIU/WIN_6":{"color":[{"time":0,"color":"ffffff00"}]},"SPINE_TAIXIU/board_R":{"color":[{"time":0,"color":"ffffff00"}]},"SPINE_TAIXIU/xỉu2":{"color":[{"time":0,"color":"ffffff00"}]},"SPINE_TAIXIU/xỉu_light":{"color":[{"time":0.6667,"color":"ffffff00"},{"time":1,"color":"ffffffff"},{"time":1.3333,"color":"ffffff00"}]},"SPINE_TAIXIU/xỉu_light2":{"color":[{"time":0,"color":"ffffff00"},{"time":0.3333,"color":"ffffff40"},{"time":0.6667,"color":"ffffff00"},{"time":1,"color":"ffffff40"},{"time":1.3333,"color":"ffffff00"},{"time":1.6667,"color":"ffffff40"},{"time":2,"color":"ffffff00"}]},"SPINE_TAIXIU/xỉu_light3":{"color":[{"time":0,"color":"ffffff00"},{"time":0.3333,"color":"ffffff40"},{"time":0.6667,"color":"ffffff00"},{"time":1,"color":"ffffff40"},{"time":1.3333,"color":"ffffff00"},{"time":1.6667,"color":"ffffff40"},{"time":2,"color":"ffffff00"}]},"SPINE_TAIXIU/xỉu_light4":{"color":[{"time":0,"color":"ffffff00"}]},"SPINE_TAIXIU/xỉu_light5":{"color":[{"time":0,"color":"ffffff00"}]},"SPINE_TAIXIU/xỉu_light6":{"color":[{"time":0,"color":"ffffff00"}]},"clip2":{"color":[{"time":0,"color":"ffffff00"}]}},"deform":{"default":{"clip":{"clip":[{"time":0},{"time":0.6667,"vertices":[7.17534,63.25006,7.17534,63.25006,7.17534,63.25006,7.17534,63.25006]},{"time":1,"vertices":[40.47189,163.55717,40.47189,163.55717,58.79377,221.97493,58.79377,221.97493]},{"time":1.3333,"vertices":[89.52203,344.09363,89.52203,344.09363,89.52203,344.09363,89.52203,344.09363]}]}}}},"loop_xiu":{"slots":{"SPINE_TAIXIU/Group 1":{"color":[{"time":0,"color":"ffffff00"}],"attachment":[{"time":0,"name":"SPINE_TAIXIU/Group 1"}]},"SPINE_TAIXIU/Group 2":{"color":[{"time":0,"color":"ffffff00"}],"attachment":[{"time":0,"name":"SPINE_TAIXIU/Group 32"}]},"SPINE_TAIXIU/Group 3":{"attachment":[{"time":0,"name":"SPINE_TAIXIU/Group 1"},{"time":0.0333,"name":"SPINE_TAIXIU/Group 2"},{"time":0.0667,"name":"SPINE_TAIXIU/Group 3"},{"time":0.1,"name":"SPINE_TAIXIU/Group 4"},{"time":0.1333,"name":"SPINE_TAIXIU/Group 5"},{"time":0.1667,"name":"SPINE_TAIXIU/Group 6"},{"time":0.2,"name":"SPINE_TAIXIU/Group 7"},{"time":0.2333,"name":"SPINE_TAIXIU/Group 8"},{"time":0.2667,"name":"SPINE_TAIXIU/Group 9"},{"time":0.3,"name":"SPINE_TAIXIU/Group 10"},{"time":0.3333,"name":"SPINE_TAIXIU/Group 11"},{"time":0.3667,"name":"SPINE_TAIXIU/Group 12"},{"time":0.4,"name":"SPINE_TAIXIU/Group 13"},{"time":0.4333,"name":"SPINE_TAIXIU/Group 14"},{"time":0.4667,"name":"SPINE_TAIXIU/Group 15"},{"time":0.5,"name":"SPINE_TAIXIU/Group 16"},{"time":0.5333,"name":"SPINE_TAIXIU/Group 17"},{"time":0.5667,"name":"SPINE_TAIXIU/Group 18"},{"time":0.6,"name":"SPINE_TAIXIU/Group 19"},{"time":0.6333,"name":"SPINE_TAIXIU/Group 20"},{"time":0.6667,"name":"SPINE_TAIXIU/Group 21"},{"time":0.7,"name":"SPINE_TAIXIU/Group 22"},{"time":0.7333,"name":"SPINE_TAIXIU/Group 23"},{"time":0.7667,"name":"SPINE_TAIXIU/Group 24"},{"time":0.8,"name":"SPINE_TAIXIU/Group 25"},{"time":0.8333,"name":"SPINE_TAIXIU/Group 26"},{"time":0.8667,"name":"SPINE_TAIXIU/Group 27"},{"time":0.9,"name":"SPINE_TAIXIU/Group 28"},{"time":0.9333,"name":"SPINE_TAIXIU/Group 29"},{"time":0.9667,"name":"SPINE_TAIXIU/Group 30"},{"time":1,"name":"SPINE_TAIXIU/Group 31"},{"time":1.0333,"name":"SPINE_TAIXIU/Group 32"},{"time":1.0667,"name":"SPINE_TAIXIU/Group 33"},{"time":1.1,"name":"SPINE_TAIXIU/Group 34"},{"time":1.1333,"name":"SPINE_TAIXIU/Group 35"},{"time":1.1667,"name":"SPINE_TAIXIU/Group 36"},{"time":1.2,"name":"SPINE_TAIXIU/Group 60"},{"time":1.2333,"name":"SPINE_TAIXIU/Group 37"},{"time":1.2667,"name":"SPINE_TAIXIU/Group 38"},{"time":1.3,"name":"SPINE_TAIXIU/Group 39"},{"time":1.3333,"name":"SPINE_TAIXIU/Group 40"},{"time":1.3667,"name":"SPINE_TAIXIU/Group 41"},{"time":1.4,"name":"SPINE_TAIXIU/Group 42"},{"time":1.4333,"name":"SPINE_TAIXIU/Group 43"},{"time":1.4667,"name":"SPINE_TAIXIU/Group 44"},{"time":1.5,"name":"SPINE_TAIXIU/Group 45"},{"time":1.5333,"name":"SPINE_TAIXIU/Group 46"},{"time":1.5667,"name":"SPINE_TAIXIU/Group 47"},{"time":1.6,"name":"SPINE_TAIXIU/Group 48"},{"time":1.6333,"name":"SPINE_TAIXIU/Group 49"},{"time":1.6667,"name":"SPINE_TAIXIU/Group 50"},{"time":1.7,"name":"SPINE_TAIXIU/Group 51"},{"time":1.7333,"name":"SPINE_TAIXIU/Group 52"},{"time":1.7667,"name":"SPINE_TAIXIU/Group 53"},{"time":1.8,"name":"SPINE_TAIXIU/Group 54"},{"time":1.8333,"name":"SPINE_TAIXIU/Group 55"},{"time":1.8667,"name":"SPINE_TAIXIU/Group 56"},{"time":1.9,"name":"SPINE_TAIXIU/Group 57"},{"time":1.9333,"name":"SPINE_TAIXIU/Group 58"},{"time":1.9667,"name":"SPINE_TAIXIU/Group 59"},{"time":2,"name":"SPINE_TAIXIU/Group 1"}]},"SPINE_TAIXIU/Group 4":{"attachment":[{"time":0,"name":"SPINE_TAIXIU/Group 32"},{"time":0.0333,"name":"SPINE_TAIXIU/Group 33"},{"time":0.0667,"name":"SPINE_TAIXIU/Group 34"},{"time":0.1,"name":"SPINE_TAIXIU/Group 35"},{"time":0.1333,"name":"SPINE_TAIXIU/Group 36"},{"time":0.1667,"name":"SPINE_TAIXIU/Group 60"},{"time":0.2,"name":"SPINE_TAIXIU/Group 37"},{"time":0.2333,"name":"SPINE_TAIXIU/Group 38"},{"time":0.2667,"name":"SPINE_TAIXIU/Group 39"},{"time":0.3,"name":"SPINE_TAIXIU/Group 40"},{"time":0.3333,"name":"SPINE_TAIXIU/Group 41"},{"time":0.3667,"name":"SPINE_TAIXIU/Group 42"},{"time":0.4,"name":"SPINE_TAIXIU/Group 43"},{"time":0.4333,"name":"SPINE_TAIXIU/Group 44"},{"time":0.4667,"name":"SPINE_TAIXIU/Group 45"},{"time":0.5,"name":"SPINE_TAIXIU/Group 46"},{"time":0.5333,"name":"SPINE_TAIXIU/Group 47"},{"time":0.5667,"name":"SPINE_TAIXIU/Group 48"},{"time":0.6,"name":"SPINE_TAIXIU/Group 49"},{"time":0.6333,"name":"SPINE_TAIXIU/Group 50"},{"time":0.6667,"name":"SPINE_TAIXIU/Group 51"},{"time":0.7,"name":"SPINE_TAIXIU/Group 52"},{"time":0.7333,"name":"SPINE_TAIXIU/Group 53"},{"time":0.7667,"name":"SPINE_TAIXIU/Group 54"},{"time":0.8,"name":"SPINE_TAIXIU/Group 55"},{"time":0.8333,"name":"SPINE_TAIXIU/Group 56"},{"time":0.8667,"name":"SPINE_TAIXIU/Group 57"},{"time":0.9,"name":"SPINE_TAIXIU/Group 58"},{"time":0.9333,"name":"SPINE_TAIXIU/Group 59"},{"time":0.9667,"name":"SPINE_TAIXIU/Group 1"},{"time":1.0333,"name":"SPINE_TAIXIU/Group 2"},{"time":1.0667,"name":"SPINE_TAIXIU/Group 3"},{"time":1.1,"name":"SPINE_TAIXIU/Group 4"},{"time":1.1333,"name":"SPINE_TAIXIU/Group 5"},{"time":1.1667,"name":"SPINE_TAIXIU/Group 6"},{"time":1.2,"name":"SPINE_TAIXIU/Group 7"},{"time":1.2333,"name":"SPINE_TAIXIU/Group 8"},{"time":1.2667,"name":"SPINE_TAIXIU/Group 9"},{"time":1.3,"name":"SPINE_TAIXIU/Group 10"},{"time":1.3333,"name":"SPINE_TAIXIU/Group 11"},{"time":1.3667,"name":"SPINE_TAIXIU/Group 12"},{"time":1.4,"name":"SPINE_TAIXIU/Group 13"},{"time":1.4333,"name":"SPINE_TAIXIU/Group 14"},{"time":1.4667,"name":"SPINE_TAIXIU/Group 15"},{"time":1.5,"name":"SPINE_TAIXIU/Group 16"},{"time":1.5333,"name":"SPINE_TAIXIU/Group 17"},{"time":1.5667,"name":"SPINE_TAIXIU/Group 18"},{"time":1.6,"name":"SPINE_TAIXIU/Group 19"},{"time":1.6333,"name":"SPINE_TAIXIU/Group 20"},{"time":1.6667,"name":"SPINE_TAIXIU/Group 21"},{"time":1.7,"name":"SPINE_TAIXIU/Group 22"},{"time":1.7333,"name":"SPINE_TAIXIU/Group 23"},{"time":1.7667,"name":"SPINE_TAIXIU/Group 24"},{"time":1.8,"name":"SPINE_TAIXIU/Group 25"},{"time":1.8333,"name":"SPINE_TAIXIU/Group 26"},{"time":1.8667,"name":"SPINE_TAIXIU/Group 27"},{"time":1.9,"name":"SPINE_TAIXIU/Group 28"},{"time":1.9333,"name":"SPINE_TAIXIU/Group 29"},{"time":1.9667,"name":"SPINE_TAIXIU/Group 30"},{"time":2,"name":"SPINE_TAIXIU/Group 31"}]},"SPINE_TAIXIU/WIN_3":{"color":[{"time":0,"color":"ffffff00"}]},"SPINE_TAIXIU/WIN_4":{"color":[{"time":0,"color":"ffffff00"}]},"SPINE_TAIXIU/board_L":{"color":[{"time":0,"color":"ffffff00"}]},"SPINE_TAIXIU/xỉu":{"color":[{"time":0,"color":"ffffff00"}]},"SPINE_TAIXIU/xỉu_light":{"color":[{"time":0,"color":"ffffff00"}]},"SPINE_TAIXIU/xỉu_light2":{"color":[{"time":0,"color":"ffffff00"}]},"SPINE_TAIXIU/xỉu_light3":{"color":[{"time":0,"color":"ffffff00"}]},"SPINE_TAIXIU/xỉu_light4":{"color":[{"time":0.6667,"color":"ffffff00"},{"time":1,"color":"ffffffff"},{"time":1.3333,"color":"ffffff00"}]},"SPINE_TAIXIU/xỉu_light5":{"color":[{"time":0,"color":"ffffff00"},{"time":0.3333,"color":"ffffff40"},{"time":0.6667,"color":"ffffff00"},{"time":1,"color":"ffffff40"},{"time":1.3333,"color":"ffffff00"},{"time":1.6667,"color":"ffffff40"},{"time":2,"color":"ffffff00"}]},"SPINE_TAIXIU/xỉu_light6":{"color":[{"time":0,"color":"ffffff00"},{"time":0.3333,"color":"ffffff40"},{"time":0.6667,"color":"ffffff00"},{"time":1,"color":"ffffff40"},{"time":1.3333,"color":"ffffff00"},{"time":1.6667,"color":"ffffff40"},{"time":2,"color":"ffffff00"}]},"clip":{"color":[{"time":0,"color":"ffffff00"}]}},"deform":{"default":{"clip2":{"clip":[{"time":0},{"time":0.6667,"vertices":[7.17534,63.25006,7.17534,63.25006,7.17534,63.25006,7.17534,63.25006]},{"time":1,"vertices":[40.47189,163.55717,40.47189,163.55717,58.79377,221.97493,58.79377,221.97493]},{"time":1.3333,"vertices":[89.52203,344.09363,89.52203,344.09363,89.52203,344.09363,89.52203,344.09363]}]}}},"drawOrder":[{"time":0,"offsets":[{"slot":"clip","offset":1}]}]},"win_tai":{"slots":{"SPINE_TAIXIU/Group 1":{"color":[{"time":0,"color":"ffffff00"}]},"SPINE_TAIXIU/Group 2":{"color":[{"time":0,"color":"ffffff00"}]},"SPINE_TAIXIU/Group 3":{"color":[{"time":0,"color":"ffffff00"}]},"SPINE_TAIXIU/Group 4":{"color":[{"time":0,"color":"ffffff00"}]},"SPINE_TAIXIU/WIN_3":{"attachment":[{"time":0,"name":"SPINE_TAIXIU/WIN_1"},{"time":0.1667,"name":null},{"time":0.3333,"name":"SPINE_TAIXIU/WIN_1"},{"time":0.5,"name":null},{"time":0.6667,"name":"SPINE_TAIXIU/WIN_1"},{"time":0.8333,"name":null},{"time":1,"name":"SPINE_TAIXIU/WIN_1"},{"time":1.1667,"name":null},{"time":1.3333,"name":"SPINE_TAIXIU/WIN_1"},{"time":1.5,"name":null},{"time":1.6667,"name":"SPINE_TAIXIU/WIN_1"},{"time":1.8333,"name":null},{"time":2,"name":"SPINE_TAIXIU/WIN_1"}]},"SPINE_TAIXIU/WIN_4":{"attachment":[{"time":0.1667,"name":"SPINE_TAIXIU/WIN_2"},{"time":0.3333,"name":null},{"time":0.5,"name":"SPINE_TAIXIU/WIN_2"},{"time":0.6667,"name":null},{"time":0.8333,"name":"SPINE_TAIXIU/WIN_2"},{"time":1,"name":null},{"time":1.1667,"name":"SPINE_TAIXIU/WIN_2"},{"time":1.3333,"name":null},{"time":1.5,"name":"SPINE_TAIXIU/WIN_2"},{"time":1.6667,"name":null},{"time":1.8333,"name":"SPINE_TAIXIU/WIN_2"},{"time":2,"name":null}]},"SPINE_TAIXIU/WIN_5":{"color":[{"time":0,"color":"ffffff00"}],"attachment":[{"time":0,"name":"SPINE_TAIXIU/WIN_1"}]},"SPINE_TAIXIU/WIN_6":{"color":[{"time":0,"color":"ffffff00"}]},"SPINE_TAIXIU/board_R":{"color":[{"time":0,"color":"ffffff00"}]},"SPINE_TAIXIU/xỉu2":{"color":[{"time":0,"color":"ffffff00"}]},"SPINE_TAIXIU/xỉu_light2":{"color":[{"time":0,"color":"ffffff00"},{"time":0.3333,"color":"ffffff7c"},{"time":0.6667,"color":"ffffff00"},{"time":1,"color":"ffffffff"},{"time":1.1667,"color":"ffffff00"}]},"SPINE_TAIXIU/xỉu_light3":{"color":[{"time":0,"color":"ffffff00","curve":"stepped"},{"time":0.6667,"color":"ffffff00"},{"time":1,"color":"ffffffff"},{"time":1.5,"color":"ffffff00"}]},"SPINE_TAIXIU/xỉu_light4":{"color":[{"time":0,"color":"ffffff00"}]},"SPINE_TAIXIU/xỉu_light5":{"color":[{"time":0,"color":"ffffff00"}]},"SPINE_TAIXIU/xỉu_light6":{"color":[{"time":0,"color":"ffffff00"}]},"clip2":{"color":[{"time":0,"color":"ffffff00"}]}},"bones":{"xiu2":{"scale":[{"time":1,"x":1,"y":1},{"time":1.1667,"x":1.415,"y":1.497}]},"xiu":{"scale":[{"time":0,"x":1,"y":1},{"time":0.1667,"x":1.111,"y":1.111},{"time":0.3333,"x":1,"y":1},{"time":0.5,"x":1.111,"y":1.111},{"time":0.6667,"x":1,"y":1},{"time":0.8333,"x":0.94,"y":0.94},{"time":1,"x":1.298,"y":1.298},{"time":1.1667,"x":1.111,"y":1.111},{"time":1.3333,"x":1,"y":1},{"time":1.5,"x":1.111,"y":1.111},{"time":1.6667,"x":1,"y":1},{"time":1.8333,"x":1.111,"y":1.111},{"time":2,"x":1,"y":1}]},"xiu3":{"scale":[{"time":1,"x":1,"y":1},{"time":1.5,"x":1.415,"y":1.497}]}}},"win_xiu":{"slots":{"SPINE_TAIXIU/Group 1":{"color":[{"time":0,"color":"ffffff00"}]},"SPINE_TAIXIU/Group 2":{"color":[{"time":0,"color":"ffffff00"}]},"SPINE_TAIXIU/Group 3":{"color":[{"time":0,"color":"ffffff00"}]},"SPINE_TAIXIU/Group 4":{"color":[{"time":0,"color":"ffffff00"}]},"SPINE_TAIXIU/WIN_3":{"color":[{"time":0,"color":"ffffff00"}],"attachment":[{"time":0,"name":"SPINE_TAIXIU/WIN_1"}]},"SPINE_TAIXIU/WIN_4":{"color":[{"time":0,"color":"ffffff00"}]},"SPINE_TAIXIU/WIN_5":{"attachment":[{"time":0,"name":"SPINE_TAIXIU/WIN_1"},{"time":0.1667,"name":null},{"time":0.3333,"name":"SPINE_TAIXIU/WIN_1"},{"time":0.5,"name":null},{"time":0.6667,"name":"SPINE_TAIXIU/WIN_1"},{"time":0.8333,"name":null},{"time":1,"name":"SPINE_TAIXIU/WIN_1"},{"time":1.1667,"name":null},{"time":1.3333,"name":"SPINE_TAIXIU/WIN_1"},{"time":1.5,"name":null},{"time":1.6667,"name":"SPINE_TAIXIU/WIN_1"},{"time":1.8333,"name":null},{"time":2,"name":"SPINE_TAIXIU/WIN_1"}]},"SPINE_TAIXIU/WIN_6":{"attachment":[{"time":0.1667,"name":"SPINE_TAIXIU/WIN_2"},{"time":0.3333,"name":null},{"time":0.5,"name":"SPINE_TAIXIU/WIN_2"},{"time":0.6667,"name":null},{"time":0.8333,"name":"SPINE_TAIXIU/WIN_2"},{"time":1,"name":null},{"time":1.1667,"name":"SPINE_TAIXIU/WIN_2"},{"time":1.3333,"name":null},{"time":1.5,"name":"SPINE_TAIXIU/WIN_2"},{"time":1.6667,"name":null},{"time":1.8333,"name":"SPINE_TAIXIU/WIN_2"},{"time":2,"name":null}]},"SPINE_TAIXIU/board_L":{"color":[{"time":0,"color":"ffffff00"}]},"SPINE_TAIXIU/xỉu":{"color":[{"time":0,"color":"ffffff00"}]},"SPINE_TAIXIU/xỉu_light":{"color":[{"time":0,"color":"ffffff00"}]},"SPINE_TAIXIU/xỉu_light2":{"color":[{"time":0,"color":"ffffff00"}]},"SPINE_TAIXIU/xỉu_light3":{"color":[{"time":0,"color":"ffffff00"}]},"SPINE_TAIXIU/xỉu_light5":{"color":[{"time":0,"color":"ffffff00"},{"time":0.3333,"color":"ffffff7c"},{"time":0.6667,"color":"ffffff00"},{"time":1,"color":"ffffffff"},{"time":1.1667,"color":"ffffff00"}]},"SPINE_TAIXIU/xỉu_light6":{"color":[{"time":0,"color":"ffffff00","curve":"stepped"},{"time":0.6667,"color":"ffffff00"},{"time":1,"color":"ffffffff"},{"time":1.5,"color":"ffffff00"}]},"clip":{"color":[{"time":0,"color":"ffffff00"}]}},"bones":{"xiu5":{"scale":[{"time":1,"x":1,"y":1},{"time":1.1667,"x":1.415,"y":1.497}]},"xiu6":{"scale":[{"time":1,"x":1,"y":1},{"time":1.5,"x":1.415,"y":1.497}]},"xiu4":{"scale":[{"time":0,"x":1,"y":1},{"time":0.1667,"x":1.111,"y":1.111},{"time":0.3333,"x":1,"y":1},{"time":0.5,"x":1.111,"y":1.111},{"time":0.6667,"x":1,"y":1},{"time":0.8333,"x":0.94,"y":0.94},{"time":1,"x":1.298,"y":1.298},{"time":1.1667,"x":1.111,"y":1.111},{"time":1.3333,"x":1,"y":1},{"time":1.5,"x":1.111,"y":1.111},{"time":1.6667,"x":1,"y":1},{"time":1.8333,"x":1.111,"y":1.111},{"time":2,"x":1,"y":1}]}}}}},[0]]],0,0,[0],[-1],[0]]
