[1,["15Ht/MfuFDVpOJplwHCeuv@f9941"],["spriteFrame"],[["cc.BitmapFont",["_name","fontSize","fntConfig"],0]],[[0,0,1,2,4]],[[0,"td_font_win",32,{"commonHeight":76,"fontSize":32,"atlasName":"td_font_win.png","fontDefDictionary":{"9":{"xOffset":0,"yOffset":0,"xAdvance":40,"rect":{"x":0,"y":0,"width":0,"height":0}},"32":{"xOffset":0,"yOffset":0,"xAdvance":20,"rect":{"x":0,"y":0,"width":0,"height":0}},"44":{"xOffset":0,"yOffset":54,"xAdvance":27,"rect":{"x":103,"y":127,"width":22,"height":28}},"46":{"xOffset":0,"yOffset":53,"xAdvance":25,"rect":{"x":103,"y":156,"width":20,"height":23}},"48":{"xOffset":0,"yOffset":12,"xAdvance":55,"rect":{"x":52,"y":127,"width":50,"height":64}},"49":{"xOffset":0,"yOffset":14,"xAdvance":43,"rect":{"x":103,"y":64,"width":38,"height":62}},"50":{"xOffset":0,"yOffset":13,"xAdvance":54,"rect":{"x":103,"y":0,"width":49,"height":63}},"51":{"xOffset":0,"yOffset":13,"xAdvance":56,"rect":{"x":0,"y":192,"width":51,"height":63}},"52":{"xOffset":0,"yOffset":14,"xAdvance":58,"rect":{"x":0,"y":0,"width":53,"height":62}},"53":{"xOffset":0,"yOffset":13,"xAdvance":55,"rect":{"x":52,"y":192,"width":50,"height":63}},"54":{"xOffset":0,"yOffset":13,"xAdvance":56,"rect":{"x":0,"y":63,"width":51,"height":63}},"55":{"xOffset":0,"yOffset":14,"xAdvance":50,"rect":{"x":54,"y":0,"width":45,"height":62}},"56":{"xOffset":0,"yOffset":13,"xAdvance":56,"rect":{"x":0,"y":127,"width":51,"height":64}},"57":{"xOffset":0,"yOffset":13,"xAdvance":55,"rect":{"x":52,"y":63,"width":50,"height":63}}},"kerningDict":{}}]],0,0,[0],[0],[0]]
