[1,["a5ZBG7Q7dLiqEUlB7hfByG"],0,[["sp.SkeletonData",["_name","_atlasText","textureNames","_skeletonJson","textures"],-1,3]],[[0,0,1,2,3,4,5]],[[0,"skeleton","\nskeleton.png\nsize: 880,104\nformat: RGBA8888\nfilter: Linear,Linear\nrepeat: none\nLayer 644 copy\n  rotate: false\n  xy: 2, 2\n  size: 226, 98\n  orig: 226, 98\n  offset: 0, 0\n  index: -1\nLayer 645\n  rotate: false\n  xy: 458, 10\n  size: 228, 90\n  orig: 228, 90\n  offset: 0, 0\n  index: -1\nLayer 646\n  rotate: false\n  xy: 230, 2\n  size: 226, 98\n  orig: 226, 98\n  offset: 0, 0\n  index: -1\nThông báo mới\n  rotate: false\n  xy: 688, 61\n  size: 190, 39\n  orig: 190, 39\n  offset: 0, 0\n  index: -1\n",["skeleton.png"],{"skeleton":{"hash":"yl4l2Tz0Jj6ZeJqO4/5xCcyduLk","spine":"3.7.94","width":231.12,"height":102.23,"images":"./NITICATION/","audio":""},"bones":[{"name":"root"}],"slots":[{"name":"Layer 644 copy","bone":"root","attachment":"Layer 644 copy"},{"name":"Layer 645","bone":"root","attachment":"Layer 645"},{"name":"Layer 646","bone":"root","attachment":"Layer 646"},{"name":"Thông báo mới","bone":"root","attachment":"Thông báo mới"}],"skins":{"default":{"Layer 644 copy":{"Layer 644 copy":{"type":"mesh","hull":4,"width":226,"height":98,"uvs":[1,1,0,1,0,0,1,0],"triangles":[1,2,3,1,3,0],"vertices":[113,-49,-113,-49,-113,49,113,49],"edges":[0,2,2,4,4,6,0,6]}},"Layer 645":{"Layer 645":{"type":"mesh","hull":4,"width":228,"height":90,"uvs":[1,1,0,1,0,0,1,0],"triangles":[1,2,3,1,3,0],"vertices":[118.12,-36.77,-109.88,-36.77,-109.88,53.23,118.12,53.23],"edges":[0,2,2,4,4,6,0,6]}},"Layer 646":{"Layer 646":{"type":"mesh","hull":4,"width":226,"height":98,"uvs":[1,1,0,1,0,0,1,0],"triangles":[1,2,3,1,3,0],"vertices":[115.94,-45.77,-110.06,-45.77,-110.06,52.23,115.94,52.23],"edges":[0,2,2,4,4,6,0,6]}},"Thông báo mới":{"Thông báo mới":{"type":"mesh","hull":4,"width":190,"height":39,"uvs":[1,1,0,1,0,0,1,0],"triangles":[1,2,3,1,3,0],"vertices":[96.97,-8.94,-93.03,-8.94,-93.03,30.06,96.97,30.06],"edges":[0,2,2,4,4,6,0,6]}}}},"animations":{"animation":{"slots":{"Layer 645":{"attachment":[{"time":0,"name":null},{"time":0.1667,"name":"Layer 645"},{"time":0.3333,"name":null},{"time":0.5,"name":"Layer 645"},{"time":0.6667,"name":null},{"time":0.8333,"name":"Layer 645"},{"time":1,"name":null},{"time":1.1667,"name":"Layer 645"},{"time":1.3333,"name":null}]},"Layer 646":{"attachment":[{"time":0.1667,"name":null},{"time":0.3333,"name":"Layer 646"},{"time":0.5,"name":null},{"time":0.6667,"name":"Layer 646"},{"time":0.8333,"name":null},{"time":1,"name":"Layer 646"},{"time":1.1667,"name":null},{"time":1.3333,"name":"Layer 646"}]}},"bones":{"root":{"translate":[{"time":0,"x":0,"y":0},{"time":0.6667,"x":6.47,"y":6.76},{"time":1.3333,"x":0,"y":0}],"scale":[{"time":0,"x":1,"y":1},{"time":0.6667,"x":1.1,"y":1.1},{"time":1.3333,"x":1,"y":1}]}}}}},[0]]],0,0,[0],[-1],[0]]
