[1,["b0QOTpHR9AKq/rlM7LFBpr"],0,[["sp.SkeletonData",["_name","_atlasText","textureNames","_skeletonJson","textures"],-1,3]],[[0,0,1,2,3,4,5]],[[0,"skeleton","\nskeleton.png\nsize: 2048,256\nformat: RGBA8888\nfilter: Linear,Linear\nrepeat: none\nNAP\n  rotate: false\n  xy: 2, 2\n  size: 64, 49\n  orig: 64, 49\n  offset: 0, 0\n  index: -1\nlight_rou\n  rotate: false\n  xy: 2, 53\n  size: 166, 166\n  orig: 166, 166\n  offset: 0, 0\n  index: -1\npar_light\n  rotate: true\n  xy: 170, 161\n  size: 58, 223\n  orig: 58, 223\n  offset: 0, 0\n  index: -1\nred_coin\n  rotate: false\n  xy: 170, 32\n  size: 127, 127\n  orig: 127, 127\n  offset: 0, 0\n  index: -1\nspark/spark_00000\n  rotate: false\n  xy: 299, 59\n  size: 100, 100\n  orig: 100, 100\n  offset: 0, 0\n  index: -1\nspark/spark_00001\n  rotate: false\n  xy: 401, 119\n  size: 100, 100\n  orig: 100, 100\n  offset: 0, 0\n  index: -1\nspark/spark_00002\n  rotate: false\n  xy: 503, 119\n  size: 100, 100\n  orig: 100, 100\n  offset: 0, 0\n  index: -1\nspark/spark_00003\n  rotate: false\n  xy: 605, 119\n  size: 100, 100\n  orig: 100, 100\n  offset: 0, 0\n  index: -1\nspark/spark_00004\n  rotate: false\n  xy: 707, 119\n  size: 100, 100\n  orig: 100, 100\n  offset: 0, 0\n  index: -1\nspark/spark_00005\n  rotate: false\n  xy: 809, 119\n  size: 100, 100\n  orig: 100, 100\n  offset: 0, 0\n  index: -1\nspark/spark_00006\n  rotate: false\n  xy: 911, 119\n  size: 100, 100\n  orig: 100, 100\n  offset: 0, 0\n  index: -1\nspark/spark_00007\n  rotate: false\n  xy: 1013, 119\n  size: 100, 100\n  orig: 100, 100\n  offset: 0, 0\n  index: -1\nspark/spark_00008\n  rotate: false\n  xy: 1115, 119\n  size: 100, 100\n  orig: 100, 100\n  offset: 0, 0\n  index: -1\nspark/spark_00009\n  rotate: false\n  xy: 1217, 119\n  size: 100, 100\n  orig: 100, 100\n  offset: 0, 0\n  index: -1\nspark/spark_00010\n  rotate: false\n  xy: 1319, 119\n  size: 100, 100\n  orig: 100, 100\n  offset: 0, 0\n  index: -1\nspark/spark_00011\n  rotate: false\n  xy: 1421, 119\n  size: 100, 100\n  orig: 100, 100\n  offset: 0, 0\n  index: -1\nspark/spark_00012\n  rotate: false\n  xy: 1523, 119\n  size: 100, 100\n  orig: 100, 100\n  offset: 0, 0\n  index: -1\nspark/spark_00013\n  rotate: false\n  xy: 1625, 119\n  size: 100, 100\n  orig: 100, 100\n  offset: 0, 0\n  index: -1\nspark/spark_00014\n  rotate: false\n  xy: 1727, 119\n  size: 100, 100\n  orig: 100, 100\n  offset: 0, 0\n  index: -1\nspark/spark_00015\n  rotate: false\n  xy: 1829, 119\n  size: 100, 100\n  orig: 100, 100\n  offset: 0, 0\n  index: -1\nspark/spark_00016\n  rotate: false\n  xy: 1931, 119\n  size: 100, 100\n  orig: 100, 100\n  offset: 0, 0\n  index: -1\nspark/spark_00017\n  rotate: false\n  xy: 401, 17\n  size: 100, 100\n  orig: 100, 100\n  offset: 0, 0\n  index: -1\nspark/spark_00018\n  rotate: false\n  xy: 503, 17\n  size: 100, 100\n  orig: 100, 100\n  offset: 0, 0\n  index: -1\nspark/spark_00019\n  rotate: false\n  xy: 605, 17\n  size: 100, 100\n  orig: 100, 100\n  offset: 0, 0\n  index: -1\nspark/spark_00020\n  rotate: false\n  xy: 707, 17\n  size: 100, 100\n  orig: 100, 100\n  offset: 0, 0\n  index: -1\n",["skeleton.png"],{"skeleton":{"hash":"jgD1HLQmWipFLrYute3sy5V0obc","spine":"3.7.94","width":513.51,"height":179.46,"images":"./LOBBY/","audio":"/Users/homick/Documents/MANCLUB_EXPORT/RES"},"bones":[{"name":"root","x":423.77,"y":286.22},{"name":"red_coin","parent":"root","length":62.39,"rotation":178.75,"x":-422.99,"y":-288.8,"color":"ff0000ff"},{"name":"spark","parent":"root","length":43.56,"rotation":-1.72,"x":-85.48,"y":-252.58,"scaleX":1.115,"scaleY":1.206,"color":"f000ffff"},{"name":"light_rou","parent":"root","length":56.73,"rotation":178.75,"x":-60.11,"y":-283.99,"color":"9e00ffff"},{"name":"par4","parent":"root","length":148.15,"rotation":156.73,"x":12.7,"y":-264.39,"scaleX":0.853,"scaleY":0.335,"color":"fd0000ff"},{"name":"par5","parent":"root","length":148.15,"rotation":165.41,"x":12.7,"y":-271.07,"scaleX":0.853,"scaleY":0.335,"color":"fd0000ff"},{"name":"par6","parent":"root","length":148.15,"rotation":176.05,"x":2.2,"y":-275.85,"scaleX":0.953,"scaleY":0.545,"color":"fd0000ff"}],"slots":[{"name":"red_coin2","bone":"red_coin","attachment":"red_coin"},{"name":"red_coin","bone":"root","attachment":"red_coin"},{"name":"red_coin3","bone":"root","color":"ffffff34","attachment":"red_coin","blend":"additive"},{"name":"NAP","bone":"root","attachment":"NAP"},{"name":"par_light6","bone":"par6","color":"f7ffad26","attachment":"par_light","blend":"additive"},{"name":"par_light5","bone":"par5","color":"f7ffad26","attachment":"par_light","blend":"additive"},{"name":"par_light4","bone":"par4","color":"f7ffad26","attachment":"par_light","blend":"additive"},{"name":"light_rou","bone":"light_rou","color":"fffda980","attachment":"light_rou","blend":"additive"},{"name":"spark/spark_00000","bone":"spark","blend":"additive"}],"skins":{"default":{"NAP":{"NAP":{"x":-421.57,"y":-289.8,"width":64,"height":49}},"light_rou":{"light_rou":{"type":"mesh","hull":4,"width":166,"height":166,"uvs":[1,1,0,1,0,0,1,0],"triangles":[1,2,3,1,3,0],"vertices":[-83.18,78.35,82.78,81.96,86.39,-84.01,-79.57,-87.61],"edges":[0,2,2,4,4,6,0,6]}},"par_light4":{"par_light":{"type":"mesh","hull":4,"width":58,"height":223,"uvs":[1,1,0,1,0,0,1,0],"triangles":[1,2,3,1,3,0],"vertices":[-13.07,-26.66,-12.45,31.33,210.54,28.96,209.92,-29.04],"edges":[0,2,2,4,4,6,0,6]}},"par_light5":{"par_light":{"type":"mesh","hull":4,"width":58,"height":223,"uvs":[1,1,0,1,0,0,1,0],"triangles":[1,2,3,1,3,0],"vertices":[-13.07,-26.66,-12.45,31.33,210.54,28.96,209.92,-29.04],"edges":[0,2,2,4,4,6,0,6]}},"par_light6":{"par_light":{"type":"mesh","hull":4,"width":58,"height":223,"uvs":[1,1,0,1,0,0,1,0],"triangles":[1,2,3,1,3,0],"vertices":[-13.07,-26.66,-12.45,31.33,210.54,28.96,209.92,-29.04],"edges":[0,2,2,4,4,6,0,6]}},"red_coin":{"red_coin":{"type":"mesh","hull":4,"width":127,"height":127,"uvs":[1,1,0,1,0,0,1,0],"triangles":[1,2,3,1,3,0],"vertices":[-360.03,-350.68,-487.03,-350.68,-487.03,-223.68,-360.03,-223.68],"edges":[0,2,2,4,4,6,0,6]}},"red_coin2":{"red_coin":{"x":0.58,"y":-1.62,"rotation":-178.75,"width":127,"height":127}},"red_coin3":{"red_coin":{"type":"mesh","hull":4,"width":127,"height":127,"uvs":[1,1,0,1,0,0,1,0],"triangles":[1,2,3,1,3,0],"vertices":[-360.03,-350.68,-487.03,-350.68,-487.03,-223.68,-360.03,-223.68],"edges":[0,2,2,4,4,6,0,6]}},"spark/spark_00000":{"spark/spark_00000":{"x":-0.23,"y":-1.3,"rotation":-178.36,"width":100,"height":100},"spark/spark_00001":{"x":-0.23,"y":-1.3,"rotation":-178.36,"width":100,"height":100},"spark/spark_00002":{"x":-0.23,"y":-1.3,"rotation":-178.36,"width":100,"height":100},"spark/spark_00003":{"x":-0.23,"y":-1.3,"rotation":-178.36,"width":100,"height":100},"spark/spark_00004":{"x":-0.23,"y":-1.3,"rotation":-178.36,"width":100,"height":100},"spark/spark_00005":{"x":-0.23,"y":-1.3,"rotation":-178.36,"width":100,"height":100},"spark/spark_00006":{"x":-0.23,"y":-1.3,"rotation":-178.36,"width":100,"height":100},"spark/spark_00007":{"x":-0.23,"y":-1.3,"rotation":-178.36,"width":100,"height":100},"spark/spark_00008":{"x":-0.23,"y":-1.3,"rotation":-178.36,"width":100,"height":100},"spark/spark_00009":{"x":-0.23,"y":-1.3,"rotation":-178.36,"width":100,"height":100},"spark/spark_00010":{"x":-0.23,"y":-1.3,"rotation":-178.36,"width":100,"height":100},"spark/spark_00011":{"x":-0.23,"y":-1.3,"rotation":-178.36,"width":100,"height":100},"spark/spark_00012":{"x":-0.23,"y":-1.3,"rotation":-178.36,"width":100,"height":100},"spark/spark_00013":{"x":-0.23,"y":-1.3,"rotation":-178.36,"width":100,"height":100},"spark/spark_00014":{"x":-0.23,"y":-1.3,"rotation":-178.36,"width":100,"height":100},"spark/spark_00015":{"x":-0.23,"y":-1.3,"rotation":-178.36,"width":100,"height":100},"spark/spark_00016":{"x":-0.23,"y":-1.3,"rotation":-178.36,"width":100,"height":100},"spark/spark_00017":{"x":-0.23,"y":-1.3,"rotation":-178.36,"width":100,"height":100},"spark/spark_00018":{"x":-0.23,"y":-1.3,"rotation":-178.36,"width":100,"height":100},"spark/spark_00019":{"x":-0.23,"y":-1.3,"rotation":-178.36,"width":100,"height":100},"spark/spark_00020":{"x":-0.23,"y":-1.3,"rotation":-178.36,"width":100,"height":100}}}},"animations":{"animation":{"slots":{"light_rou":{"color":[{"time":0,"color":"fffda900","curve":"stepped"},{"time":1.8333,"color":"fffda900"},{"time":2,"color":"fffda98e","curve":"stepped"},{"time":2.1667,"color":"fffda98e"},{"time":2.3333,"color":"fffda900"}]},"par_light4":{"color":[{"time":0,"color":"f7ffad00"},{"time":2,"color":"f7ffad00"},{"time":2.1333,"color":"f7ffad26"},{"time":2.3333,"color":"f7ffad00"}]},"par_light5":{"color":[{"time":0,"color":"f7ffad00"},{"time":2,"color":"f7ffad00"},{"time":2.1333,"color":"f7ffad26"},{"time":2.3333,"color":"f7ffad00"}]},"par_light6":{"color":[{"time":0,"color":"f7ffad00"},{"time":2,"color":"f7ffad00"},{"time":2.1333,"color":"f7ffad26"},{"time":2.3333,"color":"f7ffad00"}]},"red_coin3":{"color":[{"time":0,"color":"ffffff00"},{"time":0.6667,"color":"ffffff34"},{"time":1.3333,"color":"ffffff00"},{"time":2,"color":"ffffff34"},{"time":2.6667,"color":"ffffff00"},{"time":3.3333,"color":"ffffff34"},{"time":4,"color":"ffffff00"},{"time":4.6667,"color":"ffffff34"},{"time":5.3333,"color":"ffffff00"}]},"spark/spark_00000":{"attachment":[{"time":1.8333,"name":"spark/spark_00000"},{"time":1.8667,"name":"spark/spark_00001"},{"time":1.9,"name":"spark/spark_00002"},{"time":1.9333,"name":"spark/spark_00003"},{"time":1.9667,"name":"spark/spark_00004"},{"time":2,"name":"spark/spark_00005"},{"time":2.0333,"name":"spark/spark_00006"},{"time":2.0667,"name":"spark/spark_00007"},{"time":2.1,"name":"spark/spark_00008"},{"time":2.1333,"name":"spark/spark_00009"},{"time":2.1667,"name":"spark/spark_00010"},{"time":2.2,"name":"spark/spark_00011"},{"time":2.2333,"name":"spark/spark_00012"},{"time":2.2667,"name":"spark/spark_00013"},{"time":2.3,"name":"spark/spark_00014"},{"time":2.3333,"name":"spark/spark_00015"},{"time":2.3667,"name":"spark/spark_00016"},{"time":2.4,"name":"spark/spark_00017"},{"time":2.4333,"name":"spark/spark_00018"},{"time":2.4667,"name":"spark/spark_00019"},{"time":2.5,"name":"spark/spark_00020"},{"time":2.5333,"name":null}]}},"bones":{"red_coin":{"rotate":[{"time":1.3333,"angle":0},{"time":1.5333,"angle":-87.86},{"time":1.6667,"angle":179.89},{"time":1.8667,"angle":92.2},{"time":1.9333,"angle":88.97},{"time":2,"angle":91.87},{"time":2.3333,"angle":2.21}],"translate":[{"time":1.3333,"x":0,"y":0},{"time":1.8667,"x":344.24,"y":0},{"time":1.9333,"x":349.63,"y":0},{"time":2,"x":344.24,"y":0},{"time":2.3333,"x":446.42,"y":0}]}}}}},[0]]],0,0,[0],[-1],[0]]
