[1,["ecBZJGwyBOtpZVawpIJVNl"],0,[["sp.SkeletonData",["_name","_atlasText","textureNames","_skeletonJson","textures"],-1,3]],[[0,0,1,2,3,4,5]],[[0,"skeleton","\nskeleton.png\nsize: 512,128\nformat: RGBA8888\nfilter: Linear,Linear\nrepeat: none\n1\n  rotate: false\n  xy: 2, 47\n  size: 242, 39\n  orig: 242, 39\n  offset: 0, 0\n  index: -1\n2\n  rotate: false\n  xy: 246, 2\n  size: 85, 84\n  orig: 85, 84\n  offset: 0, 0\n  index: -1\n",["skeleton.png"],{"skeleton":{"hash":"FcFaVXK0NcqbeabMceei2QkXOGA","spine":"3.7.94","width":267.33,"height":84,"images":"","audio":""},"bones":[{"name":"root","x":12.73},{"name":"bone","parent":"root","length":40.85,"rotation":-179.61,"x":-104.01,"y":2.03,"color":"00fb1bff"}],"slots":[{"name":"1","bone":"root","attachment":"1"},{"name":"clip","bone":"root","attachment":"clip"},{"name":"2","bone":"bone","attachment":"2"}],"skins":{"default":{"1":{"1":{"type":"mesh","hull":4,"width":242,"height":39,"uvs":[1,1,0,1,0,0,1,0],"triangles":[1,2,3,1,3,0],"vertices":[121,-19,-121,-19,-121,20,121,20],"edges":[0,2,2,4,4,6,0,6]}},"2":{"2":{"type":"mesh","hull":4,"width":85,"height":84,"uvs":[1,1,0,1,0,0,1,0],"triangles":[1,2,3,1,3,0],"vertices":[-42.4,42.4,42.6,41.83,42.03,-42.17,-42.96,-41.6],"edges":[0,2,2,4,4,6,0,6]}},"clip":{"clip":{"type":"clipping","vertexCount":6,"color":"ce3a3aff","vertices":[-66.36,31.87,-94.08,16.33,-93.65,-13.98,-61.86,-31.24,-169.63,-83.49,-161.59,70.88]}}}},"animations":{"animation":{"bones":{"bone":{"rotate":[{"time":0,"angle":0},{"time":0.6667,"angle":-90.39},{"time":1.3333,"angle":178.61},{"time":2,"angle":89.61},{"time":2.6667,"angle":0}]}}}}},[0]]],0,0,[0],[-1],[0]]
