[1,["fdXuPmqMtB5peiT/78B035@f9941"],["spriteFrame"],[["cc.BitmapFont",["_name","fontSize","fntConfig"],0]],[[0,0,1,2,4]],[[0,"font_chu_do",32,{"commonHeight":34,"fontSize":32,"atlasName":"font_chu_do.png","fontDefDictionary":{"9":{"xOffset":0,"yOffset":0,"xAdvance":160,"rect":{"x":0,"y":0,"width":0,"height":0}},"32":{"xOffset":0,"yOffset":0,"xAdvance":7,"rect":{"x":0,"y":0,"width":0,"height":0}},"33":{"xOffset":0,"yOffset":14,"xAdvance":6,"rect":{"x":269,"y":0,"width":5,"height":20}},"34":{"xOffset":0,"yOffset":14,"xAdvance":9,"rect":{"x":20,"y":41,"width":8,"height":9}},"35":{"xOffset":0,"yOffset":15,"xAdvance":13,"rect":{"x":188,"y":209,"width":12,"height":18}},"36":{"xOffset":0,"yOffset":13,"xAdvance":12,"rect":{"x":240,"y":157,"width":11,"height":22}},"37":{"xOffset":0,"yOffset":15,"xAdvance":21,"rect":{"x":0,"y":20,"width":20,"height":19}},"38":{"xOffset":0,"yOffset":14,"xAdvance":17,"rect":{"x":36,"y":180,"width":16,"height":20}},"39":{"xOffset":0,"yOffset":14,"xAdvance":5,"rect":{"x":235,"y":165,"width":4,"height":9}},"40":{"xOffset":0,"yOffset":14,"xAdvance":7,"rect":{"x":268,"y":170,"width":6,"height":22}},"41":{"xOffset":0,"yOffset":14,"xAdvance":7,"rect":{"x":268,"y":193,"width":6,"height":22}},"42":{"xOffset":0,"yOffset":14,"xAdvance":11,"rect":{"x":103,"y":107,"width":10,"height":12}},"43":{"xOffset":0,"yOffset":18,"xAdvance":14,"rect":{"x":163,"y":0,"width":13,"height":15}},"44":{"xOffset":0,"yOffset":26,"xAdvance":7,"rect":{"x":228,"y":165,"width":6,"height":10}},"45":{"xOffset":0,"yOffset":23,"xAdvance":8,"rect":{"x":53,"y":250,"width":7,"height":5}},"46":{"xOffset":0,"yOffset":26,"xAdvance":6,"rect":{"x":201,"y":247,"width":5,"height":8}},"47":{"xOffset":0,"yOffset":14,"xAdvance":9,"rect":{"x":252,"y":104,"width":8,"height":20}},"48":{"xOffset":0,"yOffset":15,"xAdvance":13,"rect":{"x":202,"y":157,"width":12,"height":19}},"49":{"xOffset":0,"yOffset":15,"xAdvance":9,"rect":{"x":252,"y":149,"width":8,"height":18}},"50":{"xOffset":0,"yOffset":15,"xAdvance":13,"rect":{"x":202,"y":73,"width":12,"height":18}},"51":{"xOffset":0,"yOffset":15,"xAdvance":13,"rect":{"x":201,"y":227,"width":12,"height":19}},"52":{"xOffset":0,"yOffset":15,"xAdvance":14,"rect":{"x":162,"y":16,"width":13,"height":18}},"53":{"xOffset":0,"yOffset":15,"xAdvance":13,"rect":{"x":202,"y":137,"width":12,"height":19}},"54":{"xOffset":0,"yOffset":15,"xAdvance":14,"rect":{"x":175,"y":61,"width":13,"height":19}},"55":{"xOffset":0,"yOffset":15,"xAdvance":12,"rect":{"x":240,"y":138,"width":11,"height":18}},"56":{"xOffset":0,"yOffset":15,"xAdvance":14,"rect":{"x":161,"y":234,"width":13,"height":19}},"57":{"xOffset":0,"yOffset":15,"xAdvance":13,"rect":{"x":214,"y":199,"width":12,"height":19}},"58":{"xOffset":0,"yOffset":19,"xAdvance":6,"rect":{"x":268,"y":216,"width":5,"height":15}},"59":{"xOffset":0,"yOffset":19,"xAdvance":7,"rect":{"x":261,"y":191,"width":6,"height":17}},"60":{"xOffset":0,"yOffset":18,"xAdvance":13,"rect":{"x":214,"y":219,"width":12,"height":15}},"61":{"xOffset":0,"yOffset":21,"xAdvance":15,"rect":{"x":0,"y":244,"width":14,"height":10}},"62":{"xOffset":0,"yOffset":18,"xAdvance":14,"rect":{"x":161,"y":218,"width":13,"height":15}},"63":{"xOffset":0,"yOffset":14,"xAdvance":10,"rect":{"x":252,"y":37,"width":9,"height":20}},"64":{"xOffset":0,"yOffset":16,"xAdvance":18,"rect":{"x":19,"y":106,"width":17,"height":20}},"65":{"xOffset":0,"yOffset":14,"xAdvance":16,"rect":{"x":70,"y":219,"width":15,"height":19}},"66":{"xOffset":0,"yOffset":14,"xAdvance":14,"rect":{"x":175,"y":122,"width":13,"height":20}},"67":{"xOffset":0,"yOffset":14,"xAdvance":14,"rect":{"x":175,"y":101,"width":13,"height":20}},"68":{"xOffset":0,"yOffset":14,"xAdvance":16,"rect":{"x":102,"y":120,"width":15,"height":20}},"69":{"xOffset":0,"yOffset":14,"xAdvance":12,"rect":{"x":228,"y":71,"width":11,"height":19}},"70":{"xOffset":0,"yOffset":14,"xAdvance":12,"rect":{"x":240,"y":0,"width":11,"height":19}},"71":{"xOffset":0,"yOffset":14,"xAdvance":16,"rect":{"x":89,"y":0,"width":15,"height":20}},"72":{"xOffset":0,"yOffset":14,"xAdvance":15,"rect":{"x":103,"y":87,"width":14,"height":19}},"73":{"xOffset":0,"yOffset":14,"xAdvance":5,"rect":{"x":269,"y":67,"width":4,"height":19}},"74":{"xOffset":0,"yOffset":14,"xAdvance":10,"rect":{"x":252,"y":16,"width":9,"height":20}},"75":{"xOffset":0,"yOffset":14,"xAdvance":15,"rect":{"x":105,"y":0,"width":14,"height":19}},"76":{"xOffset":0,"yOffset":14,"xAdvance":12,"rect":{"x":240,"y":67,"width":11,"height":19}},"77":{"xOffset":0,"yOffset":14,"xAdvance":19,"rect":{"x":0,"y":55,"width":18,"height":19}},"78":{"xOffset":0,"yOffset":14,"xAdvance":15,"rect":{"x":117,"y":200,"width":14,"height":19}},"79":{"xOffset":0,"yOffset":14,"xAdvance":17,"rect":{"x":54,"y":125,"width":16,"height":20}},"80":{"xOffset":0,"yOffset":14,"xAdvance":13,"rect":{"x":176,"y":16,"width":12,"height":19}},"81":{"xOffset":0,"yOffset":14,"xAdvance":17,"rect":{"x":36,"y":228,"width":16,"height":22}},"82":{"xOffset":0,"yOffset":14,"xAdvance":14,"rect":{"x":175,"y":168,"width":13,"height":19}},"83":{"xOffset":0,"yOffset":14,"xAdvance":12,"rect":{"x":228,"y":144,"width":11,"height":20}},"84":{"xOffset":0,"yOffset":14,"xAdvance":14,"rect":{"x":175,"y":81,"width":13,"height":19}},"85":{"xOffset":0,"yOffset":14,"xAdvance":15,"rect":{"x":133,"y":20,"width":14,"height":20}},"86":{"xOffset":0,"yOffset":14,"xAdvance":17,"rect":{"x":22,"y":0,"width":16,"height":19}},"87":{"xOffset":0,"yOffset":14,"xAdvance":22,"rect":{"x":0,"y":0,"width":21,"height":19}},"88":{"xOffset":0,"yOffset":14,"xAdvance":15,"rect":{"x":120,"y":0,"width":14,"height":19}},"89":{"xOffset":0,"yOffset":14,"xAdvance":15,"rect":{"x":118,"y":20,"width":14,"height":19}},"90":{"xOffset":0,"yOffset":14,"xAdvance":14,"rect":{"x":147,"y":229,"width":13,"height":19}},"91":{"xOffset":0,"yOffset":14,"xAdvance":7,"rect":{"x":262,"y":23,"width":6,"height":22}},"92":{"xOffset":0,"yOffset":14,"xAdvance":9,"rect":{"x":252,"y":83,"width":8,"height":20}},"93":{"xOffset":0,"yOffset":14,"xAdvance":7,"rect":{"x":262,"y":0,"width":6,"height":22}},"94":{"xOffset":0,"yOffset":15,"xAdvance":14,"rect":{"x":39,"y":25,"width":13,"height":14}},"95":{"xOffset":0,"yOffset":32,"xAdvance":14,"rect":{"x":34,"y":251,"width":13,"height":4}},"96":{"xOffset":0,"yOffset":14,"xAdvance":7,"rect":{"x":188,"y":249,"width":6,"height":6}},"97":{"xOffset":0,"yOffset":19,"xAdvance":13,"rect":{"x":189,"y":21,"width":12,"height":15}},"98":{"xOffset":0,"yOffset":14,"xAdvance":13,"rect":{"x":201,"y":206,"width":12,"height":20}},"99":{"xOffset":0,"yOffset":19,"xAdvance":11,"rect":{"x":240,"y":201,"width":10,"height":15}},"100":{"xOffset":0,"yOffset":14,"xAdvance":14,"rect":{"x":147,"y":117,"width":13,"height":20}},"101":{"xOffset":0,"yOffset":19,"xAdvance":13,"rect":{"x":202,"y":0,"width":12,"height":15}},"102":{"xOffset":0,"yOffset":13,"xAdvance":10,"rect":{"x":251,"y":201,"width":9,"height":20}},"103":{"xOffset":0,"yOffset":19,"xAdvance":14,"rect":{"x":161,"y":172,"width":13,"height":19}},"104":{"xOffset":0,"yOffset":14,"xAdvance":13,"rect":{"x":215,"y":0,"width":12,"height":19}},"105":{"xOffset":0,"yOffset":14,"xAdvance":5,"rect":{"x":269,"y":21,"width":4,"height":19}},"106":{"xOffset":0,"yOffset":14,"xAdvance":9,"rect":{"x":252,"y":58,"width":8,"height":24}},"107":{"xOffset":0,"yOffset":14,"xAdvance":14,"rect":{"x":161,"y":86,"width":13,"height":19}},"108":{"xOffset":0,"yOffset":14,"xAdvance":6,"rect":{"x":268,"y":232,"width":5,"height":19}},"109":{"xOffset":0,"yOffset":19,"xAdvance":19,"rect":{"x":0,"y":126,"width":18,"height":14}},"110":{"xOffset":0,"yOffset":19,"xAdvance":13,"rect":{"x":202,"y":58,"width":12,"height":14}},"111":{"xOffset":0,"yOffset":19,"xAdvance":14,"rect":{"x":149,"y":0,"width":13,"height":15}},"112":{"xOffset":0,"yOffset":19,"xAdvance":14,"rect":{"x":135,"y":0,"width":13,"height":19}},"113":{"xOffset":0,"yOffset":19,"xAdvance":14,"rect":{"x":133,"y":90,"width":13,"height":19}},"114":{"xOffset":0,"yOffset":19,"xAdvance":9,"rect":{"x":251,"y":241,"width":8,"height":14}},"115":{"xOffset":0,"yOffset":19,"xAdvance":10,"rect":{"x":252,"y":0,"width":9,"height":15}},"116":{"xOffset":0,"yOffset":16,"xAdvance":10,"rect":{"x":251,"y":222,"width":9,"height":18}},"117":{"xOffset":0,"yOffset":19,"xAdvance":13,"rect":{"x":215,"y":62,"width":12,"height":15}},"118":{"xOffset":0,"yOffset":19,"xAdvance":14,"rect":{"x":118,"y":184,"width":13,"height":14}},"119":{"xOffset":0,"yOffset":19,"xAdvance":20,"rect":{"x":0,"y":40,"width":19,"height":14}},"120":{"xOffset":0,"yOffset":19,"xAdvance":14,"rect":{"x":70,"y":239,"width":13,"height":14}},"121":{"xOffset":0,"yOffset":19,"xAdvance":14,"rect":{"x":147,"y":208,"width":13,"height":20}},"122":{"xOffset":0,"yOffset":19,"xAdvance":12,"rect":{"x":177,"y":0,"width":11,"height":14}},"123":{"xOffset":0,"yOffset":14,"xAdvance":8,"rect":{"x":261,"y":124,"width":7,"height":22}},"124":{"xOffset":0,"yOffset":13,"xAdvance":4,"rect":{"x":269,"y":113,"width":3,"height":26}},"125":{"xOffset":0,"yOffset":14,"xAdvance":8,"rect":{"x":261,"y":147,"width":7,"height":22}},"126":{"xOffset":0,"yOffset":22,"xAdvance":14,"rect":{"x":19,"y":152,"width":13,"height":7}},"192":{"xOffset":0,"yOffset":11,"xAdvance":16,"rect":{"x":71,"y":24,"width":15,"height":22}},"193":{"xOffset":0,"yOffset":11,"xAdvance":16,"rect":{"x":71,"y":110,"width":15,"height":22}},"194":{"xOffset":0,"yOffset":11,"xAdvance":16,"rect":{"x":87,"y":76,"width":15,"height":22}},"195":{"xOffset":0,"yOffset":10,"xAdvance":16,"rect":{"x":70,"y":172,"width":15,"height":23}},"200":{"xOffset":0,"yOffset":11,"xAdvance":12,"rect":{"x":228,"y":25,"width":11,"height":22}},"201":{"xOffset":0,"yOffset":11,"xAdvance":12,"rect":{"x":228,"y":48,"width":11,"height":22}},"202":{"xOffset":0,"yOffset":11,"xAdvance":12,"rect":{"x":240,"y":44,"width":11,"height":22}},"204":{"xOffset":0,"yOffset":11,"xAdvance":8,"rect":{"x":261,"y":81,"width":7,"height":22}},"205":{"xOffset":0,"yOffset":11,"xAdvance":8,"rect":{"x":261,"y":58,"width":7,"height":22}},"210":{"xOffset":0,"yOffset":11,"xAdvance":17,"rect":{"x":56,"y":0,"width":16,"height":23}},"211":{"xOffset":0,"yOffset":11,"xAdvance":17,"rect":{"x":54,"y":101,"width":16,"height":23}},"212":{"xOffset":0,"yOffset":11,"xAdvance":17,"rect":{"x":54,"y":25,"width":16,"height":23}},"213":{"xOffset":0,"yOffset":10,"xAdvance":17,"rect":{"x":53,"y":225,"width":16,"height":24}},"217":{"xOffset":0,"yOffset":11,"xAdvance":15,"rect":{"x":132,"y":184,"width":14,"height":23}},"218":{"xOffset":0,"yOffset":11,"xAdvance":15,"rect":{"x":132,"y":230,"width":14,"height":23}},"221":{"xOffset":0,"yOffset":11,"xAdvance":16,"rect":{"x":86,"y":185,"width":15,"height":22}},"224":{"xOffset":0,"yOffset":14,"xAdvance":13,"rect":{"x":175,"y":188,"width":12,"height":20}},"225":{"xOffset":0,"yOffset":14,"xAdvance":13,"rect":{"x":176,"y":36,"width":12,"height":20}},"226":{"xOffset":0,"yOffset":14,"xAdvance":13,"rect":{"x":189,"y":112,"width":12,"height":20}},"227":{"xOffset":0,"yOffset":14,"xAdvance":13,"rect":{"x":175,"y":209,"width":12,"height":20}},"232":{"xOffset":0,"yOffset":14,"xAdvance":13,"rect":{"x":202,"y":37,"width":12,"height":20}},"233":{"xOffset":0,"yOffset":14,"xAdvance":13,"rect":{"x":202,"y":16,"width":12,"height":20}},"234":{"xOffset":0,"yOffset":14,"xAdvance":13,"rect":{"x":215,"y":41,"width":12,"height":20}},"236":{"xOffset":0,"yOffset":14,"xAdvance":8,"rect":{"x":261,"y":104,"width":7,"height":19}},"237":{"xOffset":0,"yOffset":14,"xAdvance":7,"rect":{"x":261,"y":234,"width":6,"height":19}},"242":{"xOffset":0,"yOffset":14,"xAdvance":14,"rect":{"x":148,"y":20,"width":13,"height":20}},"243":{"xOffset":0,"yOffset":14,"xAdvance":14,"rect":{"x":161,"y":65,"width":13,"height":20}},"244":{"xOffset":0,"yOffset":14,"xAdvance":14,"rect":{"x":147,"y":160,"width":13,"height":20}},"245":{"xOffset":0,"yOffset":14,"xAdvance":14,"rect":{"x":161,"y":106,"width":13,"height":20}},"249":{"xOffset":0,"yOffset":14,"xAdvance":12,"rect":{"x":240,"y":180,"width":11,"height":20}},"250":{"xOffset":0,"yOffset":14,"xAdvance":13,"rect":{"x":227,"y":176,"width":12,"height":20}},"253":{"xOffset":0,"yOffset":14,"xAdvance":14,"rect":{"x":162,"y":35,"width":13,"height":25}},"258":{"xOffset":0,"yOffset":11,"xAdvance":16,"rect":{"x":73,"y":0,"width":15,"height":22}},"259":{"xOffset":0,"yOffset":14,"xAdvance":13,"rect":{"x":188,"y":188,"width":12,"height":20}},"272":{"xOffset":0,"yOffset":14,"xAdvance":18,"rect":{"x":21,"y":20,"width":17,"height":20}},"273":{"xOffset":0,"yOffset":14,"xAdvance":16,"rect":{"x":87,"y":99,"width":15,"height":20}},"296":{"xOffset":0,"yOffset":10,"xAdvance":9,"rect":{"x":252,"y":125,"width":8,"height":23}},"297":{"xOffset":0,"yOffset":14,"xAdvance":9,"rect":{"x":252,"y":168,"width":8,"height":19}},"360":{"xOffset":0,"yOffset":10,"xAdvance":15,"rect":{"x":118,"y":111,"width":14,"height":24}},"361":{"xOffset":0,"yOffset":14,"xAdvance":13,"rect":{"x":214,"y":235,"width":12,"height":20}},"416":{"xOffset":0,"yOffset":12,"xAdvance":19,"rect":{"x":0,"y":103,"width":18,"height":22}},"417":{"xOffset":0,"yOffset":17,"xAdvance":16,"rect":{"x":18,"y":237,"width":15,"height":17}},"431":{"xOffset":0,"yOffset":11,"xAdvance":18,"rect":{"x":0,"y":194,"width":17,"height":23}},"432":{"xOffset":0,"yOffset":16,"xAdvance":15,"rect":{"x":103,"y":68,"width":14,"height":18}},"7840":{"xOffset":0,"yOffset":14,"xAdvance":16,"rect":{"x":70,"y":146,"width":15,"height":25}},"7841":{"xOffset":0,"yOffset":19,"xAdvance":13,"rect":{"x":175,"y":230,"width":12,"height":20}},"7842":{"xOffset":0,"yOffset":9,"xAdvance":17,"rect":{"x":37,"y":121,"width":16,"height":24}},"7843":{"xOffset":0,"yOffset":13,"xAdvance":12,"rect":{"x":239,"y":220,"width":11,"height":21}},"7844":{"xOffset":0,"yOffset":9,"xAdvance":17,"rect":{"x":37,"y":96,"width":16,"height":24}},"7845":{"xOffset":0,"yOffset":12,"xAdvance":14,"rect":{"x":133,"y":67,"width":13,"height":22}},"7846":{"xOffset":0,"yOffset":9,"xAdvance":17,"rect":{"x":39,"y":0,"width":16,"height":24}},"7847":{"xOffset":0,"yOffset":12,"xAdvance":13,"rect":{"x":189,"y":133,"width":12,"height":22}},"7848":{"xOffset":0,"yOffset":8,"xAdvance":16,"rect":{"x":86,"y":133,"width":15,"height":25}},"7849":{"xOffset":0,"yOffset":11,"xAdvance":14,"rect":{"x":161,"y":148,"width":13,"height":23}},"7850":{"xOffset":0,"yOffset":7,"xAdvance":16,"rect":{"x":87,"y":49,"width":15,"height":26}},"7851":{"xOffset":0,"yOffset":11,"xAdvance":13,"rect":{"x":189,"y":156,"width":12,"height":23}},"7852":{"xOffset":0,"yOffset":11,"xAdvance":16,"rect":{"x":102,"y":141,"width":15,"height":28}},"7853":{"xOffset":0,"yOffset":14,"xAdvance":13,"rect":{"x":201,"y":180,"width":12,"height":25}},"7854":{"xOffset":0,"yOffset":8,"xAdvance":16,"rect":{"x":86,"y":159,"width":15,"height":25}},"7855":{"xOffset":0,"yOffset":11,"xAdvance":13,"rect":{"x":202,"y":92,"width":12,"height":23}},"7856":{"xOffset":0,"yOffset":8,"xAdvance":17,"rect":{"x":53,"y":173,"width":16,"height":25}},"7857":{"xOffset":0,"yOffset":11,"xAdvance":12,"rect":{"x":228,"y":120,"width":11,"height":23}},"7858":{"xOffset":0,"yOffset":7,"xAdvance":17,"rect":{"x":53,"y":146,"width":16,"height":26}},"7859":{"xOffset":0,"yOffset":10,"xAdvance":13,"rect":{"x":189,"y":37,"width":12,"height":24}},"7860":{"xOffset":0,"yOffset":8,"xAdvance":16,"rect":{"x":87,"y":23,"width":15,"height":25}},"7861":{"xOffset":0,"yOffset":11,"xAdvance":13,"rect":{"x":189,"y":62,"width":12,"height":23}},"7862":{"xOffset":0,"yOffset":10,"xAdvance":16,"rect":{"x":102,"y":170,"width":15,"height":29}},"7863":{"xOffset":0,"yOffset":14,"xAdvance":13,"rect":{"x":189,"y":86,"width":12,"height":25}},"7864":{"xOffset":0,"yOffset":14,"xAdvance":12,"rect":{"x":240,"y":87,"width":11,"height":25}},"7865":{"xOffset":0,"yOffset":19,"xAdvance":13,"rect":{"x":215,"y":20,"width":12,"height":20}},"7866":{"xOffset":0,"yOffset":9,"xAdvance":12,"rect":{"x":240,"y":113,"width":11,"height":24}},"7867":{"xOffset":0,"yOffset":13,"xAdvance":13,"rect":{"x":214,"y":177,"width":12,"height":21}},"7868":{"xOffset":0,"yOffset":10,"xAdvance":12,"rect":{"x":240,"y":20,"width":11,"height":23}},"7869":{"xOffset":0,"yOffset":14,"xAdvance":13,"rect":{"x":202,"y":116,"width":12,"height":20}},"7870":{"xOffset":0,"yOffset":9,"xAdvance":14,"rect":{"x":175,"y":143,"width":13,"height":24}},"7871":{"xOffset":0,"yOffset":12,"xAdvance":15,"rect":{"x":103,"y":45,"width":14,"height":22}},"7872":{"xOffset":0,"yOffset":9,"xAdvance":12,"rect":{"x":228,"y":0,"width":11,"height":24}},"7873":{"xOffset":0,"yOffset":12,"xAdvance":13,"rect":{"x":227,"y":197,"width":12,"height":22}},"7874":{"xOffset":0,"yOffset":8,"xAdvance":13,"rect":{"x":215,"y":126,"width":12,"height":25}},"7875":{"xOffset":0,"yOffset":11,"xAdvance":14,"rect":{"x":133,"y":110,"width":13,"height":23}},"7876":{"xOffset":0,"yOffset":7,"xAdvance":12,"rect":{"x":227,"y":220,"width":11,"height":26}},"7877":{"xOffset":0,"yOffset":11,"xAdvance":13,"rect":{"x":215,"y":152,"width":12,"height":23}},"7878":{"xOffset":0,"yOffset":11,"xAdvance":12,"rect":{"x":228,"y":91,"width":11,"height":28}},"7879":{"xOffset":0,"yOffset":14,"xAdvance":13,"rect":{"x":215,"y":100,"width":12,"height":25}},"7880":{"xOffset":0,"yOffset":9,"xAdvance":7,"rect":{"x":261,"y":209,"width":6,"height":24}},"7881":{"xOffset":0,"yOffset":13,"xAdvance":7,"rect":{"x":261,"y":170,"width":6,"height":20}},"7882":{"xOffset":0,"yOffset":14,"xAdvance":5,"rect":{"x":269,"y":87,"width":4,"height":25}},"7883":{"xOffset":0,"yOffset":14,"xAdvance":5,"rect":{"x":269,"y":41,"width":4,"height":25}},"7884":{"xOffset":0,"yOffset":14,"xAdvance":17,"rect":{"x":54,"y":49,"width":16,"height":25}},"7885":{"xOffset":0,"yOffset":19,"xAdvance":14,"rect":{"x":161,"y":127,"width":13,"height":20}},"7886":{"xOffset":0,"yOffset":9,"xAdvance":17,"rect":{"x":54,"y":75,"width":16,"height":25}},"7887":{"xOffset":0,"yOffset":13,"xAdvance":14,"rect":{"x":147,"y":138,"width":13,"height":21}},"7888":{"xOffset":0,"yOffset":9,"xAdvance":17,"rect":{"x":53,"y":199,"width":16,"height":25}},"7889":{"xOffset":0,"yOffset":12,"xAdvance":15,"rect":{"x":117,"y":220,"width":14,"height":22}},"7890":{"xOffset":0,"yOffset":9,"xAdvance":17,"rect":{"x":37,"y":70,"width":16,"height":25}},"7891":{"xOffset":0,"yOffset":12,"xAdvance":14,"rect":{"x":133,"y":134,"width":13,"height":22}},"7892":{"xOffset":0,"yOffset":8,"xAdvance":17,"rect":{"x":36,"y":201,"width":16,"height":26}},"7893":{"xOffset":0,"yOffset":11,"xAdvance":14,"rect":{"x":148,"y":41,"width":13,"height":23}},"7894":{"xOffset":0,"yOffset":7,"xAdvance":17,"rect":{"x":36,"y":152,"width":16,"height":27}},"7895":{"xOffset":0,"yOffset":11,"xAdvance":14,"rect":{"x":147,"y":67,"width":13,"height":23}},"7896":{"xOffset":0,"yOffset":11,"xAdvance":17,"rect":{"x":37,"y":41,"width":16,"height":28}},"7897":{"xOffset":0,"yOffset":14,"xAdvance":14,"rect":{"x":133,"y":157,"width":13,"height":25}},"7898":{"xOffset":0,"yOffset":11,"xAdvance":19,"rect":{"x":0,"y":141,"width":18,"height":23}},"7899":{"xOffset":0,"yOffset":14,"xAdvance":16,"rect":{"x":71,"y":89,"width":15,"height":20}},"7900":{"xOffset":0,"yOffset":11,"xAdvance":18,"rect":{"x":18,"y":213,"width":17,"height":23}},"7901":{"xOffset":0,"yOffset":14,"xAdvance":16,"rect":{"x":71,"y":68,"width":15,"height":20}},"7902":{"xOffset":0,"yOffset":9,"xAdvance":18,"rect":{"x":19,"y":80,"width":17,"height":25}},"7903":{"xOffset":0,"yOffset":13,"xAdvance":15,"rect":{"x":118,"y":162,"width":14,"height":21}},"7904":{"xOffset":0,"yOffset":10,"xAdvance":18,"rect":{"x":19,"y":55,"width":17,"height":24}},"7905":{"xOffset":0,"yOffset":14,"xAdvance":15,"rect":{"x":102,"y":200,"width":14,"height":20}},"7906":{"xOffset":0,"yOffset":12,"xAdvance":19,"rect":{"x":0,"y":75,"width":18,"height":27}},"7907":{"xOffset":0,"yOffset":17,"xAdvance":16,"rect":{"x":70,"y":196,"width":15,"height":22}},"7908":{"xOffset":0,"yOffset":14,"xAdvance":15,"rect":{"x":118,"y":85,"width":14,"height":25}},"7909":{"xOffset":0,"yOffset":19,"xAdvance":13,"rect":{"x":188,"y":228,"width":12,"height":20}},"7910":{"xOffset":0,"yOffset":9,"xAdvance":15,"rect":{"x":118,"y":136,"width":14,"height":25}},"7911":{"xOffset":0,"yOffset":13,"xAdvance":13,"rect":{"x":215,"y":78,"width":12,"height":21}},"7912":{"xOffset":0,"yOffset":11,"xAdvance":18,"rect":{"x":18,"y":189,"width":17,"height":23}},"7913":{"xOffset":0,"yOffset":14,"xAdvance":15,"rect":{"x":102,"y":221,"width":14,"height":20}},"7914":{"xOffset":0,"yOffset":11,"xAdvance":18,"rect":{"x":18,"y":165,"width":17,"height":23}},"7915":{"xOffset":0,"yOffset":14,"xAdvance":16,"rect":{"x":71,"y":47,"width":15,"height":20}},"7916":{"xOffset":0,"yOffset":9,"xAdvance":18,"rect":{"x":0,"y":218,"width":17,"height":25}},"7917":{"xOffset":0,"yOffset":13,"xAdvance":15,"rect":{"x":132,"y":208,"width":14,"height":21}},"7918":{"xOffset":0,"yOffset":10,"xAdvance":18,"rect":{"x":19,"y":127,"width":17,"height":24}},"7919":{"xOffset":0,"yOffset":14,"xAdvance":15,"rect":{"x":118,"y":40,"width":14,"height":20}},"7920":{"xOffset":0,"yOffset":11,"xAdvance":18,"rect":{"x":0,"y":165,"width":17,"height":28}},"7921":{"xOffset":0,"yOffset":16,"xAdvance":15,"rect":{"x":118,"y":61,"width":14,"height":23}},"7922":{"xOffset":0,"yOffset":11,"xAdvance":16,"rect":{"x":86,"y":208,"width":15,"height":22}},"7923":{"xOffset":0,"yOffset":14,"xAdvance":14,"rect":{"x":161,"y":192,"width":13,"height":25}},"7924":{"xOffset":0,"yOffset":14,"xAdvance":15,"rect":{"x":133,"y":41,"width":14,"height":25}},"7925":{"xOffset":0,"yOffset":19,"xAdvance":13,"rect":{"x":189,"y":0,"width":12,"height":20}},"7926":{"xOffset":0,"yOffset":9,"xAdvance":16,"rect":{"x":86,"y":231,"width":15,"height":24}},"7927":{"xOffset":0,"yOffset":13,"xAdvance":14,"rect":{"x":147,"y":181,"width":13,"height":26}},"7928":{"xOffset":0,"yOffset":10,"xAdvance":15,"rect":{"x":103,"y":21,"width":14,"height":23}},"7929":{"xOffset":0,"yOffset":14,"xAdvance":14,"rect":{"x":147,"y":91,"width":13,"height":25}}},"kerningDict":{}}]],0,0,[0],[0],[0]]
