[1,["acMoXv11RMcIMicjvkMizF@f9941"],["spriteFrame"],[["cc.BitmapFont",["_name","fontSize","fntConfig"],0]],[[0,0,1,2,4]],[[0,"font_title",32,{"commonHeight":60,"fontSize":32,"atlasName":"font_title.png","fontDefDictionary":{"9":{"xOffset":0,"yOffset":0,"xAdvance":150,"rect":{"x":0,"y":0,"width":0,"height":0}},"32":{"xOffset":0,"yOffset":0,"xAdvance":15,"rect":{"x":0,"y":0,"width":0,"height":0}},"33":{"xOffset":0,"yOffset":11,"xAdvance":14,"rect":{"x":320,"y":292,"width":13,"height":49}},"34":{"xOffset":0,"yOffset":11,"xAdvance":20,"rect":{"x":188,"y":256,"width":19,"height":16}},"36":{"xOffset":0,"yOffset":6,"xAdvance":28,"rect":{"x":128,"y":445,"width":27,"height":59}},"37":{"xOffset":0,"yOffset":11,"xAdvance":27,"rect":{"x":185,"y":372,"width":26,"height":49}},"38":{"xOffset":0,"yOffset":15,"xAdvance":32,"rect":{"x":0,"y":972,"width":31,"height":45}},"39":{"xOffset":0,"yOffset":11,"xAdvance":11,"rect":{"x":53,"y":262,"width":10,"height":16}},"40":{"xOffset":0,"yOffset":11,"xAdvance":17,"rect":{"x":319,"y":824,"width":16,"height":55}},"41":{"xOffset":0,"yOffset":11,"xAdvance":16,"rect":{"x":320,"y":235,"width":15,"height":55}},"42":{"xOffset":0,"yOffset":11,"xAdvance":25,"rect":{"x":241,"y":302,"width":24,"height":26}},"43":{"xOffset":0,"yOffset":23,"xAdvance":38,"rect":{"x":0,"y":102,"width":37,"height":37}},"44":{"xOffset":0,"yOffset":48,"xAdvance":13,"rect":{"x":39,"y":262,"width":12,"height":16}},"45":{"xOffset":0,"yOffset":34,"xAdvance":25,"rect":{"x":188,"y":242,"width":24,"height":12}},"46":{"xOffset":0,"yOffset":48,"xAdvance":13,"rect":{"x":68,"y":404,"width":12,"height":12}},"47":{"xOffset":0,"yOffset":11,"xAdvance":19,"rect":{"x":316,"y":437,"width":18,"height":49}},"48":{"xOffset":0,"yOffset":11,"xAdvance":26,"rect":{"x":267,"y":464,"width":25,"height":49}},"49":{"xOffset":0,"yOffset":11,"xAdvance":19,"rect":{"x":316,"y":386,"width":18,"height":49}},"50":{"xOffset":0,"yOffset":11,"xAdvance":26,"rect":{"x":240,"y":904,"width":25,"height":49}},"51":{"xOffset":0,"yOffset":11,"xAdvance":26,"rect":{"x":215,"y":0,"width":25,"height":49}},"52":{"xOffset":0,"yOffset":11,"xAdvance":28,"rect":{"x":128,"y":944,"width":27,"height":49}},"53":{"xOffset":0,"yOffset":11,"xAdvance":26,"rect":{"x":215,"y":51,"width":25,"height":49}},"54":{"xOffset":0,"yOffset":11,"xAdvance":26,"rect":{"x":213,"y":877,"width":25,"height":49}},"55":{"xOffset":0,"yOffset":11,"xAdvance":26,"rect":{"x":187,"y":274,"width":25,"height":49}},"56":{"xOffset":0,"yOffset":11,"xAdvance":26,"rect":{"x":213,"y":826,"width":25,"height":49}},"57":{"xOffset":0,"yOffset":11,"xAdvance":26,"rect":{"x":214,"y":295,"width":25,"height":49}},"58":{"xOffset":0,"yOffset":34,"xAdvance":13,"rect":{"x":51,"y":334,"width":12,"height":26}},"59":{"xOffset":0,"yOffset":34,"xAdvance":13,"rect":{"x":37,"y":334,"width":12,"height":30}},"60":{"xOffset":0,"yOffset":23,"xAdvance":38,"rect":{"x":0,"y":141,"width":37,"height":37}},"61":{"xOffset":0,"yOffset":30,"xAdvance":38,"rect":{"x":0,"y":219,"width":37,"height":23}},"62":{"xOffset":0,"yOffset":23,"xAdvance":38,"rect":{"x":0,"y":180,"width":37,"height":37}},"63":{"xOffset":0,"yOffset":11,"xAdvance":26,"rect":{"x":242,"y":60,"width":25,"height":49}},"64":{"xOffset":0,"yOffset":11,"xAdvance":50,"rect":{"x":0,"y":0,"width":49,"height":49}},"65":{"xOffset":0,"yOffset":11,"xAdvance":31,"rect":{"x":39,"y":211,"width":30,"height":49}},"66":{"xOffset":0,"yOffset":11,"xAdvance":27,"rect":{"x":160,"y":172,"width":26,"height":49}},"67":{"xOffset":0,"yOffset":11,"xAdvance":27,"rect":{"x":160,"y":223,"width":26,"height":49}},"68":{"xOffset":0,"yOffset":11,"xAdvance":27,"rect":{"x":185,"y":647,"width":26,"height":49}},"69":{"xOffset":0,"yOffset":11,"xAdvance":25,"rect":{"x":269,"y":61,"width":24,"height":49}},"70":{"xOffset":0,"yOffset":11,"xAdvance":25,"rect":{"x":267,"y":566,"width":24,"height":49}},"71":{"xOffset":0,"yOffset":11,"xAdvance":27,"rect":{"x":160,"y":70,"width":26,"height":49}},"72":{"xOffset":0,"yOffset":11,"xAdvance":27,"rect":{"x":159,"y":321,"width":26,"height":49}},"73":{"xOffset":0,"yOffset":11,"xAdvance":14,"rect":{"x":336,"y":352,"width":13,"height":49}},"74":{"xOffset":0,"yOffset":11,"xAdvance":25,"rect":{"x":293,"y":678,"width":24,"height":49}},"75":{"xOffset":0,"yOffset":11,"xAdvance":30,"rect":{"x":71,"y":135,"width":29,"height":49}},"76":{"xOffset":0,"yOffset":11,"xAdvance":25,"rect":{"x":293,"y":870,"width":24,"height":49}},"77":{"xOffset":0,"yOffset":11,"xAdvance":35,"rect":{"x":0,"y":367,"width":34,"height":49}},"78":{"xOffset":0,"yOffset":11,"xAdvance":28,"rect":{"x":102,"y":234,"width":27,"height":49}},"79":{"xOffset":0,"yOffset":11,"xAdvance":27,"rect":{"x":160,"y":121,"width":26,"height":49}},"80":{"xOffset":0,"yOffset":11,"xAdvance":27,"rect":{"x":185,"y":423,"width":26,"height":49}},"81":{"xOffset":0,"yOffset":11,"xAdvance":30,"rect":{"x":83,"y":0,"width":29,"height":49}},"82":{"xOffset":0,"yOffset":11,"xAdvance":29,"rect":{"x":98,"y":906,"width":28,"height":49}},"83":{"xOffset":0,"yOffset":11,"xAdvance":28,"rect":{"x":114,"y":0,"width":27,"height":49}},"84":{"xOffset":0,"yOffset":11,"xAdvance":27,"rect":{"x":185,"y":829,"width":26,"height":49}},"85":{"xOffset":0,"yOffset":11,"xAdvance":27,"rect":{"x":185,"y":596,"width":26,"height":49}},"86":{"xOffset":0,"yOffset":11,"xAdvance":30,"rect":{"x":71,"y":186,"width":29,"height":49}},"87":{"xOffset":0,"yOffset":11,"xAdvance":40,"rect":{"x":0,"y":51,"width":39,"height":49}},"88":{"xOffset":0,"yOffset":11,"xAdvance":30,"rect":{"x":66,"y":968,"width":29,"height":49}},"89":{"xOffset":0,"yOffset":11,"xAdvance":29,"rect":{"x":100,"y":333,"width":28,"height":49}},"90":{"xOffset":0,"yOffset":11,"xAdvance":25,"rect":{"x":293,"y":515,"width":24,"height":49}},"91":{"xOffset":0,"yOffset":11,"xAdvance":16,"rect":{"x":320,"y":121,"width":15,"height":55}},"92":{"xOffset":0,"yOffset":11,"xAdvance":19,"rect":{"x":319,"y":590,"width":18,"height":49}},"93":{"xOffset":0,"yOffset":11,"xAdvance":16,"rect":{"x":320,"y":178,"width":15,"height":55}},"94":{"xOffset":0,"yOffset":11,"xAdvance":36,"rect":{"x":0,"y":333,"width":35,"height":32}},"95":{"xOffset":0,"yOffset":58,"xAdvance":37,"rect":{"x":0,"y":283,"width":36,"height":9}},"96":{"xOffset":0,"yOffset":11,"xAdvance":19,"rect":{"x":241,"y":330,"width":18,"height":14}},"97":{"xOffset":0,"yOffset":23,"xAdvance":26,"rect":{"x":187,"y":325,"width":25,"height":37}},"98":{"xOffset":0,"yOffset":11,"xAdvance":25,"rect":{"x":269,"y":112,"width":24,"height":49}},"99":{"xOffset":0,"yOffset":23,"xAdvance":25,"rect":{"x":293,"y":780,"width":24,"height":37}},"100":{"xOffset":0,"yOffset":11,"xAdvance":25,"rect":{"x":267,"y":617,"width":24,"height":49}},"101":{"xOffset":0,"yOffset":23,"xAdvance":26,"rect":{"x":160,"y":274,"width":25,"height":37}},"102":{"xOffset":0,"yOffset":11,"xAdvance":20,"rect":{"x":295,"y":105,"width":19,"height":49}},"103":{"xOffset":0,"yOffset":23,"xAdvance":25,"rect":{"x":267,"y":515,"width":24,"height":49}},"104":{"xOffset":0,"yOffset":11,"xAdvance":25,"rect":{"x":267,"y":954,"width":24,"height":49}},"105":{"xOffset":0,"yOffset":11,"xAdvance":13,"rect":{"x":336,"y":403,"width":12,"height":49}},"106":{"xOffset":0,"yOffset":11,"xAdvance":17,"rect":{"x":319,"y":881,"width":16,"height":61}},"107":{"xOffset":0,"yOffset":11,"xAdvance":28,"rect":{"x":103,"y":51,"width":27,"height":49}},"108":{"xOffset":0,"yOffset":11,"xAdvance":16,"rect":{"x":143,"y":0,"width":15,"height":49}},"109":{"xOffset":0,"yOffset":23,"xAdvance":37,"rect":{"x":0,"y":294,"width":36,"height":37}},"110":{"xOffset":0,"yOffset":23,"xAdvance":25,"rect":{"x":268,"y":262,"width":24,"height":37}},"111":{"xOffset":0,"yOffset":23,"xAdvance":26,"rect":{"x":242,"y":162,"width":25,"height":37}},"112":{"xOffset":0,"yOffset":23,"xAdvance":25,"rect":{"x":294,"y":335,"width":24,"height":49}},"113":{"xOffset":0,"yOffset":23,"xAdvance":25,"rect":{"x":294,"y":284,"width":24,"height":49}},"114":{"xOffset":0,"yOffset":23,"xAdvance":21,"rect":{"x":294,"y":386,"width":20,"height":37}},"115":{"xOffset":0,"yOffset":23,"xAdvance":25,"rect":{"x":213,"y":979,"width":24,"height":37}},"116":{"xOffset":0,"yOffset":14,"xAdvance":20,"rect":{"x":295,"y":0,"width":19,"height":46}},"117":{"xOffset":0,"yOffset":23,"xAdvance":25,"rect":{"x":215,"y":201,"width":24,"height":37}},"118":{"xOffset":0,"yOffset":23,"xAdvance":28,"rect":{"x":102,"y":285,"width":27,"height":37}},"119":{"xOffset":0,"yOffset":23,"xAdvance":38,"rect":{"x":0,"y":244,"width":37,"height":37}},"120":{"xOffset":0,"yOffset":23,"xAdvance":28,"rect":{"x":102,"y":195,"width":27,"height":37}},"121":{"xOffset":0,"yOffset":23,"xAdvance":28,"rect":{"x":130,"y":324,"width":27,"height":49}},"122":{"xOffset":0,"yOffset":23,"xAdvance":24,"rect":{"x":293,"y":974,"width":23,"height":37}},"123":{"xOffset":0,"yOffset":11,"xAdvance":20,"rect":{"x":295,"y":48,"width":19,"height":55}},"124":{"xOffset":0,"yOffset":9,"xAdvance":11,"rect":{"x":337,"y":60,"width":10,"height":66}},"125":{"xOffset":0,"yOffset":11,"xAdvance":20,"rect":{"x":316,"y":0,"width":19,"height":55}},"126":{"xOffset":0,"yOffset":34,"xAdvance":34,"rect":{"x":0,"y":418,"width":33,"height":15}},"192":{"xOffset":0,"yOffset":1,"xAdvance":31,"rect":{"x":34,"y":538,"width":30,"height":59}},"193":{"xOffset":0,"yOffset":1,"xAdvance":31,"rect":{"x":39,"y":102,"width":30,"height":59}},"194":{"xOffset":0,"yOffset":1,"xAdvance":31,"rect":{"x":66,"y":907,"width":30,"height":59}},"195":{"xOffset":0,"yOffset":1,"xAdvance":31,"rect":{"x":34,"y":663,"width":30,"height":59}},"200":{"xOffset":0,"yOffset":1,"xAdvance":25,"rect":{"x":268,"y":201,"width":24,"height":59}},"201":{"xOffset":0,"yOffset":1,"xAdvance":25,"rect":{"x":269,"y":0,"width":24,"height":59}},"202":{"xOffset":0,"yOffset":1,"xAdvance":25,"rect":{"x":294,"y":163,"width":24,"height":59}},"204":{"xOffset":0,"yOffset":1,"xAdvance":18,"rect":{"x":319,"y":702,"width":17,"height":59}},"205":{"xOffset":0,"yOffset":1,"xAdvance":18,"rect":{"x":319,"y":763,"width":17,"height":59}},"210":{"xOffset":0,"yOffset":1,"xAdvance":27,"rect":{"x":157,"y":638,"width":26,"height":59}},"211":{"xOffset":0,"yOffset":1,"xAdvance":27,"rect":{"x":157,"y":577,"width":26,"height":59}},"212":{"xOffset":0,"yOffset":1,"xAdvance":27,"rect":{"x":157,"y":884,"width":26,"height":59}},"213":{"xOffset":0,"yOffset":1,"xAdvance":27,"rect":{"x":157,"y":763,"width":26,"height":59}},"217":{"xOffset":0,"yOffset":1,"xAdvance":27,"rect":{"x":185,"y":535,"width":26,"height":59}},"218":{"xOffset":0,"yOffset":1,"xAdvance":27,"rect":{"x":185,"y":474,"width":26,"height":59}},"221":{"xOffset":0,"yOffset":1,"xAdvance":29,"rect":{"x":98,"y":845,"width":28,"height":59}},"224":{"xOffset":0,"yOffset":11,"xAdvance":26,"rect":{"x":240,"y":457,"width":25,"height":49}},"225":{"xOffset":0,"yOffset":11,"xAdvance":26,"rect":{"x":215,"y":102,"width":25,"height":49}},"226":{"xOffset":0,"yOffset":11,"xAdvance":26,"rect":{"x":213,"y":775,"width":25,"height":49}},"227":{"xOffset":0,"yOffset":12,"xAdvance":28,"rect":{"x":128,"y":506,"width":27,"height":48}},"232":{"xOffset":0,"yOffset":11,"xAdvance":26,"rect":{"x":213,"y":928,"width":25,"height":49}},"233":{"xOffset":0,"yOffset":11,"xAdvance":26,"rect":{"x":213,"y":423,"width":25,"height":49}},"234":{"xOffset":0,"yOffset":11,"xAdvance":26,"rect":{"x":240,"y":731,"width":25,"height":49}},"236":{"xOffset":0,"yOffset":11,"xAdvance":19,"rect":{"x":319,"y":488,"width":18,"height":49}},"237":{"xOffset":0,"yOffset":11,"xAdvance":19,"rect":{"x":319,"y":539,"width":18,"height":49}},"242":{"xOffset":0,"yOffset":11,"xAdvance":26,"rect":{"x":267,"y":413,"width":25,"height":49}},"243":{"xOffset":0,"yOffset":11,"xAdvance":26,"rect":{"x":267,"y":302,"width":25,"height":49}},"244":{"xOffset":0,"yOffset":11,"xAdvance":26,"rect":{"x":242,"y":111,"width":25,"height":49}},"245":{"xOffset":0,"yOffset":12,"xAdvance":28,"rect":{"x":128,"y":672,"width":27,"height":48}},"249":{"xOffset":0,"yOffset":11,"xAdvance":25,"rect":{"x":293,"y":819,"width":24,"height":49}},"250":{"xOffset":0,"yOffset":11,"xAdvance":25,"rect":{"x":293,"y":729,"width":24,"height":49}},"253":{"xOffset":0,"yOffset":11,"xAdvance":28,"rect":{"x":131,"y":258,"width":27,"height":61}},"258":{"xOffset":0,"yOffset":0,"xAdvance":31,"rect":{"x":51,"y":0,"width":30,"height":60}},"259":{"xOffset":0,"yOffset":11,"xAdvance":26,"rect":{"x":240,"y":346,"width":25,"height":49}},"272":{"xOffset":0,"yOffset":11,"xAdvance":30,"rect":{"x":97,"y":968,"width":29,"height":49}},"273":{"xOffset":0,"yOffset":11,"xAdvance":28,"rect":{"x":128,"y":556,"width":27,"height":49}},"296":{"xOffset":0,"yOffset":1,"xAdvance":18,"rect":{"x":319,"y":641,"width":17,"height":59}},"297":{"xOffset":0,"yOffset":12,"xAdvance":19,"rect":{"x":318,"y":974,"width":18,"height":48}},"360":{"xOffset":0,"yOffset":1,"xAdvance":28,"rect":{"x":128,"y":384,"width":27,"height":59}},"361":{"xOffset":0,"yOffset":12,"xAdvance":27,"rect":{"x":132,"y":112,"width":26,"height":48}},"416":{"xOffset":0,"yOffset":11,"xAdvance":32,"rect":{"x":0,"y":795,"width":31,"height":49}},"417":{"xOffset":0,"yOffset":23,"xAdvance":29,"rect":{"x":41,"y":62,"width":28,"height":37}},"431":{"xOffset":0,"yOffset":11,"xAdvance":33,"rect":{"x":0,"y":556,"width":32,"height":49}},"432":{"xOffset":0,"yOffset":23,"xAdvance":31,"rect":{"x":33,"y":978,"width":30,"height":37}},"7840":{"xOffset":0,"yOffset":11,"xAdvance":31,"rect":{"x":34,"y":724,"width":30,"height":58}},"7841":{"xOffset":0,"yOffset":23,"xAdvance":26,"rect":{"x":240,"y":623,"width":25,"height":46}},"7842":{"xOffset":0,"yOffset":-2,"xAdvance":31,"rect":{"x":34,"y":599,"width":30,"height":62}},"7843":{"xOffset":0,"yOffset":9,"xAdvance":26,"rect":{"x":240,"y":508,"width":25,"height":51}},"7844":{"xOffset":0,"yOffset":-9,"xAdvance":31,"rect":{"x":66,"y":836,"width":30,"height":69}},"7845":{"xOffset":0,"yOffset":2,"xAdvance":26,"rect":{"x":213,"y":534,"width":25,"height":58}},"7846":{"xOffset":0,"yOffset":-9,"xAdvance":31,"rect":{"x":66,"y":418,"width":30,"height":69}},"7847":{"xOffset":0,"yOffset":2,"xAdvance":26,"rect":{"x":213,"y":474,"width":25,"height":58}},"7848":{"xOffset":0,"yOffset":-11,"xAdvance":31,"rect":{"x":71,"y":62,"width":30,"height":71}},"7849":{"xOffset":0,"yOffset":0,"xAdvance":26,"rect":{"x":188,"y":0,"width":25,"height":60}},"7850":{"xOffset":0,"yOffset":-8,"xAdvance":31,"rect":{"x":68,"y":334,"width":30,"height":68}},"7851":{"xOffset":0,"yOffset":3,"xAdvance":26,"rect":{"x":213,"y":364,"width":25,"height":57}},"7852":{"xOffset":0,"yOffset":0,"xAdvance":31,"rect":{"x":70,"y":262,"width":30,"height":69}},"7853":{"xOffset":0,"yOffset":11,"xAdvance":26,"rect":{"x":188,"y":182,"width":25,"height":58}},"7854":{"xOffset":0,"yOffset":-6,"xAdvance":31,"rect":{"x":66,"y":489,"width":30,"height":66}},"7855":{"xOffset":0,"yOffset":2,"xAdvance":26,"rect":{"x":240,"y":397,"width":25,"height":58}},"7856":{"xOffset":0,"yOffset":-6,"xAdvance":31,"rect":{"x":66,"y":557,"width":30,"height":66}},"7857":{"xOffset":0,"yOffset":2,"xAdvance":26,"rect":{"x":267,"y":353,"width":25,"height":58}},"7858":{"xOffset":0,"yOffset":-8,"xAdvance":31,"rect":{"x":66,"y":625,"width":30,"height":68}},"7859":{"xOffset":0,"yOffset":0,"xAdvance":26,"rect":{"x":240,"y":561,"width":25,"height":60}},"7860":{"xOffset":0,"yOffset":-8,"xAdvance":31,"rect":{"x":66,"y":695,"width":30,"height":68}},"7861":{"xOffset":0,"yOffset":1,"xAdvance":27,"rect":{"x":132,"y":51,"width":26,"height":59}},"7862":{"xOffset":0,"yOffset":0,"xAdvance":31,"rect":{"x":66,"y":765,"width":30,"height":69}},"7863":{"xOffset":0,"yOffset":11,"xAdvance":26,"rect":{"x":188,"y":62,"width":25,"height":58}},"7864":{"xOffset":0,"yOffset":11,"xAdvance":25,"rect":{"x":294,"y":224,"width":24,"height":58}},"7865":{"xOffset":0,"yOffset":23,"xAdvance":26,"rect":{"x":215,"y":153,"width":25,"height":46}},"7866":{"xOffset":0,"yOffset":-2,"xAdvance":25,"rect":{"x":293,"y":614,"width":24,"height":62}},"7867":{"xOffset":0,"yOffset":9,"xAdvance":26,"rect":{"x":214,"y":242,"width":25,"height":51}},"7868":{"xOffset":0,"yOffset":1,"xAdvance":27,"rect":{"x":185,"y":698,"width":26,"height":59}},"7869":{"xOffset":0,"yOffset":12,"xAdvance":28,"rect":{"x":128,"y":843,"width":27,"height":48}},"7870":{"xOffset":0,"yOffset":-9,"xAdvance":25,"rect":{"x":267,"y":810,"width":24,"height":69}},"7871":{"xOffset":0,"yOffset":2,"xAdvance":26,"rect":{"x":240,"y":671,"width":25,"height":58}},"7872":{"xOffset":0,"yOffset":-9,"xAdvance":25,"rect":{"x":267,"y":739,"width":24,"height":69}},"7873":{"xOffset":0,"yOffset":2,"xAdvance":26,"rect":{"x":188,"y":122,"width":25,"height":58}},"7874":{"xOffset":0,"yOffset":-11,"xAdvance":25,"rect":{"x":267,"y":881,"width":24,"height":71}},"7875":{"xOffset":0,"yOffset":0,"xAdvance":26,"rect":{"x":213,"y":594,"width":25,"height":60}},"7876":{"xOffset":0,"yOffset":-8,"xAdvance":27,"rect":{"x":185,"y":759,"width":26,"height":68}},"7877":{"xOffset":0,"yOffset":3,"xAdvance":26,"rect":{"x":213,"y":656,"width":25,"height":57}},"7878":{"xOffset":0,"yOffset":0,"xAdvance":25,"rect":{"x":267,"y":668,"width":24,"height":69}},"7879":{"xOffset":0,"yOffset":11,"xAdvance":26,"rect":{"x":213,"y":715,"width":25,"height":58}},"7880":{"xOffset":0,"yOffset":-2,"xAdvance":20,"rect":{"x":316,"y":57,"width":19,"height":62}},"7881":{"xOffset":0,"yOffset":9,"xAdvance":21,"rect":{"x":294,"y":425,"width":20,"height":51}},"7882":{"xOffset":0,"yOffset":11,"xAdvance":14,"rect":{"x":335,"y":292,"width":13,"height":58}},"7883":{"xOffset":0,"yOffset":11,"xAdvance":13,"rect":{"x":337,"y":0,"width":12,"height":58}},"7884":{"xOffset":0,"yOffset":11,"xAdvance":27,"rect":{"x":157,"y":824,"width":26,"height":58}},"7885":{"xOffset":0,"yOffset":23,"xAdvance":26,"rect":{"x":241,"y":201,"width":25,"height":46}},"7886":{"xOffset":0,"yOffset":-2,"xAdvance":27,"rect":{"x":157,"y":699,"width":26,"height":62}},"7887":{"xOffset":0,"yOffset":9,"xAdvance":26,"rect":{"x":241,"y":249,"width":25,"height":51}},"7888":{"xOffset":0,"yOffset":-9,"xAdvance":27,"rect":{"x":157,"y":435,"width":26,"height":69}},"7889":{"xOffset":0,"yOffset":2,"xAdvance":26,"rect":{"x":240,"y":955,"width":25,"height":58}},"7890":{"xOffset":0,"yOffset":-9,"xAdvance":27,"rect":{"x":157,"y":506,"width":26,"height":69}},"7891":{"xOffset":0,"yOffset":2,"xAdvance":26,"rect":{"x":240,"y":844,"width":25,"height":58}},"7892":{"xOffset":0,"yOffset":-11,"xAdvance":27,"rect":{"x":157,"y":945,"width":26,"height":71}},"7893":{"xOffset":0,"yOffset":0,"xAdvance":26,"rect":{"x":240,"y":782,"width":25,"height":60}},"7894":{"xOffset":0,"yOffset":-8,"xAdvance":27,"rect":{"x":160,"y":0,"width":26,"height":68}},"7895":{"xOffset":0,"yOffset":3,"xAdvance":28,"rect":{"x":128,"y":784,"width":27,"height":57}},"7896":{"xOffset":0,"yOffset":0,"xAdvance":27,"rect":{"x":185,"y":880,"width":26,"height":69}},"7897":{"xOffset":0,"yOffset":11,"xAdvance":26,"rect":{"x":242,"y":0,"width":25,"height":58}},"7898":{"xOffset":0,"yOffset":0,"xAdvance":32,"rect":{"x":0,"y":846,"width":31,"height":60}},"7899":{"xOffset":0,"yOffset":11,"xAdvance":29,"rect":{"x":98,"y":585,"width":28,"height":49}},"7900":{"xOffset":0,"yOffset":0,"xAdvance":32,"rect":{"x":33,"y":916,"width":31,"height":60}},"7901":{"xOffset":0,"yOffset":11,"xAdvance":29,"rect":{"x":98,"y":636,"width":28,"height":49}},"7902":{"xOffset":0,"yOffset":-2,"xAdvance":32,"rect":{"x":0,"y":908,"width":31,"height":62}},"7903":{"xOffset":0,"yOffset":9,"xAdvance":29,"rect":{"x":98,"y":465,"width":28,"height":51}},"7904":{"xOffset":0,"yOffset":1,"xAdvance":32,"rect":{"x":33,"y":855,"width":31,"height":59}},"7905":{"xOffset":0,"yOffset":12,"xAdvance":29,"rect":{"x":98,"y":747,"width":28,"height":48}},"7906":{"xOffset":0,"yOffset":11,"xAdvance":32,"rect":{"x":33,"y":795,"width":31,"height":58}},"7907":{"xOffset":0,"yOffset":23,"xAdvance":29,"rect":{"x":98,"y":797,"width":28,"height":46}},"7908":{"xOffset":0,"yOffset":11,"xAdvance":27,"rect":{"x":157,"y":375,"width":26,"height":58}},"7909":{"xOffset":0,"yOffset":23,"xAdvance":25,"rect":{"x":293,"y":566,"width":24,"height":46}},"7910":{"xOffset":0,"yOffset":-2,"xAdvance":27,"rect":{"x":185,"y":951,"width":26,"height":62}},"7911":{"xOffset":0,"yOffset":9,"xAdvance":25,"rect":{"x":293,"y":921,"width":24,"height":51}},"7912":{"xOffset":0,"yOffset":0,"xAdvance":33,"rect":{"x":0,"y":607,"width":32,"height":60}},"7913":{"xOffset":0,"yOffset":11,"xAdvance":31,"rect":{"x":38,"y":283,"width":30,"height":49}},"7914":{"xOffset":0,"yOffset":0,"xAdvance":33,"rect":{"x":0,"y":669,"width":32,"height":60}},"7915":{"xOffset":0,"yOffset":11,"xAdvance":31,"rect":{"x":36,"y":367,"width":30,"height":49}},"7916":{"xOffset":0,"yOffset":-2,"xAdvance":33,"rect":{"x":0,"y":731,"width":32,"height":62}},"7917":{"xOffset":0,"yOffset":9,"xAdvance":31,"rect":{"x":34,"y":435,"width":30,"height":51}},"7918":{"xOffset":0,"yOffset":1,"xAdvance":33,"rect":{"x":0,"y":495,"width":32,"height":59}},"7919":{"xOffset":0,"yOffset":12,"xAdvance":31,"rect":{"x":34,"y":488,"width":30,"height":48}},"7920":{"xOffset":0,"yOffset":11,"xAdvance":33,"rect":{"x":0,"y":435,"width":32,"height":58}},"7921":{"xOffset":0,"yOffset":23,"xAdvance":31,"rect":{"x":39,"y":163,"width":30,"height":46}},"7922":{"xOffset":0,"yOffset":2,"xAdvance":29,"rect":{"x":98,"y":687,"width":28,"height":58}},"7923":{"xOffset":0,"yOffset":11,"xAdvance":28,"rect":{"x":131,"y":195,"width":27,"height":61}},"7924":{"xOffset":0,"yOffset":11,"xAdvance":29,"rect":{"x":102,"y":135,"width":28,"height":58}},"7925":{"xOffset":0,"yOffset":23,"xAdvance":28,"rect":{"x":128,"y":893,"width":27,"height":49}},"7926":{"xOffset":0,"yOffset":-5,"xAdvance":29,"rect":{"x":98,"y":518,"width":28,"height":65}},"7927":{"xOffset":0,"yOffset":9,"xAdvance":28,"rect":{"x":128,"y":607,"width":27,"height":63}},"7928":{"xOffset":0,"yOffset":1,"xAdvance":29,"rect":{"x":98,"y":404,"width":28,"height":59}},"7929":{"xOffset":0,"yOffset":12,"xAdvance":28,"rect":{"x":128,"y":722,"width":27,"height":60}}},"kerningDict":{}}]],0,0,[0],[0],[0]]
