[1,["e0tVOEnh9IW6VUhY5xg2Lu@f9941"],["spriteFrame"],[["cc.BitmapFont",["_name","fontSize","fntConfig"],0]],[[0,0,1,2,4]],[[0,"font_chat",32,{"commonHeight":34,"fontSize":32,"atlasName":"font_chat.png","fontDefDictionary":{"9":{"xOffset":0,"yOffset":0,"xAdvance":56,"rect":{"x":0,"y":0,"width":0,"height":0}},"32":{"xOffset":0,"yOffset":0,"xAdvance":7,"rect":{"x":0,"y":0,"width":0,"height":0}},"33":{"xOffset":0,"yOffset":13,"xAdvance":8,"rect":{"x":362,"y":184,"width":6,"height":21}},"34":{"xOffset":0,"yOffset":12,"xAdvance":12,"rect":{"x":282,"y":246,"width":10,"height":9}},"35":{"xOffset":0,"yOffset":13,"xAdvance":17,"rect":{"x":234,"y":158,"width":15,"height":21}},"36":{"xOffset":0,"yOffset":11,"xAdvance":16,"rect":{"x":313,"y":123,"width":14,"height":25}},"37":{"xOffset":0,"yOffset":13,"xAdvance":28,"rect":{"x":0,"y":22,"width":26,"height":21}},"38":{"xOffset":0,"yOffset":12,"xAdvance":21,"rect":{"x":86,"y":110,"width":19,"height":22}},"39":{"xOffset":0,"yOffset":12,"xAdvance":6,"rect":{"x":86,"y":211,"width":4,"height":9}},"40":{"xOffset":0,"yOffset":12,"xAdvance":10,"rect":{"x":353,"y":48,"width":8,"height":25}},"41":{"xOffset":0,"yOffset":12,"xAdvance":9,"rect":{"x":361,"y":129,"width":7,"height":25}},"42":{"xOffset":0,"yOffset":12,"xAdvance":14,"rect":{"x":126,"y":189,"width":12,"height":13}},"43":{"xOffset":0,"yOffset":17,"xAdvance":18,"rect":{"x":217,"y":169,"width":16,"height":16}},"44":{"xOffset":0,"yOffset":27,"xAdvance":9,"rect":{"x":353,"y":208,"width":7,"height":10}},"45":{"xOffset":0,"yOffset":24,"xAdvance":10,"rect":{"x":0,"y":250,"width":8,"height":3}},"46":{"xOffset":0,"yOffset":28,"xAdvance":8,"rect":{"x":341,"y":249,"width":6,"height":6}},"47":{"xOffset":0,"yOffset":12,"xAdvance":12,"rect":{"x":341,"y":225,"width":10,"height":23}},"48":{"xOffset":0,"yOffset":13,"xAdvance":17,"rect":{"x":266,"y":104,"width":15,"height":21}},"49":{"xOffset":0,"yOffset":13,"xAdvance":12,"rect":{"x":342,"y":41,"width":10,"height":21}},"50":{"xOffset":0,"yOffset":13,"xAdvance":16,"rect":{"x":298,"y":142,"width":14,"height":21}},"51":{"xOffset":0,"yOffset":13,"xAdvance":16,"rect":{"x":298,"y":91,"width":14,"height":21}},"52":{"xOffset":0,"yOffset":13,"xAdvance":18,"rect":{"x":217,"y":147,"width":16,"height":21}},"53":{"xOffset":0,"yOffset":13,"xAdvance":16,"rect":{"x":298,"y":23,"width":14,"height":21}},"54":{"xOffset":0,"yOffset":13,"xAdvance":17,"rect":{"x":282,"y":201,"width":15,"height":21}},"55":{"xOffset":0,"yOffset":13,"xAdvance":17,"rect":{"x":267,"y":22,"width":15,"height":21}},"56":{"xOffset":0,"yOffset":13,"xAdvance":17,"rect":{"x":266,"y":202,"width":15,"height":21}},"57":{"xOffset":0,"yOffset":13,"xAdvance":17,"rect":{"x":267,"y":0,"width":15,"height":21}},"58":{"xOffset":0,"yOffset":18,"xAdvance":8,"rect":{"x":354,"y":141,"width":6,"height":16}},"59":{"xOffset":0,"yOffset":18,"xAdvance":9,"rect":{"x":361,"y":208,"width":7,"height":19}},"60":{"xOffset":0,"yOffset":17,"xAdvance":18,"rect":{"x":233,"y":232,"width":16,"height":17}},"61":{"xOffset":0,"yOffset":20,"xAdvance":18,"rect":{"x":105,"y":244,"width":16,"height":10}},"62":{"xOffset":0,"yOffset":17,"xAdvance":18,"rect":{"x":125,"y":235,"width":16,"height":17}},"63":{"xOffset":0,"yOffset":12,"xAdvance":14,"rect":{"x":328,"y":141,"width":12,"height":22}},"64":{"xOffset":0,"yOffset":15,"xAdvance":23,"rect":{"x":22,"y":157,"width":21,"height":22}},"65":{"xOffset":0,"yOffset":13,"xAdvance":21,"rect":{"x":86,"y":160,"width":19,"height":21}},"66":{"xOffset":0,"yOffset":12,"xAdvance":17,"rect":{"x":282,"y":67,"width":15,"height":22}},"67":{"xOffset":0,"yOffset":12,"xAdvance":18,"rect":{"x":217,"y":124,"width":16,"height":22}},"68":{"xOffset":0,"yOffset":12,"xAdvance":20,"rect":{"x":126,"y":166,"width":18,"height":22}},"69":{"xOffset":0,"yOffset":13,"xAdvance":15,"rect":{"x":313,"y":166,"width":13,"height":21}},"70":{"xOffset":0,"yOffset":13,"xAdvance":15,"rect":{"x":314,"y":0,"width":13,"height":21}},"71":{"xOffset":0,"yOffset":12,"xAdvance":20,"rect":{"x":145,"y":27,"width":18,"height":22}},"72":{"xOffset":0,"yOffset":13,"xAdvance":19,"rect":{"x":169,"y":0,"width":17,"height":21}},"73":{"xOffset":0,"yOffset":13,"xAdvance":7,"rect":{"x":362,"y":49,"width":5,"height":21}},"74":{"xOffset":0,"yOffset":13,"xAdvance":13,"rect":{"x":341,"y":179,"width":11,"height":21}},"75":{"xOffset":0,"yOffset":13,"xAdvance":19,"rect":{"x":164,"y":119,"width":17,"height":21}},"76":{"xOffset":0,"yOffset":13,"xAdvance":15,"rect":{"x":328,"y":64,"width":13,"height":21}},"77":{"xOffset":0,"yOffset":13,"xAdvance":25,"rect":{"x":0,"y":44,"width":23,"height":21}},"78":{"xOffset":0,"yOffset":13,"xAdvance":19,"rect":{"x":164,"y":97,"width":17,"height":21}},"79":{"xOffset":0,"yOffset":12,"xAdvance":22,"rect":{"x":46,"y":27,"width":20,"height":22}},"80":{"xOffset":0,"yOffset":12,"xAdvance":17,"rect":{"x":250,"y":130,"width":15,"height":22}},"81":{"xOffset":0,"yOffset":12,"xAdvance":22,"rect":{"x":44,"y":100,"width":20,"height":25}},"82":{"xOffset":0,"yOffset":12,"xAdvance":18,"rect":{"x":233,"y":186,"width":16,"height":22}},"83":{"xOffset":0,"yOffset":12,"xAdvance":16,"rect":{"x":299,"y":0,"width":14,"height":22}},"84":{"xOffset":0,"yOffset":13,"xAdvance":18,"rect":{"x":217,"y":102,"width":16,"height":21}},"85":{"xOffset":0,"yOffset":13,"xAdvance":19,"rect":{"x":164,"y":167,"width":17,"height":21}},"86":{"xOffset":0,"yOffset":13,"xAdvance":21,"rect":{"x":87,"y":31,"width":19,"height":21}},"87":{"xOffset":0,"yOffset":13,"xAdvance":29,"rect":{"x":0,"y":0,"width":27,"height":21}},"88":{"xOffset":0,"yOffset":13,"xAdvance":20,"rect":{"x":145,"y":218,"width":18,"height":21}},"89":{"xOffset":0,"yOffset":13,"xAdvance":20,"rect":{"x":145,"y":50,"width":18,"height":21}},"90":{"xOffset":0,"yOffset":13,"xAdvance":19,"rect":{"x":164,"y":189,"width":17,"height":21}},"91":{"xOffset":0,"yOffset":12,"xAdvance":8,"rect":{"x":362,"y":0,"width":6,"height":25}},"92":{"xOffset":0,"yOffset":12,"xAdvance":12,"rect":{"x":342,"y":0,"width":10,"height":23}},"93":{"xOffset":0,"yOffset":12,"xAdvance":9,"rect":{"x":361,"y":74,"width":7,"height":25}},"94":{"xOffset":0,"yOffset":13,"xAdvance":18,"rect":{"x":183,"y":55,"width":16,"height":15}},"95":{"xOffset":0,"yOffset":35,"xAdvance":17,"rect":{"x":122,"y":253,"width":15,"height":2}},"96":{"xOffset":0,"yOffset":12,"xAdvance":9,"rect":{"x":353,"y":219,"width":7,"height":5}},"97":{"xOffset":0,"yOffset":18,"xAdvance":17,"rect":{"x":217,"y":186,"width":15,"height":16}},"98":{"xOffset":0,"yOffset":12,"xAdvance":18,"rect":{"x":199,"y":208,"width":16,"height":22}},"99":{"xOffset":0,"yOffset":18,"xAdvance":14,"rect":{"x":187,"y":0,"width":12,"height":16}},"100":{"xOffset":0,"yOffset":12,"xAdvance":17,"rect":{"x":266,"y":126,"width":15,"height":22}},"101":{"xOffset":0,"yOffset":18,"xAdvance":16,"rect":{"x":283,"y":23,"width":14,"height":16}},"102":{"xOffset":0,"yOffset":11,"xAdvance":13,"rect":{"x":341,"y":201,"width":11,"height":23}},"103":{"xOffset":0,"yOffset":18,"xAdvance":17,"rect":{"x":283,"y":0,"width":15,"height":22}},"104":{"xOffset":0,"yOffset":12,"xAdvance":17,"rect":{"x":266,"y":224,"width":15,"height":22}},"105":{"xOffset":0,"yOffset":12,"xAdvance":8,"rect":{"x":361,"y":228,"width":6,"height":22}},"106":{"xOffset":0,"yOffset":12,"xAdvance":10,"rect":{"x":352,"y":112,"width":8,"height":28}},"107":{"xOffset":0,"yOffset":12,"xAdvance":18,"rect":{"x":217,"y":50,"width":16,"height":22}},"108":{"xOffset":0,"yOffset":12,"xAdvance":8,"rect":{"x":362,"y":26,"width":6,"height":22}},"109":{"xOffset":0,"yOffset":18,"xAdvance":25,"rect":{"x":0,"y":66,"width":23,"height":16}},"110":{"xOffset":0,"yOffset":18,"xAdvance":17,"rect":{"x":250,"y":236,"width":15,"height":16}},"111":{"xOffset":0,"yOffset":18,"xAdvance":18,"rect":{"x":27,"y":27,"width":16,"height":16}},"112":{"xOffset":0,"yOffset":18,"xAdvance":18,"rect":{"x":200,"y":159,"width":16,"height":22}},"113":{"xOffset":0,"yOffset":18,"xAdvance":17,"rect":{"x":282,"y":90,"width":15,"height":22}},"114":{"xOffset":0,"yOffset":18,"xAdvance":12,"rect":{"x":342,"y":24,"width":10,"height":16}},"115":{"xOffset":0,"yOffset":18,"xAdvance":14,"rect":{"x":341,"y":141,"width":12,"height":16}},"116":{"xOffset":0,"yOffset":14,"xAdvance":13,"rect":{"x":341,"y":158,"width":11,"height":20}},"117":{"xOffset":0,"yOffset":18,"xAdvance":17,"rect":{"x":282,"y":184,"width":15,"height":16}},"118":{"xOffset":0,"yOffset":18,"xAdvance":18,"rect":{"x":182,"y":234,"width":16,"height":16}},"119":{"xOffset":0,"yOffset":18,"xAdvance":25,"rect":{"x":0,"y":83,"width":23,"height":16}},"120":{"xOffset":0,"yOffset":18,"xAdvance":18,"rect":{"x":164,"y":239,"width":16,"height":16}},"121":{"xOffset":0,"yOffset":18,"xAdvance":18,"rect":{"x":200,"y":55,"width":16,"height":22}},"122":{"xOffset":0,"yOffset":18,"xAdvance":16,"rect":{"x":313,"y":149,"width":14,"height":16}},"123":{"xOffset":0,"yOffset":12,"xAdvance":11,"rect":{"x":342,"y":114,"width":9,"height":25}},"124":{"xOffset":0,"yOffset":10,"xAdvance":6,"rect":{"x":369,"y":0,"width":4,"height":31}},"125":{"xOffset":0,"yOffset":12,"xAdvance":10,"rect":{"x":352,"y":86,"width":8,"height":25}},"126":{"xOffset":0,"yOffset":22,"xAdvance":18,"rect":{"x":0,"y":243,"width":16,"height":6}},"192":{"xOffset":0,"yOffset":8,"xAdvance":21,"rect":{"x":67,"y":27,"width":19,"height":26}},"193":{"xOffset":0,"yOffset":8,"xAdvance":21,"rect":{"x":86,"y":133,"width":19,"height":26}},"194":{"xOffset":0,"yOffset":8,"xAdvance":21,"rect":{"x":106,"y":146,"width":19,"height":26}},"195":{"xOffset":0,"yOffset":7,"xAdvance":21,"rect":{"x":86,"y":54,"width":19,"height":27}},"200":{"xOffset":0,"yOffset":8,"xAdvance":15,"rect":{"x":313,"y":188,"width":13,"height":26}},"201":{"xOffset":0,"yOffset":8,"xAdvance":15,"rect":{"x":327,"y":194,"width":13,"height":26}},"202":{"xOffset":0,"yOffset":8,"xAdvance":15,"rect":{"x":328,"y":86,"width":13,"height":26}},"204":{"xOffset":0,"yOffset":8,"xAdvance":10,"rect":{"x":353,"y":158,"width":8,"height":26}},"205":{"xOffset":0,"yOffset":8,"xAdvance":10,"rect":{"x":352,"y":225,"width":8,"height":26}},"210":{"xOffset":0,"yOffset":8,"xAdvance":22,"rect":{"x":44,"y":221,"width":20,"height":26}},"211":{"xOffset":0,"yOffset":8,"xAdvance":22,"rect":{"x":50,"y":0,"width":20,"height":26}},"212":{"xOffset":0,"yOffset":8,"xAdvance":22,"rect":{"x":65,"y":137,"width":20,"height":26}},"213":{"xOffset":0,"yOffset":8,"xAdvance":22,"rect":{"x":65,"y":164,"width":20,"height":26}},"217":{"xOffset":0,"yOffset":8,"xAdvance":19,"rect":{"x":182,"y":154,"width":17,"height":26}},"218":{"xOffset":0,"yOffset":8,"xAdvance":19,"rect":{"x":182,"y":181,"width":17,"height":26}},"221":{"xOffset":0,"yOffset":8,"xAdvance":20,"rect":{"x":131,"y":0,"width":18,"height":26}},"224":{"xOffset":0,"yOffset":12,"xAdvance":17,"rect":{"x":234,"y":109,"width":15,"height":22}},"225":{"xOffset":0,"yOffset":12,"xAdvance":17,"rect":{"x":234,"y":86,"width":15,"height":22}},"226":{"xOffset":0,"yOffset":12,"xAdvance":17,"rect":{"x":251,"y":0,"width":15,"height":22}},"227":{"xOffset":0,"yOffset":12,"xAdvance":17,"rect":{"x":250,"y":84,"width":15,"height":22}},"232":{"xOffset":0,"yOffset":12,"xAdvance":16,"rect":{"x":298,"y":68,"width":14,"height":22}},"233":{"xOffset":0,"yOffset":12,"xAdvance":16,"rect":{"x":298,"y":45,"width":14,"height":22}},"234":{"xOffset":0,"yOffset":12,"xAdvance":16,"rect":{"x":313,"y":46,"width":14,"height":22}},"236":{"xOffset":0,"yOffset":12,"xAdvance":10,"rect":{"x":353,"y":25,"width":8,"height":22}},"237":{"xOffset":0,"yOffset":12,"xAdvance":10,"rect":{"x":353,"y":185,"width":8,"height":22}},"242":{"xOffset":0,"yOffset":12,"xAdvance":18,"rect":{"x":216,"y":230,"width":16,"height":22}},"243":{"xOffset":0,"yOffset":12,"xAdvance":18,"rect":{"x":217,"y":27,"width":16,"height":22}},"244":{"xOffset":0,"yOffset":12,"xAdvance":18,"rect":{"x":199,"y":231,"width":16,"height":22}},"245":{"xOffset":0,"yOffset":12,"xAdvance":18,"rect":{"x":200,"y":182,"width":16,"height":22}},"249":{"xOffset":0,"yOffset":12,"xAdvance":17,"rect":{"x":282,"y":223,"width":15,"height":22}},"250":{"xOffset":0,"yOffset":12,"xAdvance":17,"rect":{"x":282,"y":161,"width":15,"height":22}},"253":{"xOffset":0,"yOffset":12,"xAdvance":18,"rect":{"x":200,"y":78,"width":16,"height":28}},"258":{"xOffset":0,"yOffset":8,"xAdvance":21,"rect":{"x":71,"y":0,"width":19,"height":26}},"259":{"xOffset":0,"yOffset":12,"xAdvance":17,"rect":{"x":250,"y":61,"width":15,"height":22}},"272":{"xOffset":0,"yOffset":12,"xAdvance":22,"rect":{"x":22,"y":233,"width":20,"height":22}},"273":{"xOffset":0,"yOffset":12,"xAdvance":20,"rect":{"x":67,"y":54,"width":18,"height":22}},"296":{"xOffset":0,"yOffset":7,"xAdvance":11,"rect":{"x":342,"y":86,"width":9,"height":27}},"297":{"xOffset":0,"yOffset":12,"xAdvance":12,"rect":{"x":342,"y":63,"width":10,"height":22}},"360":{"xOffset":0,"yOffset":7,"xAdvance":19,"rect":{"x":182,"y":71,"width":17,"height":27}},"361":{"xOffset":0,"yOffset":12,"xAdvance":17,"rect":{"x":282,"y":113,"width":15,"height":22}},"416":{"xOffset":0,"yOffset":10,"xAdvance":23,"rect":{"x":22,"y":180,"width":21,"height":24}},"417":{"xOffset":0,"yOffset":15,"xAdvance":20,"rect":{"x":46,"y":79,"width":18,"height":19}},"431":{"xOffset":0,"yOffset":9,"xAdvance":23,"rect":{"x":22,"y":100,"width":21,"height":25}},"432":{"xOffset":0,"yOffset":15,"xAdvance":20,"rect":{"x":107,"y":31,"width":18,"height":19}},"7840":{"xOffset":0,"yOffset":13,"xAdvance":21,"rect":{"x":86,"y":82,"width":19,"height":27}},"7841":{"xOffset":0,"yOffset":18,"xAdvance":17,"rect":{"x":250,"y":107,"width":15,"height":22}},"7842":{"xOffset":0,"yOffset":6,"xAdvance":21,"rect":{"x":86,"y":182,"width":19,"height":28}},"7843":{"xOffset":0,"yOffset":10,"xAdvance":17,"rect":{"x":234,"y":61,"width":15,"height":24}},"7844":{"xOffset":0,"yOffset":5,"xAdvance":21,"rect":{"x":125,"y":205,"width":19,"height":29}},"7845":{"xOffset":0,"yOffset":9,"xAdvance":19,"rect":{"x":182,"y":99,"width":17,"height":25}},"7846":{"xOffset":0,"yOffset":6,"xAdvance":21,"rect":{"x":106,"y":84,"width":19,"height":28}},"7847":{"xOffset":0,"yOffset":9,"xAdvance":17,"rect":{"x":251,"y":23,"width":15,"height":25}},"7848":{"xOffset":0,"yOffset":4,"xAdvance":21,"rect":{"x":106,"y":53,"width":19,"height":30}},"7849":{"xOffset":0,"yOffset":8,"xAdvance":18,"rect":{"x":217,"y":0,"width":16,"height":26}},"7850":{"xOffset":0,"yOffset":4,"xAdvance":21,"rect":{"x":91,"y":0,"width":19,"height":30}},"7851":{"xOffset":0,"yOffset":9,"xAdvance":17,"rect":{"x":266,"y":49,"width":15,"height":25}},"7852":{"xOffset":0,"yOffset":8,"xAdvance":21,"rect":{"x":105,"y":211,"width":19,"height":32}},"7853":{"xOffset":0,"yOffset":12,"xAdvance":17,"rect":{"x":266,"y":75,"width":15,"height":28}},"7854":{"xOffset":0,"yOffset":5,"xAdvance":21,"rect":{"x":65,"y":221,"width":19,"height":29}},"7855":{"xOffset":0,"yOffset":9,"xAdvance":17,"rect":{"x":234,"y":132,"width":15,"height":25}},"7856":{"xOffset":0,"yOffset":5,"xAdvance":21,"rect":{"x":85,"y":221,"width":19,"height":29}},"7857":{"xOffset":0,"yOffset":9,"xAdvance":17,"rect":{"x":266,"y":149,"width":15,"height":25}},"7858":{"xOffset":0,"yOffset":3,"xAdvance":21,"rect":{"x":106,"y":173,"width":19,"height":31}},"7859":{"xOffset":0,"yOffset":8,"xAdvance":17,"rect":{"x":250,"y":153,"width":15,"height":26}},"7860":{"xOffset":0,"yOffset":4,"xAdvance":21,"rect":{"x":111,"y":0,"width":19,"height":30}},"7861":{"xOffset":0,"yOffset":8,"xAdvance":17,"rect":{"x":250,"y":180,"width":15,"height":26}},"7862":{"xOffset":0,"yOffset":8,"xAdvance":21,"rect":{"x":106,"y":113,"width":19,"height":32}},"7863":{"xOffset":0,"yOffset":12,"xAdvance":17,"rect":{"x":250,"y":207,"width":15,"height":28}},"7864":{"xOffset":0,"yOffset":13,"xAdvance":15,"rect":{"x":328,"y":113,"width":13,"height":27}},"7865":{"xOffset":0,"yOffset":18,"xAdvance":16,"rect":{"x":313,"y":69,"width":14,"height":22}},"7866":{"xOffset":0,"yOffset":6,"xAdvance":15,"rect":{"x":313,"y":215,"width":13,"height":28}},"7867":{"xOffset":0,"yOffset":10,"xAdvance":16,"rect":{"x":298,"y":164,"width":14,"height":24}},"7868":{"xOffset":0,"yOffset":7,"xAdvance":15,"rect":{"x":327,"y":166,"width":13,"height":27}},"7869":{"xOffset":0,"yOffset":12,"xAdvance":16,"rect":{"x":313,"y":23,"width":14,"height":22}},"7870":{"xOffset":0,"yOffset":5,"xAdvance":18,"rect":{"x":234,"y":31,"width":16,"height":29}},"7871":{"xOffset":0,"yOffset":9,"xAdvance":19,"rect":{"x":164,"y":71,"width":17,"height":25}},"7872":{"xOffset":0,"yOffset":6,"xAdvance":15,"rect":{"x":327,"y":221,"width":13,"height":28}},"7873":{"xOffset":0,"yOffset":9,"xAdvance":16,"rect":{"x":298,"y":189,"width":14,"height":25}},"7874":{"xOffset":0,"yOffset":4,"xAdvance":16,"rect":{"x":313,"y":92,"width":14,"height":30}},"7875":{"xOffset":0,"yOffset":8,"xAdvance":17,"rect":{"x":266,"y":175,"width":15,"height":26}},"7876":{"xOffset":0,"yOffset":4,"xAdvance":15,"rect":{"x":328,"y":0,"width":13,"height":30}},"7877":{"xOffset":0,"yOffset":9,"xAdvance":16,"rect":{"x":298,"y":215,"width":14,"height":25}},"7878":{"xOffset":0,"yOffset":8,"xAdvance":15,"rect":{"x":328,"y":31,"width":13,"height":32}},"7879":{"xOffset":0,"yOffset":12,"xAdvance":16,"rect":{"x":298,"y":113,"width":14,"height":28}},"7880":{"xOffset":0,"yOffset":6,"xAdvance":9,"rect":{"x":361,"y":100,"width":7,"height":28}},"7881":{"xOffset":0,"yOffset":10,"xAdvance":10,"rect":{"x":353,"y":0,"width":8,"height":24}},"7882":{"xOffset":0,"yOffset":13,"xAdvance":7,"rect":{"x":368,"y":228,"width":5,"height":27}},"7883":{"xOffset":0,"yOffset":12,"xAdvance":8,"rect":{"x":362,"y":155,"width":6,"height":28}},"7884":{"xOffset":0,"yOffset":12,"xAdvance":22,"rect":{"x":65,"y":108,"width":20,"height":28}},"7885":{"xOffset":0,"yOffset":18,"xAdvance":18,"rect":{"x":200,"y":136,"width":16,"height":22}},"7886":{"xOffset":0,"yOffset":6,"xAdvance":22,"rect":{"x":46,"y":50,"width":20,"height":28}},"7887":{"xOffset":0,"yOffset":10,"xAdvance":18,"rect":{"x":216,"y":205,"width":16,"height":24}},"7888":{"xOffset":0,"yOffset":5,"xAdvance":22,"rect":{"x":65,"y":191,"width":20,"height":29}},"7889":{"xOffset":0,"yOffset":9,"xAdvance":19,"rect":{"x":164,"y":141,"width":17,"height":25}},"7890":{"xOffset":0,"yOffset":6,"xAdvance":22,"rect":{"x":65,"y":79,"width":20,"height":28}},"7891":{"xOffset":0,"yOffset":9,"xAdvance":18,"rect":{"x":200,"y":29,"width":16,"height":25}},"7892":{"xOffset":0,"yOffset":4,"xAdvance":22,"rect":{"x":44,"y":190,"width":20,"height":30}},"7893":{"xOffset":0,"yOffset":8,"xAdvance":18,"rect":{"x":183,"y":22,"width":16,"height":26}},"7894":{"xOffset":0,"yOffset":4,"xAdvance":22,"rect":{"x":44,"y":159,"width":20,"height":30}},"7895":{"xOffset":0,"yOffset":9,"xAdvance":18,"rect":{"x":182,"y":208,"width":16,"height":25}},"7896":{"xOffset":0,"yOffset":8,"xAdvance":22,"rect":{"x":44,"y":126,"width":20,"height":32}},"7897":{"xOffset":0,"yOffset":12,"xAdvance":18,"rect":{"x":200,"y":0,"width":16,"height":28}},"7898":{"xOffset":0,"yOffset":8,"xAdvance":23,"rect":{"x":28,"y":0,"width":21,"height":26}},"7899":{"xOffset":0,"yOffset":12,"xAdvance":20,"rect":{"x":150,"y":0,"width":18,"height":22}},"7900":{"xOffset":0,"yOffset":8,"xAdvance":23,"rect":{"x":24,"y":73,"width":21,"height":26}},"7901":{"xOffset":0,"yOffset":12,"xAdvance":20,"rect":{"x":164,"y":23,"width":18,"height":22}},"7902":{"xOffset":0,"yOffset":6,"xAdvance":23,"rect":{"x":24,"y":44,"width":21,"height":28}},"7903":{"xOffset":0,"yOffset":10,"xAdvance":20,"rect":{"x":164,"y":46,"width":18,"height":24}},"7904":{"xOffset":0,"yOffset":7,"xAdvance":23,"rect":{"x":22,"y":205,"width":21,"height":27}},"7905":{"xOffset":0,"yOffset":12,"xAdvance":20,"rect":{"x":145,"y":195,"width":18,"height":22}},"7906":{"xOffset":0,"yOffset":10,"xAdvance":23,"rect":{"x":22,"y":126,"width":21,"height":30}},"7907":{"xOffset":0,"yOffset":15,"xAdvance":20,"rect":{"x":145,"y":144,"width":18,"height":25}},"7908":{"xOffset":0,"yOffset":13,"xAdvance":19,"rect":{"x":164,"y":211,"width":17,"height":27}},"7909":{"xOffset":0,"yOffset":18,"xAdvance":17,"rect":{"x":282,"y":44,"width":15,"height":22}},"7910":{"xOffset":0,"yOffset":6,"xAdvance":19,"rect":{"x":182,"y":125,"width":17,"height":28}},"7911":{"xOffset":0,"yOffset":10,"xAdvance":17,"rect":{"x":282,"y":136,"width":15,"height":24}},"7912":{"xOffset":0,"yOffset":8,"xAdvance":23,"rect":{"x":0,"y":159,"width":21,"height":26}},"7913":{"xOffset":0,"yOffset":12,"xAdvance":20,"rect":{"x":126,"y":31,"width":18,"height":22}},"7914":{"xOffset":0,"yOffset":8,"xAdvance":23,"rect":{"x":0,"y":132,"width":21,"height":26}},"7915":{"xOffset":0,"yOffset":12,"xAdvance":20,"rect":{"x":145,"y":72,"width":18,"height":22}},"7916":{"xOffset":0,"yOffset":6,"xAdvance":23,"rect":{"x":0,"y":214,"width":21,"height":28}},"7917":{"xOffset":0,"yOffset":10,"xAdvance":20,"rect":{"x":145,"y":170,"width":18,"height":24}},"7918":{"xOffset":0,"yOffset":7,"xAdvance":23,"rect":{"x":0,"y":186,"width":21,"height":27}},"7919":{"xOffset":0,"yOffset":12,"xAdvance":20,"rect":{"x":145,"y":121,"width":18,"height":22}},"7920":{"xOffset":0,"yOffset":9,"xAdvance":23,"rect":{"x":0,"y":100,"width":21,"height":31}},"7921":{"xOffset":0,"yOffset":15,"xAdvance":20,"rect":{"x":145,"y":95,"width":18,"height":25}},"7922":{"xOffset":0,"yOffset":8,"xAdvance":20,"rect":{"x":126,"y":111,"width":18,"height":26}},"7923":{"xOffset":0,"yOffset":12,"xAdvance":18,"rect":{"x":200,"y":107,"width":16,"height":28}},"7924":{"xOffset":0,"yOffset":13,"xAdvance":20,"rect":{"x":126,"y":138,"width":18,"height":27}},"7925":{"xOffset":0,"yOffset":18,"xAdvance":18,"rect":{"x":233,"y":209,"width":16,"height":22}},"7926":{"xOffset":0,"yOffset":6,"xAdvance":20,"rect":{"x":126,"y":54,"width":18,"height":28}},"7927":{"xOffset":0,"yOffset":10,"xAdvance":18,"rect":{"x":234,"y":0,"width":16,"height":30}},"7928":{"xOffset":0,"yOffset":7,"xAdvance":20,"rect":{"x":126,"y":83,"width":18,"height":27}},"7929":{"xOffset":0,"yOffset":12,"xAdvance":18,"rect":{"x":217,"y":73,"width":16,"height":28}}},"kerningDict":{}}]],0,0,[0],[0],[0]]
