[1,["26fG6Ni7ZAZqgVISw3l4Ut@f9941"],["spriteFrame"],[["cc.BitmapFont",["_name","fontSize","fntConfig"],0]],[[0,0,1,2,4]],[[0,"font_hu",32,{"commonHeight":60,"fontSize":32,"atlasName":"font_hu.png","fontDefDictionary":{"9":{"xOffset":0,"yOffset":0,"xAdvance":70,"rect":{"x":0,"y":0,"width":0,"height":0}},"32":{"xOffset":0,"yOffset":0,"xAdvance":7,"rect":{"x":0,"y":0,"width":0,"height":0}},"44":{"xOffset":0,"yOffset":45,"xAdvance":18,"rect":{"x":0,"y":232,"width":15,"height":20}},"46":{"xOffset":0,"yOffset":45,"xAdvance":18,"rect":{"x":16,"y":237,"width":15,"height":15}},"48":{"xOffset":0,"yOffset":2,"xAdvance":33,"rect":{"x":63,"y":177,"width":30,"height":59}},"49":{"xOffset":0,"yOffset":3,"xAdvance":26,"rect":{"x":41,"y":0,"width":23,"height":57}},"50":{"xOffset":0,"yOffset":2,"xAdvance":33,"rect":{"x":94,"y":118,"width":30,"height":58}},"51":{"xOffset":0,"yOffset":2,"xAdvance":33,"rect":{"x":94,"y":177,"width":30,"height":59}},"52":{"xOffset":0,"yOffset":3,"xAdvance":36,"rect":{"x":0,"y":116,"width":33,"height":57}},"53":{"xOffset":0,"yOffset":3,"xAdvance":33,"rect":{"x":94,"y":59,"width":30,"height":58}},"54":{"xOffset":0,"yOffset":3,"xAdvance":33,"rect":{"x":67,"y":0,"width":30,"height":58}},"55":{"xOffset":0,"yOffset":3,"xAdvance":33,"rect":{"x":32,"y":174,"width":30,"height":57}},"56":{"xOffset":0,"yOffset":2,"xAdvance":33,"rect":{"x":63,"y":117,"width":30,"height":59}},"57":{"xOffset":0,"yOffset":2,"xAdvance":33,"rect":{"x":36,"y":58,"width":30,"height":58}},"66":{"xOffset":0,"yOffset":3,"xAdvance":34,"rect":{"x":0,"y":174,"width":31,"height":57}},"75":{"xOffset":0,"yOffset":3,"xAdvance":38,"rect":{"x":0,"y":58,"width":35,"height":57}},"77":{"xOffset":0,"yOffset":3,"xAdvance":43,"rect":{"x":0,"y":0,"width":40,"height":57}}},"kerningDict":{}}]],0,0,[0],[0],[0]]
