[1,["88m0qHqC5OuKVG+nJk8kl3@f9941"],["spriteFrame"],[["cc.BitmapFont",["_name","fontSize","fntConfig"],0]],[[0,0,1,2,4]],[[0,"font_chu_tim",32,{"commonHeight":34,"fontSize":32,"atlasName":"font_chu_tim.png","fontDefDictionary":{"9":{"xOffset":0,"yOffset":0,"xAdvance":160,"rect":{"x":0,"y":0,"width":0,"height":0}},"32":{"xOffset":0,"yOffset":0,"xAdvance":7,"rect":{"x":0,"y":0,"width":0,"height":0}},"33":{"xOffset":0,"yOffset":15,"xAdvance":6,"rect":{"x":265,"y":47,"width":5,"height":19}},"34":{"xOffset":0,"yOffset":15,"xAdvance":10,"rect":{"x":103,"y":89,"width":9,"height":9}},"35":{"xOffset":0,"yOffset":16,"xAdvance":13,"rect":{"x":202,"y":19,"width":12,"height":18}},"36":{"xOffset":0,"yOffset":14,"xAdvance":12,"rect":{"x":227,"y":56,"width":11,"height":22}},"37":{"xOffset":0,"yOffset":16,"xAdvance":22,"rect":{"x":0,"y":20,"width":21,"height":18}},"38":{"xOffset":0,"yOffset":15,"xAdvance":17,"rect":{"x":19,"y":93,"width":16,"height":19}},"39":{"xOffset":0,"yOffset":15,"xAdvance":5,"rect":{"x":257,"y":246,"width":4,"height":9}},"40":{"xOffset":0,"yOffset":15,"xAdvance":7,"rect":{"x":258,"y":111,"width":6,"height":22}},"41":{"xOffset":0,"yOffset":15,"xAdvance":7,"rect":{"x":259,"y":0,"width":6,"height":22}},"42":{"xOffset":0,"yOffset":15,"xAdvance":11,"rect":{"x":216,"y":0,"width":10,"height":12}},"43":{"xOffset":0,"yOffset":19,"xAdvance":14,"rect":{"x":147,"y":238,"width":13,"height":15}},"44":{"xOffset":0,"yOffset":27,"xAdvance":7,"rect":{"x":201,"y":245,"width":6,"height":10}},"45":{"xOffset":0,"yOffset":24,"xAdvance":8,"rect":{"x":87,"y":120,"width":7,"height":5}},"46":{"xOffset":0,"yOffset":27,"xAdvance":6,"rect":{"x":95,"y":120,"width":5,"height":7}},"47":{"xOffset":0,"yOffset":15,"xAdvance":9,"rect":{"x":239,"y":222,"width":8,"height":20}},"48":{"xOffset":0,"yOffset":16,"xAdvance":13,"rect":{"x":177,"y":0,"width":12,"height":18}},"49":{"xOffset":0,"yOffset":16,"xAdvance":9,"rect":{"x":248,"y":237,"width":8,"height":18}},"50":{"xOffset":0,"yOffset":16,"xAdvance":13,"rect":{"x":203,"y":0,"width":12,"height":18}},"51":{"xOffset":0,"yOffset":16,"xAdvance":12,"rect":{"x":239,"y":67,"width":11,"height":18}},"52":{"xOffset":0,"yOffset":16,"xAdvance":14,"rect":{"x":149,"y":0,"width":13,"height":18}},"53":{"xOffset":0,"yOffset":16,"xAdvance":13,"rect":{"x":190,"y":0,"width":12,"height":18}},"54":{"xOffset":0,"yOffset":16,"xAdvance":14,"rect":{"x":161,"y":211,"width":13,"height":18}},"55":{"xOffset":0,"yOffset":16,"xAdvance":13,"rect":{"x":188,"y":219,"width":12,"height":18}},"56":{"xOffset":0,"yOffset":16,"xAdvance":14,"rect":{"x":161,"y":230,"width":13,"height":18}},"57":{"xOffset":0,"yOffset":16,"xAdvance":14,"rect":{"x":163,"y":0,"width":13,"height":18}},"58":{"xOffset":0,"yOffset":20,"xAdvance":6,"rect":{"x":258,"y":202,"width":5,"height":14}},"59":{"xOffset":0,"yOffset":20,"xAdvance":7,"rect":{"x":257,"y":220,"width":6,"height":17}},"60":{"xOffset":0,"yOffset":19,"xAdvance":14,"rect":{"x":175,"y":85,"width":13,"height":15}},"61":{"xOffset":0,"yOffset":21,"xAdvance":14,"rect":{"x":67,"y":242,"width":13,"height":10}},"62":{"xOffset":0,"yOffset":19,"xAdvance":13,"rect":{"x":201,"y":187,"width":12,"height":15}},"63":{"xOffset":0,"yOffset":15,"xAdvance":11,"rect":{"x":239,"y":126,"width":10,"height":19}},"64":{"xOffset":0,"yOffset":17,"xAdvance":18,"rect":{"x":18,"y":234,"width":17,"height":20}},"65":{"xOffset":0,"yOffset":15,"xAdvance":17,"rect":{"x":36,"y":119,"width":16,"height":19}},"66":{"xOffset":0,"yOffset":15,"xAdvance":13,"rect":{"x":214,"y":146,"width":12,"height":19}},"67":{"xOffset":0,"yOffset":15,"xAdvance":15,"rect":{"x":118,"y":105,"width":14,"height":19}},"68":{"xOffset":0,"yOffset":15,"xAdvance":17,"rect":{"x":36,"y":236,"width":16,"height":19}},"69":{"xOffset":0,"yOffset":15,"xAdvance":12,"rect":{"x":227,"y":127,"width":11,"height":19}},"70":{"xOffset":0,"yOffset":15,"xAdvance":11,"rect":{"x":239,"y":146,"width":10,"height":19}},"71":{"xOffset":0,"yOffset":15,"xAdvance":16,"rect":{"x":102,"y":177,"width":15,"height":19}},"72":{"xOffset":0,"yOffset":15,"xAdvance":15,"rect":{"x":105,"y":0,"width":14,"height":19}},"73":{"xOffset":0,"yOffset":15,"xAdvance":5,"rect":{"x":265,"y":67,"width":4,"height":19}},"74":{"xOffset":0,"yOffset":15,"xAdvance":10,"rect":{"x":239,"y":181,"width":9,"height":19}},"75":{"xOffset":0,"yOffset":15,"xAdvance":15,"rect":{"x":102,"y":218,"width":14,"height":19}},"76":{"xOffset":0,"yOffset":15,"xAdvance":12,"rect":{"x":215,"y":19,"width":11,"height":19}},"77":{"xOffset":0,"yOffset":15,"xAdvance":19,"rect":{"x":0,"y":69,"width":18,"height":19}},"78":{"xOffset":0,"yOffset":15,"xAdvance":15,"rect":{"x":118,"y":42,"width":14,"height":19}},"79":{"xOffset":0,"yOffset":15,"xAdvance":17,"rect":{"x":53,"y":98,"width":16,"height":19}},"80":{"xOffset":0,"yOffset":15,"xAdvance":14,"rect":{"x":162,"y":39,"width":13,"height":19}},"81":{"xOffset":0,"yOffset":15,"xAdvance":17,"rect":{"x":54,"y":49,"width":16,"height":22}},"82":{"xOffset":0,"yOffset":15,"xAdvance":14,"rect":{"x":162,"y":19,"width":13,"height":19}},"83":{"xOffset":0,"yOffset":15,"xAdvance":13,"rect":{"x":175,"y":101,"width":12,"height":19}},"84":{"xOffset":0,"yOffset":15,"xAdvance":15,"rect":{"x":133,"y":20,"width":14,"height":19}},"85":{"xOffset":0,"yOffset":15,"xAdvance":15,"rect":{"x":120,"y":0,"width":14,"height":19}},"86":{"xOffset":0,"yOffset":15,"xAdvance":17,"rect":{"x":53,"y":191,"width":16,"height":19}},"87":{"xOffset":0,"yOffset":15,"xAdvance":23,"rect":{"x":0,"y":0,"width":22,"height":19}},"88":{"xOffset":0,"yOffset":15,"xAdvance":16,"rect":{"x":86,"y":236,"width":15,"height":19}},"89":{"xOffset":0,"yOffset":15,"xAdvance":16,"rect":{"x":89,"y":0,"width":15,"height":19}},"90":{"xOffset":0,"yOffset":15,"xAdvance":14,"rect":{"x":147,"y":198,"width":13,"height":19}},"91":{"xOffset":0,"yOffset":15,"xAdvance":6,"rect":{"x":264,"y":223,"width":5,"height":22}},"92":{"xOffset":0,"yOffset":15,"xAdvance":9,"rect":{"x":249,"y":181,"width":8,"height":20}},"93":{"xOffset":0,"yOffset":15,"xAdvance":6,"rect":{"x":259,"y":47,"width":5,"height":22}},"94":{"xOffset":0,"yOffset":16,"xAdvance":14,"rect":{"x":37,"y":74,"width":13,"height":14}},"95":{"xOffset":0,"yOffset":33,"xAdvance":14,"rect":{"x":20,"y":63,"width":13,"height":4}},"96":{"xOffset":0,"yOffset":14,"xAdvance":7,"rect":{"x":251,"y":111,"width":6,"height":7}},"97":{"xOffset":0,"yOffset":20,"xAdvance":12,"rect":{"x":202,"y":64,"width":11,"height":14}},"98":{"xOffset":0,"yOffset":14,"xAdvance":14,"rect":{"x":148,"y":40,"width":13,"height":20}},"99":{"xOffset":0,"yOffset":20,"xAdvance":11,"rect":{"x":214,"y":238,"width":10,"height":14}},"100":{"xOffset":0,"yOffset":14,"xAdvance":14,"rect":{"x":161,"y":136,"width":13,"height":20}},"101":{"xOffset":0,"yOffset":20,"xAdvance":13,"rect":{"x":188,"y":238,"width":12,"height":14}},"102":{"xOffset":0,"yOffset":14,"xAdvance":10,"rect":{"x":239,"y":201,"width":9,"height":20}},"103":{"xOffset":0,"yOffset":20,"xAdvance":14,"rect":{"x":147,"y":86,"width":13,"height":19}},"104":{"xOffset":0,"yOffset":14,"xAdvance":13,"rect":{"x":214,"y":64,"width":12,"height":20}},"105":{"xOffset":0,"yOffset":14,"xAdvance":6,"rect":{"x":264,"y":202,"width":5,"height":20}},"106":{"xOffset":0,"yOffset":14,"xAdvance":8,"rect":{"x":250,"y":150,"width":7,"height":25}},"107":{"xOffset":0,"yOffset":14,"xAdvance":13,"rect":{"x":214,"y":191,"width":12,"height":20}},"108":{"xOffset":0,"yOffset":14,"xAdvance":5,"rect":{"x":265,"y":140,"width":4,"height":20}},"109":{"xOffset":0,"yOffset":20,"xAdvance":20,"rect":{"x":0,"y":39,"width":19,"height":14}},"110":{"xOffset":0,"yOffset":20,"xAdvance":13,"rect":{"x":214,"y":131,"width":12,"height":14}},"111":{"xOffset":0,"yOffset":20,"xAdvance":14,"rect":{"x":0,"y":238,"width":13,"height":14}},"112":{"xOffset":0,"yOffset":20,"xAdvance":14,"rect":{"x":147,"y":178,"width":13,"height":19}},"113":{"xOffset":0,"yOffset":20,"xAdvance":14,"rect":{"x":147,"y":218,"width":13,"height":19}},"114":{"xOffset":0,"yOffset":20,"xAdvance":9,"rect":{"x":248,"y":222,"width":8,"height":14}},"115":{"xOffset":0,"yOffset":20,"xAdvance":11,"rect":{"x":239,"y":166,"width":10,"height":14}},"116":{"xOffset":0,"yOffset":17,"xAdvance":9,"rect":{"x":249,"y":202,"width":8,"height":17}},"117":{"xOffset":0,"yOffset":20,"xAdvance":13,"rect":{"x":176,"y":44,"width":12,"height":14}},"118":{"xOffset":0,"yOffset":20,"xAdvance":14,"rect":{"x":53,"y":237,"width":13,"height":14}},"119":{"xOffset":0,"yOffset":20,"xAdvance":20,"rect":{"x":0,"y":54,"width":19,"height":14}},"120":{"xOffset":0,"yOffset":20,"xAdvance":14,"rect":{"x":117,"y":239,"width":13,"height":14}},"121":{"xOffset":0,"yOffset":20,"xAdvance":14,"rect":{"x":161,"y":61,"width":13,"height":20}},"122":{"xOffset":0,"yOffset":20,"xAdvance":12,"rect":{"x":189,"y":83,"width":11,"height":14}},"123":{"xOffset":0,"yOffset":15,"xAdvance":8,"rect":{"x":251,"y":88,"width":7,"height":22}},"124":{"xOffset":0,"yOffset":13,"xAdvance":5,"rect":{"x":265,"y":87,"width":4,"height":27}},"125":{"xOffset":0,"yOffset":15,"xAdvance":8,"rect":{"x":251,"y":44,"width":7,"height":22}},"126":{"xOffset":0,"yOffset":22,"xAdvance":14,"rect":{"x":22,"y":25,"width":13,"height":8}},"192":{"xOffset":0,"yOffset":11,"xAdvance":16,"rect":{"x":70,"y":197,"width":15,"height":23}},"193":{"xOffset":0,"yOffset":11,"xAdvance":17,"rect":{"x":36,"y":139,"width":16,"height":23}},"194":{"xOffset":0,"yOffset":11,"xAdvance":16,"rect":{"x":73,"y":0,"width":15,"height":23}},"195":{"xOffset":0,"yOffset":11,"xAdvance":17,"rect":{"x":36,"y":212,"width":16,"height":23}},"200":{"xOffset":0,"yOffset":11,"xAdvance":12,"rect":{"x":227,"y":79,"width":11,"height":23}},"201":{"xOffset":0,"yOffset":11,"xAdvance":12,"rect":{"x":227,"y":103,"width":11,"height":23}},"202":{"xOffset":0,"yOffset":11,"xAdvance":12,"rect":{"x":227,"y":218,"width":11,"height":23}},"204":{"xOffset":0,"yOffset":11,"xAdvance":8,"rect":{"x":250,"y":126,"width":7,"height":23}},"205":{"xOffset":0,"yOffset":11,"xAdvance":7,"rect":{"x":259,"y":23,"width":6,"height":23}},"210":{"xOffset":0,"yOffset":11,"xAdvance":17,"rect":{"x":36,"y":163,"width":16,"height":23}},"211":{"xOffset":0,"yOffset":11,"xAdvance":17,"rect":{"x":53,"y":74,"width":16,"height":23}},"212":{"xOffset":0,"yOffset":11,"xAdvance":17,"rect":{"x":54,"y":25,"width":16,"height":23}},"213":{"xOffset":0,"yOffset":11,"xAdvance":17,"rect":{"x":20,"y":39,"width":16,"height":23}},"217":{"xOffset":0,"yOffset":11,"xAdvance":15,"rect":{"x":132,"y":174,"width":14,"height":23}},"218":{"xOffset":0,"yOffset":11,"xAdvance":15,"rect":{"x":132,"y":198,"width":14,"height":23}},"221":{"xOffset":0,"yOffset":11,"xAdvance":15,"rect":{"x":132,"y":222,"width":14,"height":23}},"224":{"xOffset":0,"yOffset":14,"xAdvance":13,"rect":{"x":175,"y":121,"width":12,"height":20}},"225":{"xOffset":0,"yOffset":14,"xAdvance":13,"rect":{"x":175,"y":162,"width":12,"height":20}},"226":{"xOffset":0,"yOffset":14,"xAdvance":13,"rect":{"x":188,"y":126,"width":12,"height":20}},"227":{"xOffset":0,"yOffset":15,"xAdvance":12,"rect":{"x":239,"y":106,"width":11,"height":19}},"232":{"xOffset":0,"yOffset":14,"xAdvance":13,"rect":{"x":189,"y":40,"width":12,"height":20}},"233":{"xOffset":0,"yOffset":14,"xAdvance":13,"rect":{"x":189,"y":19,"width":12,"height":20}},"234":{"xOffset":0,"yOffset":14,"xAdvance":13,"rect":{"x":201,"y":123,"width":12,"height":20}},"236":{"xOffset":0,"yOffset":14,"xAdvance":8,"rect":{"x":251,"y":67,"width":7,"height":20}},"237":{"xOffset":0,"yOffset":14,"xAdvance":7,"rect":{"x":258,"y":181,"width":6,"height":20}},"242":{"xOffset":0,"yOffset":14,"xAdvance":14,"rect":{"x":133,"y":129,"width":13,"height":20}},"243":{"xOffset":0,"yOffset":14,"xAdvance":14,"rect":{"x":133,"y":85,"width":13,"height":20}},"244":{"xOffset":0,"yOffset":14,"xAdvance":14,"rect":{"x":147,"y":65,"width":13,"height":20}},"245":{"xOffset":0,"yOffset":15,"xAdvance":14,"rect":{"x":133,"y":65,"width":13,"height":19}},"249":{"xOffset":0,"yOffset":14,"xAdvance":13,"rect":{"x":201,"y":203,"width":12,"height":20}},"250":{"xOffset":0,"yOffset":14,"xAdvance":13,"rect":{"x":201,"y":224,"width":12,"height":20}},"253":{"xOffset":0,"yOffset":14,"xAdvance":14,"rect":{"x":161,"y":82,"width":13,"height":26}},"258":{"xOffset":0,"yOffset":11,"xAdvance":17,"rect":{"x":37,"y":50,"width":16,"height":23}},"259":{"xOffset":0,"yOffset":15,"xAdvance":13,"rect":{"x":175,"y":142,"width":12,"height":19}},"272":{"xOffset":0,"yOffset":15,"xAdvance":17,"rect":{"x":53,"y":171,"width":16,"height":19}},"273":{"xOffset":0,"yOffset":14,"xAdvance":16,"rect":{"x":102,"y":156,"width":15,"height":20}},"296":{"xOffset":0,"yOffset":11,"xAdvance":8,"rect":{"x":251,"y":0,"width":7,"height":23}},"297":{"xOffset":0,"yOffset":15,"xAdvance":8,"rect":{"x":251,"y":24,"width":7,"height":19}},"360":{"xOffset":0,"yOffset":11,"xAdvance":15,"rect":{"x":118,"y":150,"width":14,"height":23}},"361":{"xOffset":0,"yOffset":15,"xAdvance":12,"rect":{"x":239,"y":25,"width":11,"height":19}},"416":{"xOffset":0,"yOffset":13,"xAdvance":18,"rect":{"x":18,"y":137,"width":17,"height":21}},"417":{"xOffset":0,"yOffset":17,"xAdvance":15,"rect":{"x":87,"y":102,"width":14,"height":17}},"431":{"xOffset":0,"yOffset":12,"xAdvance":18,"rect":{"x":18,"y":211,"width":17,"height":22}},"432":{"xOffset":0,"yOffset":17,"xAdvance":15,"rect":{"x":102,"y":238,"width":14,"height":17}},"7840":{"xOffset":0,"yOffset":15,"xAdvance":17,"rect":{"x":37,"y":25,"width":16,"height":24}},"7841":{"xOffset":0,"yOffset":20,"xAdvance":12,"rect":{"x":239,"y":86,"width":11,"height":19}},"7842":{"xOffset":0,"yOffset":10,"xAdvance":16,"rect":{"x":71,"y":24,"width":15,"height":24}},"7843":{"xOffset":0,"yOffset":13,"xAdvance":13,"rect":{"x":175,"y":229,"width":12,"height":21}},"7844":{"xOffset":0,"yOffset":9,"xAdvance":16,"rect":{"x":87,"y":24,"width":15,"height":25}},"7845":{"xOffset":0,"yOffset":12,"xAdvance":14,"rect":{"x":133,"y":150,"width":13,"height":22}},"7846":{"xOffset":0,"yOffset":10,"xAdvance":16,"rect":{"x":87,"y":50,"width":15,"height":24}},"7847":{"xOffset":0,"yOffset":12,"xAdvance":12,"rect":{"x":215,"y":39,"width":11,"height":22}},"7848":{"xOffset":0,"yOffset":9,"xAdvance":17,"rect":{"x":53,"y":145,"width":16,"height":25}},"7849":{"xOffset":0,"yOffset":12,"xAdvance":13,"rect":{"x":188,"y":147,"width":12,"height":22}},"7850":{"xOffset":0,"yOffset":8,"xAdvance":16,"rect":{"x":87,"y":75,"width":15,"height":26}},"7851":{"xOffset":0,"yOffset":12,"xAdvance":13,"rect":{"x":188,"y":170,"width":12,"height":22}},"7852":{"xOffset":0,"yOffset":11,"xAdvance":16,"rect":{"x":102,"y":102,"width":15,"height":28}},"7853":{"xOffset":0,"yOffset":14,"xAdvance":13,"rect":{"x":188,"y":193,"width":12,"height":25}},"7854":{"xOffset":0,"yOffset":9,"xAdvance":16,"rect":{"x":86,"y":128,"width":15,"height":25}},"7855":{"xOffset":0,"yOffset":12,"xAdvance":13,"rect":{"x":175,"y":183,"width":12,"height":22}},"7856":{"xOffset":0,"yOffset":9,"xAdvance":16,"rect":{"x":86,"y":154,"width":15,"height":25}},"7857":{"xOffset":0,"yOffset":12,"xAdvance":13,"rect":{"x":175,"y":206,"width":12,"height":22}},"7858":{"xOffset":0,"yOffset":8,"xAdvance":16,"rect":{"x":86,"y":180,"width":15,"height":26}},"7859":{"xOffset":0,"yOffset":11,"xAdvance":12,"rect":{"x":227,"y":171,"width":11,"height":23}},"7860":{"xOffset":0,"yOffset":8,"xAdvance":17,"rect":{"x":53,"y":118,"width":16,"height":26}},"7861":{"xOffset":0,"yOffset":12,"xAdvance":12,"rect":{"x":227,"y":195,"width":11,"height":22}},"7862":{"xOffset":0,"yOffset":11,"xAdvance":16,"rect":{"x":86,"y":207,"width":15,"height":28}},"7863":{"xOffset":0,"yOffset":15,"xAdvance":13,"rect":{"x":188,"y":101,"width":12,"height":24}},"7864":{"xOffset":0,"yOffset":15,"xAdvance":12,"rect":{"x":239,"y":0,"width":11,"height":24}},"7865":{"xOffset":0,"yOffset":20,"xAdvance":13,"rect":{"x":201,"y":103,"width":12,"height":19}},"7866":{"xOffset":0,"yOffset":10,"xAdvance":13,"rect":{"x":176,"y":19,"width":12,"height":24}},"7867":{"xOffset":0,"yOffset":13,"xAdvance":13,"rect":{"x":189,"y":61,"width":12,"height":21}},"7868":{"xOffset":0,"yOffset":11,"xAdvance":12,"rect":{"x":227,"y":147,"width":11,"height":23}},"7869":{"xOffset":0,"yOffset":15,"xAdvance":13,"rect":{"x":201,"y":83,"width":12,"height":19}},"7870":{"xOffset":0,"yOffset":9,"xAdvance":14,"rect":{"x":175,"y":59,"width":13,"height":25}},"7871":{"xOffset":0,"yOffset":12,"xAdvance":15,"rect":{"x":103,"y":20,"width":14,"height":22}},"7872":{"xOffset":0,"yOffset":10,"xAdvance":13,"rect":{"x":214,"y":166,"width":12,"height":24}},"7873":{"xOffset":0,"yOffset":12,"xAdvance":13,"rect":{"x":201,"y":164,"width":12,"height":22}},"7874":{"xOffset":0,"yOffset":9,"xAdvance":13,"rect":{"x":202,"y":38,"width":12,"height":25}},"7875":{"xOffset":0,"yOffset":12,"xAdvance":13,"rect":{"x":214,"y":85,"width":12,"height":22}},"7876":{"xOffset":0,"yOffset":8,"xAdvance":12,"rect":{"x":227,"y":0,"width":11,"height":26}},"7877":{"xOffset":0,"yOffset":12,"xAdvance":13,"rect":{"x":214,"y":108,"width":12,"height":22}},"7878":{"xOffset":0,"yOffset":11,"xAdvance":12,"rect":{"x":227,"y":27,"width":11,"height":28}},"7879":{"xOffset":0,"yOffset":14,"xAdvance":13,"rect":{"x":214,"y":212,"width":12,"height":25}},"7880":{"xOffset":0,"yOffset":10,"xAdvance":7,"rect":{"x":258,"y":156,"width":6,"height":24}},"7881":{"xOffset":0,"yOffset":13,"xAdvance":7,"rect":{"x":258,"y":134,"width":6,"height":21}},"7882":{"xOffset":0,"yOffset":15,"xAdvance":5,"rect":{"x":265,"y":115,"width":4,"height":24}},"7883":{"xOffset":0,"yOffset":14,"xAdvance":6,"rect":{"x":259,"y":70,"width":5,"height":25}},"7884":{"xOffset":0,"yOffset":15,"xAdvance":17,"rect":{"x":23,"y":0,"width":16,"height":24}},"7885":{"xOffset":0,"yOffset":20,"xAdvance":14,"rect":{"x":135,"y":0,"width":13,"height":19}},"7886":{"xOffset":0,"yOffset":10,"xAdvance":17,"rect":{"x":36,"y":187,"width":16,"height":24}},"7887":{"xOffset":0,"yOffset":13,"xAdvance":14,"rect":{"x":118,"y":174,"width":13,"height":21}},"7888":{"xOffset":0,"yOffset":9,"xAdvance":17,"rect":{"x":36,"y":93,"width":16,"height":25}},"7889":{"xOffset":0,"yOffset":12,"xAdvance":15,"rect":{"x":103,"y":43,"width":14,"height":22}},"7890":{"xOffset":0,"yOffset":10,"xAdvance":17,"rect":{"x":40,"y":0,"width":16,"height":24}},"7891":{"xOffset":0,"yOffset":12,"xAdvance":14,"rect":{"x":147,"y":106,"width":13,"height":22}},"7892":{"xOffset":0,"yOffset":9,"xAdvance":17,"rect":{"x":53,"y":211,"width":16,"height":25}},"7893":{"xOffset":0,"yOffset":12,"xAdvance":14,"rect":{"x":133,"y":106,"width":13,"height":22}},"7894":{"xOffset":0,"yOffset":8,"xAdvance":17,"rect":{"x":70,"y":101,"width":16,"height":26}},"7895":{"xOffset":0,"yOffset":12,"xAdvance":14,"rect":{"x":147,"y":129,"width":13,"height":22}},"7896":{"xOffset":0,"yOffset":11,"xAdvance":17,"rect":{"x":70,"y":72,"width":16,"height":28}},"7897":{"xOffset":0,"yOffset":14,"xAdvance":14,"rect":{"x":147,"y":152,"width":13,"height":25}},"7898":{"xOffset":0,"yOffset":11,"xAdvance":18,"rect":{"x":18,"y":113,"width":17,"height":23}},"7899":{"xOffset":0,"yOffset":14,"xAdvance":15,"rect":{"x":102,"y":197,"width":14,"height":20}},"7900":{"xOffset":0,"yOffset":11,"xAdvance":19,"rect":{"x":0,"y":89,"width":18,"height":23}},"7901":{"xOffset":0,"yOffset":14,"xAdvance":16,"rect":{"x":70,"y":221,"width":15,"height":20}},"7902":{"xOffset":0,"yOffset":10,"xAdvance":18,"rect":{"x":0,"y":213,"width":17,"height":24}},"7903":{"xOffset":0,"yOffset":13,"xAdvance":16,"rect":{"x":71,"y":49,"width":15,"height":21}},"7904":{"xOffset":0,"yOffset":11,"xAdvance":18,"rect":{"x":0,"y":189,"width":17,"height":23}},"7905":{"xOffset":0,"yOffset":15,"xAdvance":15,"rect":{"x":118,"y":85,"width":14,"height":19}},"7906":{"xOffset":0,"yOffset":13,"xAdvance":18,"rect":{"x":18,"y":159,"width":17,"height":26}},"7907":{"xOffset":0,"yOffset":17,"xAdvance":15,"rect":{"x":103,"y":66,"width":14,"height":22}},"7908":{"xOffset":0,"yOffset":15,"xAdvance":15,"rect":{"x":133,"y":40,"width":14,"height":24}},"7909":{"xOffset":0,"yOffset":20,"xAdvance":13,"rect":{"x":201,"y":144,"width":12,"height":19}},"7910":{"xOffset":0,"yOffset":10,"xAdvance":15,"rect":{"x":118,"y":125,"width":14,"height":24}},"7911":{"xOffset":0,"yOffset":13,"xAdvance":12,"rect":{"x":239,"y":45,"width":11,"height":21}},"7912":{"xOffset":0,"yOffset":11,"xAdvance":18,"rect":{"x":0,"y":141,"width":17,"height":23}},"7913":{"xOffset":0,"yOffset":14,"xAdvance":15,"rect":{"x":117,"y":197,"width":14,"height":20}},"7914":{"xOffset":0,"yOffset":11,"xAdvance":18,"rect":{"x":19,"y":69,"width":17,"height":23}},"7915":{"xOffset":0,"yOffset":14,"xAdvance":15,"rect":{"x":117,"y":218,"width":14,"height":20}},"7916":{"xOffset":0,"yOffset":10,"xAdvance":18,"rect":{"x":18,"y":186,"width":17,"height":24}},"7917":{"xOffset":0,"yOffset":13,"xAdvance":15,"rect":{"x":118,"y":20,"width":14,"height":21}},"7918":{"xOffset":0,"yOffset":11,"xAdvance":18,"rect":{"x":0,"y":165,"width":17,"height":23}},"7919":{"xOffset":0,"yOffset":15,"xAdvance":16,"rect":{"x":70,"y":128,"width":15,"height":19}},"7920":{"xOffset":0,"yOffset":12,"xAdvance":18,"rect":{"x":0,"y":113,"width":17,"height":27}},"7921":{"xOffset":0,"yOffset":17,"xAdvance":15,"rect":{"x":118,"y":62,"width":14,"height":22}},"7922":{"xOffset":0,"yOffset":11,"xAdvance":16,"rect":{"x":70,"y":148,"width":15,"height":23}},"7923":{"xOffset":0,"yOffset":14,"xAdvance":14,"rect":{"x":161,"y":109,"width":13,"height":26}},"7924":{"xOffset":0,"yOffset":15,"xAdvance":16,"rect":{"x":70,"y":172,"width":15,"height":24}},"7925":{"xOffset":0,"yOffset":20,"xAdvance":14,"rect":{"x":148,"y":20,"width":13,"height":19}},"7926":{"xOffset":0,"yOffset":10,"xAdvance":16,"rect":{"x":102,"y":131,"width":15,"height":24}},"7927":{"xOffset":0,"yOffset":13,"xAdvance":14,"rect":{"x":161,"y":183,"width":13,"height":27}},"7928":{"xOffset":0,"yOffset":11,"xAdvance":16,"rect":{"x":57,"y":0,"width":15,"height":23}},"7929":{"xOffset":0,"yOffset":15,"xAdvance":14,"rect":{"x":161,"y":157,"width":13,"height":25}}},"kerningDict":{}}]],0,0,[0],[0],[0]]
