[1,["f6+qphmodL9rPjiR+044/q@f9941"],["spriteFrame"],[["cc.BitmapFont",["_name","fontSize","fntConfig"],0]],[[0,0,1,2,4]],[[0,"font_count_down",32,{"commonHeight":80,"fontSize":32,"atlasName":"font_count_down.png","fontDefDictionary":{"9":{"xOffset":0,"yOffset":0,"xAdvance":160,"rect":{"x":0,"y":0,"width":0,"height":0}},"32":{"xOffset":0,"yOffset":0,"xAdvance":20,"rect":{"x":0,"y":0,"width":0,"height":0}},"48":{"xOffset":0,"yOffset":11,"xAdvance":46,"rect":{"x":0,"y":138,"width":45,"height":69}},"49":{"xOffset":0,"yOffset":12,"xAdvance":24,"rect":{"x":92,"y":70,"width":23,"height":67}},"50":{"xOffset":0,"yOffset":11,"xAdvance":43,"rect":{"x":91,"y":138,"width":42,"height":68}},"51":{"xOffset":0,"yOffset":11,"xAdvance":42,"rect":{"x":92,"y":0,"width":41,"height":69}},"52":{"xOffset":0,"yOffset":12,"xAdvance":50,"rect":{"x":0,"y":0,"width":49,"height":67}},"53":{"xOffset":0,"yOffset":12,"xAdvance":42,"rect":{"x":134,"y":0,"width":41,"height":68}},"54":{"xOffset":0,"yOffset":11,"xAdvance":47,"rect":{"x":0,"y":68,"width":46,"height":69}},"55":{"xOffset":0,"yOffset":12,"xAdvance":42,"rect":{"x":50,"y":0,"width":41,"height":67}},"56":{"xOffset":0,"yOffset":11,"xAdvance":45,"rect":{"x":47,"y":68,"width":44,"height":69}},"57":{"xOffset":0,"yOffset":11,"xAdvance":45,"rect":{"x":46,"y":138,"width":44,"height":69}},"58":{"xOffset":0,"yOffset":30,"xAdvance":14,"rect":{"x":116,"y":70,"width":13,"height":50}}},"kerningDict":{}}]],0,0,[0],[0],[0]]
