[1,["cfj2bJQj5DiacggjAFh2ot@f9941"],["spriteFrame"],[["cc.BitmapFont",["_name","fontSize","fntConfig"],0]],[[0,0,1,2,4]],[[0,"font_chu_vang",32,{"commonHeight":35,"fontSize":32,"atlasName":"font_chu_vang.png","fontDefDictionary":{"9":{"xOffset":0,"yOffset":0,"xAdvance":70,"rect":{"x":0,"y":0,"width":0,"height":0}},"32":{"xOffset":0,"yOffset":0,"xAdvance":7,"rect":{"x":0,"y":0,"width":0,"height":0}},"33":{"xOffset":0,"yOffset":14,"xAdvance":7,"rect":{"x":284,"y":0,"width":6,"height":21}},"34":{"xOffset":0,"yOffset":14,"xAdvance":10,"rect":{"x":209,"y":248,"width":9,"height":7}},"35":{"xOffset":0,"yOffset":14,"xAdvance":15,"rect":{"x":97,"y":84,"width":14,"height":21}},"36":{"xOffset":0,"yOffset":12,"xAdvance":15,"rect":{"x":69,"y":30,"width":14,"height":25}},"37":{"xOffset":0,"yOffset":14,"xAdvance":14,"rect":{"x":154,"y":197,"width":13,"height":21}},"38":{"xOffset":0,"yOffset":16,"xAdvance":17,"rect":{"x":0,"y":231,"width":16,"height":19}},"39":{"xOffset":0,"yOffset":14,"xAdvance":5,"rect":{"x":43,"y":180,"width":4,"height":7}},"40":{"xOffset":0,"yOffset":14,"xAdvance":9,"rect":{"x":282,"y":222,"width":8,"height":24}},"41":{"xOffset":0,"yOffset":14,"xAdvance":8,"rect":{"x":283,"y":141,"width":7,"height":23}},"42":{"xOffset":0,"yOffset":14,"xAdvance":13,"rect":{"x":82,"y":108,"width":12,"height":11}},"43":{"xOffset":0,"yOffset":19,"xAdvance":19,"rect":{"x":0,"y":110,"width":18,"height":16}},"44":{"xOffset":0,"yOffset":30,"xAdvance":8,"rect":{"x":67,"y":120,"width":7,"height":7}},"45":{"xOffset":0,"yOffset":24,"xAdvance":13,"rect":{"x":127,"y":98,"width":12,"height":5}},"46":{"xOffset":0,"yOffset":30,"xAdvance":7,"rect":{"x":81,"y":146,"width":6,"height":5}},"47":{"xOffset":0,"yOffset":14,"xAdvance":11,"rect":{"x":185,"y":0,"width":10,"height":21}},"48":{"xOffset":0,"yOffset":14,"xAdvance":13,"rect":{"x":248,"y":219,"width":12,"height":21}},"49":{"xOffset":0,"yOffset":14,"xAdvance":9,"rect":{"x":283,"y":24,"width":8,"height":21}},"50":{"xOffset":0,"yOffset":14,"xAdvance":13,"rect":{"x":261,"y":157,"width":12,"height":21}},"51":{"xOffset":0,"yOffset":14,"xAdvance":13,"rect":{"x":248,"y":136,"width":12,"height":21}},"52":{"xOffset":0,"yOffset":14,"xAdvance":15,"rect":{"x":95,"y":146,"width":14,"height":21}},"53":{"xOffset":0,"yOffset":14,"xAdvance":14,"rect":{"x":154,"y":219,"width":13,"height":21}},"54":{"xOffset":0,"yOffset":14,"xAdvance":13,"rect":{"x":261,"y":92,"width":12,"height":21}},"55":{"xOffset":0,"yOffset":14,"xAdvance":13,"rect":{"x":248,"y":114,"width":12,"height":21}},"56":{"xOffset":0,"yOffset":14,"xAdvance":13,"rect":{"x":248,"y":158,"width":12,"height":21}},"57":{"xOffset":0,"yOffset":14,"xAdvance":13,"rect":{"x":248,"y":197,"width":12,"height":21}},"58":{"xOffset":0,"yOffset":24,"xAdvance":7,"rect":{"x":95,"y":241,"width":6,"height":11}},"59":{"xOffset":0,"yOffset":24,"xAdvance":7,"rect":{"x":102,"y":241,"width":6,"height":13}},"60":{"xOffset":0,"yOffset":19,"xAdvance":19,"rect":{"x":0,"y":127,"width":18,"height":16}},"61":{"xOffset":0,"yOffset":22,"xAdvance":19,"rect":{"x":0,"y":144,"width":18,"height":9}},"62":{"xOffset":0,"yOffset":19,"xAdvance":19,"rect":{"x":0,"y":93,"width":18,"height":16}},"63":{"xOffset":0,"yOffset":14,"xAdvance":13,"rect":{"x":261,"y":135,"width":12,"height":21}},"64":{"xOffset":0,"yOffset":14,"xAdvance":25,"rect":{"x":0,"y":0,"width":24,"height":21}},"65":{"xOffset":0,"yOffset":14,"xAdvance":15,"rect":{"x":35,"y":130,"width":14,"height":21}},"66":{"xOffset":0,"yOffset":14,"xAdvance":14,"rect":{"x":155,"y":49,"width":13,"height":21}},"67":{"xOffset":0,"yOffset":14,"xAdvance":14,"rect":{"x":168,"y":177,"width":13,"height":21}},"68":{"xOffset":0,"yOffset":14,"xAdvance":14,"rect":{"x":182,"y":203,"width":13,"height":21}},"69":{"xOffset":0,"yOffset":14,"xAdvance":13,"rect":{"x":248,"y":54,"width":12,"height":21}},"70":{"xOffset":0,"yOffset":14,"xAdvance":13,"rect":{"x":235,"y":0,"width":12,"height":21}},"71":{"xOffset":0,"yOffset":14,"xAdvance":14,"rect":{"x":182,"y":225,"width":13,"height":21}},"72":{"xOffset":0,"yOffset":14,"xAdvance":14,"rect":{"x":157,"y":0,"width":13,"height":21}},"73":{"xOffset":0,"yOffset":14,"xAdvance":7,"rect":{"x":291,"y":68,"width":6,"height":21}},"74":{"xOffset":0,"yOffset":14,"xAdvance":13,"rect":{"x":222,"y":67,"width":12,"height":21}},"75":{"xOffset":0,"yOffset":14,"xAdvance":16,"rect":{"x":17,"y":215,"width":15,"height":21}},"76":{"xOffset":0,"yOffset":14,"xAdvance":13,"rect":{"x":222,"y":23,"width":12,"height":21}},"77":{"xOffset":0,"yOffset":14,"xAdvance":18,"rect":{"x":0,"y":154,"width":17,"height":21}},"78":{"xOffset":0,"yOffset":14,"xAdvance":15,"rect":{"x":95,"y":219,"width":14,"height":21}},"79":{"xOffset":0,"yOffset":14,"xAdvance":14,"rect":{"x":171,"y":0,"width":13,"height":21}},"80":{"xOffset":0,"yOffset":14,"xAdvance":14,"rect":{"x":155,"y":71,"width":13,"height":21}},"81":{"xOffset":0,"yOffset":14,"xAdvance":16,"rect":{"x":51,"y":107,"width":15,"height":21}},"82":{"xOffset":0,"yOffset":14,"xAdvance":15,"rect":{"x":125,"y":203,"width":14,"height":21}},"83":{"xOffset":0,"yOffset":14,"xAdvance":14,"rect":{"x":182,"y":181,"width":13,"height":21}},"84":{"xOffset":0,"yOffset":14,"xAdvance":13,"rect":{"x":99,"y":31,"width":12,"height":21}},"85":{"xOffset":0,"yOffset":14,"xAdvance":13,"rect":{"x":183,"y":22,"width":12,"height":21}},"86":{"xOffset":0,"yOffset":14,"xAdvance":15,"rect":{"x":126,"y":104,"width":14,"height":21}},"87":{"xOffset":0,"yOffset":14,"xAdvance":21,"rect":{"x":0,"y":39,"width":20,"height":21}},"88":{"xOffset":0,"yOffset":14,"xAdvance":16,"rect":{"x":33,"y":188,"width":15,"height":21}},"89":{"xOffset":0,"yOffset":14,"xAdvance":16,"rect":{"x":25,"y":0,"width":15,"height":21}},"90":{"xOffset":0,"yOffset":14,"xAdvance":13,"rect":{"x":235,"y":100,"width":12,"height":21}},"91":{"xOffset":0,"yOffset":14,"xAdvance":9,"rect":{"x":274,"y":151,"width":8,"height":23}},"92":{"xOffset":0,"yOffset":14,"xAdvance":11,"rect":{"x":261,"y":205,"width":10,"height":21}},"93":{"xOffset":0,"yOffset":14,"xAdvance":8,"rect":{"x":283,"y":46,"width":7,"height":23}},"94":{"xOffset":0,"yOffset":14,"xAdvance":19,"rect":{"x":0,"y":78,"width":18,"height":14}},"95":{"xOffset":0,"yOffset":34,"xAdvance":18,"rect":{"x":0,"y":176,"width":17,"height":4}},"96":{"xOffset":0,"yOffset":14,"xAdvance":9,"rect":{"x":34,"y":180,"width":8,"height":6}},"97":{"xOffset":0,"yOffset":19,"xAdvance":13,"rect":{"x":169,"y":75,"width":12,"height":16}},"98":{"xOffset":0,"yOffset":14,"xAdvance":13,"rect":{"x":222,"y":111,"width":12,"height":21}},"99":{"xOffset":0,"yOffset":19,"xAdvance":13,"rect":{"x":141,"y":109,"width":12,"height":16}},"100":{"xOffset":0,"yOffset":14,"xAdvance":14,"rect":{"x":127,"y":49,"width":13,"height":21}},"101":{"xOffset":0,"yOffset":19,"xAdvance":14,"rect":{"x":68,"y":56,"width":13,"height":16}},"102":{"xOffset":0,"yOffset":14,"xAdvance":11,"rect":{"x":261,"y":227,"width":10,"height":21}},"103":{"xOffset":0,"yOffset":19,"xAdvance":13,"rect":{"x":196,"y":231,"width":12,"height":21}},"104":{"xOffset":0,"yOffset":14,"xAdvance":13,"rect":{"x":209,"y":226,"width":12,"height":21}},"105":{"xOffset":0,"yOffset":14,"xAdvance":8,"rect":{"x":283,"y":187,"width":7,"height":21}},"106":{"xOffset":0,"yOffset":14,"xAdvance":9,"rect":{"x":274,"y":77,"width":8,"height":26}},"107":{"xOffset":0,"yOffset":14,"xAdvance":15,"rect":{"x":80,"y":234,"width":14,"height":21}},"108":{"xOffset":0,"yOffset":14,"xAdvance":8,"rect":{"x":283,"y":70,"width":7,"height":21}},"109":{"xOffset":0,"yOffset":19,"xAdvance":20,"rect":{"x":0,"y":61,"width":19,"height":16}},"110":{"xOffset":0,"yOffset":19,"xAdvance":14,"rect":{"x":50,"y":161,"width":13,"height":16}},"111":{"xOffset":0,"yOffset":19,"xAdvance":13,"rect":{"x":235,"y":52,"width":12,"height":16}},"112":{"xOffset":0,"yOffset":19,"xAdvance":13,"rect":{"x":261,"y":0,"width":12,"height":21}},"113":{"xOffset":0,"yOffset":19,"xAdvance":14,"rect":{"x":154,"y":148,"width":13,"height":21}},"114":{"xOffset":0,"yOffset":19,"xAdvance":11,"rect":{"x":272,"y":205,"width":10,"height":16}},"115":{"xOffset":0,"yOffset":19,"xAdvance":13,"rect":{"x":248,"y":76,"width":12,"height":16}},"116":{"xOffset":0,"yOffset":16,"xAdvance":11,"rect":{"x":41,"y":0,"width":10,"height":19}},"117":{"xOffset":0,"yOffset":19,"xAdvance":14,"rect":{"x":62,"y":237,"width":13,"height":16}},"118":{"xOffset":0,"yOffset":19,"xAdvance":15,"rect":{"x":32,"y":237,"width":14,"height":16}},"119":{"xOffset":0,"yOffset":19,"xAdvance":21,"rect":{"x":0,"y":22,"width":20,"height":16}},"120":{"xOffset":0,"yOffset":19,"xAdvance":15,"rect":{"x":47,"y":236,"width":14,"height":16}},"121":{"xOffset":0,"yOffset":19,"xAdvance":15,"rect":{"x":125,"y":154,"width":14,"height":21}},"122":{"xOffset":0,"yOffset":19,"xAdvance":13,"rect":{"x":248,"y":180,"width":12,"height":16}},"123":{"xOffset":0,"yOffset":14,"xAdvance":10,"rect":{"x":274,"y":0,"width":9,"height":23}},"124":{"xOffset":0,"yOffset":13,"xAdvance":6,"rect":{"x":291,"y":90,"width":5,"height":27}},"125":{"xOffset":0,"yOffset":14,"xAdvance":10,"rect":{"x":272,"y":222,"width":9,"height":23}},"126":{"xOffset":0,"yOffset":24,"xAdvance":17,"rect":{"x":17,"y":181,"width":16,"height":6}},"192":{"xOffset":0,"yOffset":9,"xAdvance":15,"rect":{"x":65,"y":210,"width":14,"height":26}},"193":{"xOffset":0,"yOffset":9,"xAdvance":15,"rect":{"x":66,"y":129,"width":14,"height":26}},"194":{"xOffset":0,"yOffset":10,"xAdvance":16,"rect":{"x":53,"y":0,"width":15,"height":25}},"195":{"xOffset":0,"yOffset":10,"xAdvance":15,"rect":{"x":80,"y":186,"width":14,"height":25}},"200":{"xOffset":0,"yOffset":9,"xAdvance":13,"rect":{"x":248,"y":0,"width":12,"height":26}},"201":{"xOffset":0,"yOffset":9,"xAdvance":13,"rect":{"x":248,"y":27,"width":12,"height":26}},"202":{"xOffset":0,"yOffset":10,"xAdvance":14,"rect":{"x":168,"y":123,"width":13,"height":25}},"204":{"xOffset":0,"yOffset":10,"xAdvance":9,"rect":{"x":274,"y":24,"width":8,"height":25}},"205":{"xOffset":0,"yOffset":9,"xAdvance":9,"rect":{"x":274,"y":175,"width":8,"height":26}},"210":{"xOffset":0,"yOffset":9,"xAdvance":14,"rect":{"x":169,"y":22,"width":13,"height":26}},"211":{"xOffset":0,"yOffset":9,"xAdvance":14,"rect":{"x":168,"y":225,"width":13,"height":26}},"212":{"xOffset":0,"yOffset":10,"xAdvance":15,"rect":{"x":96,"y":108,"width":14,"height":25}},"213":{"xOffset":0,"yOffset":10,"xAdvance":14,"rect":{"x":169,"y":49,"width":13,"height":25}},"217":{"xOffset":0,"yOffset":9,"xAdvance":14,"rect":{"x":182,"y":154,"width":13,"height":26}},"218":{"xOffset":0,"yOffset":9,"xAdvance":13,"rect":{"x":196,"y":0,"width":12,"height":26}},"221":{"xOffset":0,"yOffset":9,"xAdvance":16,"rect":{"x":21,"y":50,"width":15,"height":26}},"224":{"xOffset":0,"yOffset":14,"xAdvance":14,"rect":{"x":140,"y":218,"width":13,"height":21}},"225":{"xOffset":0,"yOffset":14,"xAdvance":13,"rect":{"x":222,"y":45,"width":12,"height":21}},"226":{"xOffset":0,"yOffset":14,"xAdvance":14,"rect":{"x":140,"y":174,"width":13,"height":21}},"227":{"xOffset":0,"yOffset":15,"xAdvance":13,"rect":{"x":209,"y":183,"width":12,"height":20}},"232":{"xOffset":0,"yOffset":14,"xAdvance":13,"rect":{"x":222,"y":89,"width":12,"height":21}},"233":{"xOffset":0,"yOffset":14,"xAdvance":14,"rect":{"x":141,"y":66,"width":13,"height":21}},"234":{"xOffset":0,"yOffset":14,"xAdvance":13,"rect":{"x":196,"y":128,"width":12,"height":21}},"236":{"xOffset":0,"yOffset":14,"xAdvance":8,"rect":{"x":283,"y":165,"width":7,"height":21}},"237":{"xOffset":0,"yOffset":14,"xAdvance":7,"rect":{"x":291,"y":46,"width":6,"height":21}},"242":{"xOffset":0,"yOffset":14,"xAdvance":13,"rect":{"x":261,"y":48,"width":12,"height":21}},"243":{"xOffset":0,"yOffset":14,"xAdvance":13,"rect":{"x":235,"y":153,"width":12,"height":21}},"244":{"xOffset":0,"yOffset":14,"xAdvance":13,"rect":{"x":261,"y":70,"width":12,"height":21}},"245":{"xOffset":0,"yOffset":15,"xAdvance":13,"rect":{"x":248,"y":93,"width":12,"height":20}},"249":{"xOffset":0,"yOffset":14,"xAdvance":14,"rect":{"x":141,"y":23,"width":13,"height":21}},"250":{"xOffset":0,"yOffset":14,"xAdvance":14,"rect":{"x":140,"y":196,"width":13,"height":21}},"253":{"xOffset":0,"yOffset":14,"xAdvance":15,"rect":{"x":125,"y":225,"width":14,"height":26}},"258":{"xOffset":0,"yOffset":10,"xAdvance":15,"rect":{"x":111,"y":106,"width":14,"height":25}},"259":{"xOffset":0,"yOffset":14,"xAdvance":13,"rect":{"x":209,"y":204,"width":12,"height":21}},"272":{"xOffset":0,"yOffset":14,"xAdvance":15,"rect":{"x":95,"y":168,"width":14,"height":21}},"273":{"xOffset":0,"yOffset":14,"xAdvance":15,"rect":{"x":125,"y":132,"width":14,"height":21}},"296":{"xOffset":0,"yOffset":10,"xAdvance":9,"rect":{"x":274,"y":125,"width":8,"height":25}},"297":{"xOffset":0,"yOffset":15,"xAdvance":9,"rect":{"x":274,"y":104,"width":8,"height":20}},"360":{"xOffset":0,"yOffset":10,"xAdvance":15,"rect":{"x":112,"y":57,"width":14,"height":25}},"361":{"xOffset":0,"yOffset":15,"xAdvance":14,"rect":{"x":141,"y":45,"width":13,"height":20}},"416":{"xOffset":0,"yOffset":13,"xAdvance":16,"rect":{"x":35,"y":107,"width":15,"height":22}},"417":{"xOffset":0,"yOffset":18,"xAdvance":14,"rect":{"x":154,"y":130,"width":13,"height":17}},"431":{"xOffset":0,"yOffset":13,"xAdvance":17,"rect":{"x":0,"y":181,"width":16,"height":22}},"432":{"xOffset":0,"yOffset":18,"xAdvance":15,"rect":{"x":17,"y":237,"width":14,"height":17}},"7840":{"xOffset":0,"yOffset":14,"xAdvance":15,"rect":{"x":81,"y":120,"width":14,"height":25}},"7841":{"xOffset":0,"yOffset":19,"xAdvance":14,"rect":{"x":140,"y":153,"width":13,"height":20}},"7842":{"xOffset":0,"yOffset":9,"xAdvance":15,"rect":{"x":65,"y":161,"width":14,"height":26}},"7843":{"xOffset":0,"yOffset":13,"xAdvance":13,"rect":{"x":222,"y":0,"width":12,"height":22}},"7844":{"xOffset":0,"yOffset":5,"xAdvance":15,"rect":{"x":82,"y":56,"width":14,"height":30}},"7845":{"xOffset":0,"yOffset":9,"xAdvance":13,"rect":{"x":196,"y":80,"width":12,"height":26}},"7846":{"xOffset":0,"yOffset":5,"xAdvance":16,"rect":{"x":51,"y":76,"width":15,"height":30}},"7847":{"xOffset":0,"yOffset":9,"xAdvance":14,"rect":{"x":140,"y":126,"width":13,"height":26}},"7848":{"xOffset":0,"yOffset":5,"xAdvance":15,"rect":{"x":84,"y":0,"width":14,"height":30}},"7849":{"xOffset":0,"yOffset":9,"xAdvance":14,"rect":{"x":127,"y":71,"width":13,"height":26}},"7850":{"xOffset":0,"yOffset":5,"xAdvance":16,"rect":{"x":50,"y":130,"width":15,"height":30}},"7851":{"xOffset":0,"yOffset":10,"xAdvance":13,"rect":{"x":196,"y":54,"width":12,"height":25}},"7852":{"xOffset":0,"yOffset":10,"xAdvance":16,"rect":{"x":49,"y":206,"width":15,"height":29}},"7853":{"xOffset":0,"yOffset":14,"xAdvance":13,"rect":{"x":183,"y":44,"width":12,"height":25}},"7854":{"xOffset":0,"yOffset":7,"xAdvance":15,"rect":{"x":110,"y":225,"width":14,"height":28}},"7855":{"xOffset":0,"yOffset":10,"xAdvance":13,"rect":{"x":209,"y":78,"width":12,"height":25}},"7856":{"xOffset":0,"yOffset":7,"xAdvance":15,"rect":{"x":95,"y":190,"width":14,"height":28}},"7857":{"xOffset":0,"yOffset":10,"xAdvance":13,"rect":{"x":209,"y":104,"width":12,"height":25}},"7858":{"xOffset":0,"yOffset":6,"xAdvance":15,"rect":{"x":69,"y":0,"width":14,"height":29}},"7859":{"xOffset":0,"yOffset":9,"xAdvance":13,"rect":{"x":209,"y":156,"width":12,"height":26}},"7860":{"xOffset":0,"yOffset":6,"xAdvance":16,"rect":{"x":35,"y":77,"width":15,"height":29}},"7861":{"xOffset":0,"yOffset":10,"xAdvance":13,"rect":{"x":209,"y":130,"width":12,"height":25}},"7862":{"xOffset":0,"yOffset":10,"xAdvance":15,"rect":{"x":80,"y":156,"width":14,"height":29}},"7863":{"xOffset":0,"yOffset":14,"xAdvance":13,"rect":{"x":209,"y":52,"width":12,"height":25}},"7864":{"xOffset":0,"yOffset":14,"xAdvance":14,"rect":{"x":168,"y":199,"width":13,"height":25}},"7865":{"xOffset":0,"yOffset":19,"xAdvance":13,"rect":{"x":196,"y":107,"width":12,"height":20}},"7866":{"xOffset":0,"yOffset":9,"xAdvance":13,"rect":{"x":235,"y":224,"width":12,"height":26}},"7867":{"xOffset":0,"yOffset":13,"xAdvance":14,"rect":{"x":129,"y":0,"width":13,"height":22}},"7868":{"xOffset":0,"yOffset":10,"xAdvance":13,"rect":{"x":235,"y":198,"width":12,"height":25}},"7869":{"xOffset":0,"yOffset":15,"xAdvance":14,"rect":{"x":141,"y":88,"width":13,"height":20}},"7870":{"xOffset":0,"yOffset":5,"xAdvance":13,"rect":{"x":235,"y":122,"width":12,"height":30}},"7871":{"xOffset":0,"yOffset":9,"xAdvance":13,"rect":{"x":196,"y":150,"width":12,"height":26}},"7872":{"xOffset":0,"yOffset":5,"xAdvance":13,"rect":{"x":222,"y":133,"width":12,"height":30}},"7873":{"xOffset":0,"yOffset":9,"xAdvance":13,"rect":{"x":196,"y":177,"width":12,"height":26}},"7874":{"xOffset":0,"yOffset":5,"xAdvance":13,"rect":{"x":235,"y":69,"width":12,"height":30}},"7875":{"xOffset":0,"yOffset":9,"xAdvance":13,"rect":{"x":196,"y":204,"width":12,"height":26}},"7876":{"xOffset":0,"yOffset":6,"xAdvance":14,"rect":{"x":168,"y":93,"width":13,"height":29}},"7877":{"xOffset":0,"yOffset":10,"xAdvance":13,"rect":{"x":209,"y":0,"width":12,"height":25}},"7878":{"xOffset":0,"yOffset":10,"xAdvance":13,"rect":{"x":235,"y":22,"width":12,"height":29}},"7879":{"xOffset":0,"yOffset":14,"xAdvance":13,"rect":{"x":209,"y":26,"width":12,"height":25}},"7880":{"xOffset":0,"yOffset":9,"xAdvance":9,"rect":{"x":274,"y":50,"width":8,"height":26}},"7881":{"xOffset":0,"yOffset":13,"xAdvance":8,"rect":{"x":283,"y":118,"width":7,"height":22}},"7882":{"xOffset":0,"yOffset":14,"xAdvance":6,"rect":{"x":291,"y":118,"width":5,"height":25}},"7883":{"xOffset":0,"yOffset":14,"xAdvance":8,"rect":{"x":283,"y":92,"width":7,"height":25}},"7884":{"xOffset":0,"yOffset":14,"xAdvance":14,"rect":{"x":182,"y":101,"width":13,"height":25}},"7885":{"xOffset":0,"yOffset":19,"xAdvance":13,"rect":{"x":261,"y":114,"width":12,"height":20}},"7886":{"xOffset":0,"yOffset":9,"xAdvance":14,"rect":{"x":182,"y":127,"width":13,"height":26}},"7887":{"xOffset":0,"yOffset":13,"xAdvance":13,"rect":{"x":235,"y":175,"width":12,"height":22}},"7888":{"xOffset":0,"yOffset":5,"xAdvance":15,"rect":{"x":97,"y":53,"width":14,"height":30}},"7889":{"xOffset":0,"yOffset":9,"xAdvance":13,"rect":{"x":222,"y":218,"width":12,"height":26}},"7890":{"xOffset":0,"yOffset":5,"xAdvance":15,"rect":{"x":99,"y":0,"width":14,"height":30}},"7891":{"xOffset":0,"yOffset":9,"xAdvance":13,"rect":{"x":222,"y":164,"width":12,"height":26}},"7892":{"xOffset":0,"yOffset":5,"xAdvance":15,"rect":{"x":110,"y":134,"width":14,"height":30}},"7893":{"xOffset":0,"yOffset":9,"xAdvance":13,"rect":{"x":222,"y":191,"width":12,"height":26}},"7894":{"xOffset":0,"yOffset":6,"xAdvance":15,"rect":{"x":110,"y":165,"width":14,"height":29}},"7895":{"xOffset":0,"yOffset":10,"xAdvance":13,"rect":{"x":261,"y":179,"width":12,"height":25}},"7896":{"xOffset":0,"yOffset":10,"xAdvance":15,"rect":{"x":110,"y":195,"width":14,"height":29}},"7897":{"xOffset":0,"yOffset":14,"xAdvance":13,"rect":{"x":261,"y":22,"width":12,"height":25}},"7898":{"xOffset":0,"yOffset":9,"xAdvance":16,"rect":{"x":37,"y":49,"width":15,"height":26}},"7899":{"xOffset":0,"yOffset":14,"xAdvance":15,"rect":{"x":53,"y":53,"width":14,"height":21}},"7900":{"xOffset":0,"yOffset":9,"xAdvance":16,"rect":{"x":34,"y":153,"width":15,"height":26}},"7901":{"xOffset":0,"yOffset":14,"xAdvance":15,"rect":{"x":65,"y":188,"width":14,"height":21}},"7902":{"xOffset":0,"yOffset":9,"xAdvance":16,"rect":{"x":19,"y":100,"width":15,"height":26}},"7903":{"xOffset":0,"yOffset":13,"xAdvance":15,"rect":{"x":67,"y":75,"width":14,"height":22}},"7904":{"xOffset":0,"yOffset":10,"xAdvance":16,"rect":{"x":49,"y":180,"width":15,"height":25}},"7905":{"xOffset":0,"yOffset":15,"xAdvance":15,"rect":{"x":82,"y":87,"width":14,"height":20}},"7906":{"xOffset":0,"yOffset":13,"xAdvance":15,"rect":{"x":125,"y":176,"width":14,"height":26}},"7907":{"xOffset":0,"yOffset":18,"xAdvance":15,"rect":{"x":84,"y":31,"width":14,"height":21}},"7908":{"xOffset":0,"yOffset":14,"xAdvance":14,"rect":{"x":182,"y":75,"width":13,"height":25}},"7909":{"xOffset":0,"yOffset":19,"xAdvance":14,"rect":{"x":154,"y":109,"width":13,"height":20}},"7910":{"xOffset":0,"yOffset":9,"xAdvance":14,"rect":{"x":154,"y":170,"width":13,"height":26}},"7911":{"xOffset":0,"yOffset":13,"xAdvance":14,"rect":{"x":143,"y":0,"width":13,"height":22}},"7912":{"xOffset":0,"yOffset":9,"xAdvance":16,"rect":{"x":53,"y":26,"width":15,"height":26}},"7913":{"xOffset":0,"yOffset":14,"xAdvance":16,"rect":{"x":19,"y":78,"width":15,"height":21}},"7914":{"xOffset":0,"yOffset":9,"xAdvance":16,"rect":{"x":37,"y":22,"width":15,"height":26}},"7915":{"xOffset":0,"yOffset":14,"xAdvance":16,"rect":{"x":18,"y":154,"width":15,"height":21}},"7916":{"xOffset":0,"yOffset":9,"xAdvance":17,"rect":{"x":0,"y":204,"width":16,"height":26}},"7917":{"xOffset":0,"yOffset":13,"xAdvance":14,"rect":{"x":127,"y":26,"width":13,"height":22}},"7918":{"xOffset":0,"yOffset":10,"xAdvance":16,"rect":{"x":33,"y":210,"width":15,"height":25}},"7919":{"xOffset":0,"yOffset":15,"xAdvance":15,"rect":{"x":112,"y":83,"width":14,"height":20}},"7920":{"xOffset":0,"yOffset":13,"xAdvance":16,"rect":{"x":17,"y":188,"width":15,"height":26}},"7921":{"xOffset":0,"yOffset":18,"xAdvance":15,"rect":{"x":80,"y":212,"width":14,"height":21}},"7922":{"xOffset":0,"yOffset":10,"xAdvance":16,"rect":{"x":19,"y":127,"width":15,"height":25}},"7923":{"xOffset":0,"yOffset":14,"xAdvance":13,"rect":{"x":196,"y":27,"width":12,"height":26}},"7924":{"xOffset":0,"yOffset":14,"xAdvance":15,"rect":{"x":112,"y":31,"width":14,"height":25}},"7925":{"xOffset":0,"yOffset":19,"xAdvance":15,"rect":{"x":67,"y":98,"width":14,"height":21}},"7926":{"xOffset":0,"yOffset":8,"xAdvance":16,"rect":{"x":21,"y":22,"width":15,"height":27}},"7927":{"xOffset":0,"yOffset":13,"xAdvance":14,"rect":{"x":168,"y":149,"width":13,"height":27}},"7928":{"xOffset":0,"yOffset":10,"xAdvance":15,"rect":{"x":114,"y":0,"width":14,"height":25}},"7929":{"xOffset":0,"yOffset":15,"xAdvance":14,"rect":{"x":155,"y":23,"width":13,"height":25}}},"kerningDict":{}}]],0,0,[0],[0],[0]]
