[1,["baK9ABnlROA6exmtpiFoER"],0,[["sp.SkeletonData",["_name","_atlasText","textureNames","_skeletonJson","textures"],-1,3]],[[0,0,1,2,3,4,5]],[[0,"skeleton","\nskeleton.png\nsize: 2048,512\nformat: RGBA8888\nfilter: Linear,Linear\nrepeat: none\nFlare_\n  rotate: false\n  xy: 1150, 363\n  size: 320, 147\n  orig: 320, 147\n  offset: 0, 0\n  index: -1\nRay Up /ray_00024\n  rotate: true\n  xy: 2, 2\n  size: 50, 100\n  orig: 50, 100\n  offset: 0, 0\n  index: -1\nRay Up /ray_00025\n  rotate: true\n  xy: 104, 2\n  size: 50, 100\n  orig: 50, 100\n  offset: 0, 0\n  index: -1\nRay Up /ray_00026\n  rotate: false\n  xy: 1683, 261\n  size: 50, 100\n  orig: 50, 100\n  offset: 0, 0\n  index: -1\nRay Up /ray_00027\n  rotate: true\n  xy: 1735, 271\n  size: 50, 100\n  orig: 50, 100\n  offset: 0, 0\n  index: -1\nRay Up /ray_00028\n  rotate: true\n  xy: 1837, 271\n  size: 50, 100\n  orig: 50, 100\n  offset: 0, 0\n  index: -1\nRay Up /ray_00029\n  rotate: true\n  xy: 1557, 191\n  size: 50, 100\n  orig: 50, 100\n  offset: 0, 0\n  index: -1\nRay Up /ray_00030\n  rotate: true\n  xy: 535, 91\n  size: 50, 100\n  orig: 50, 100\n  offset: 0, 0\n  index: -1\nRay Up /ray_00031\n  rotate: true\n  xy: 637, 91\n  size: 50, 100\n  orig: 50, 100\n  offset: 0, 0\n  index: -1\nRay Up /ray_00032\n  rotate: true\n  xy: 739, 91\n  size: 50, 100\n  orig: 50, 100\n  offset: 0, 0\n  index: -1\nRay Up /ray_00033\n  rotate: true\n  xy: 535, 39\n  size: 50, 100\n  orig: 50, 100\n  offset: 0, 0\n  index: -1\nRay Up /ray_00034\n  rotate: true\n  xy: 637, 39\n  size: 50, 100\n  orig: 50, 100\n  offset: 0, 0\n  index: -1\nRay Up /ray_00035\n  rotate: true\n  xy: 739, 39\n  size: 50, 100\n  orig: 50, 100\n  offset: 0, 0\n  index: -1\nRay Up /ray_00036\n  rotate: false\n  xy: 842, 204\n  size: 50, 100\n  orig: 50, 100\n  offset: 0, 0\n  index: -1\nRay Up /ray_00037\n  rotate: false\n  xy: 894, 208\n  size: 50, 100\n  orig: 50, 100\n  offset: 0, 0\n  index: -1\nRay Up /ray_00038\n  rotate: false\n  xy: 946, 208\n  size: 50, 100\n  orig: 50, 100\n  offset: 0, 0\n  index: -1\nRay Up /ray_00039\n  rotate: false\n  xy: 998, 208\n  size: 50, 100\n  orig: 50, 100\n  offset: 0, 0\n  index: -1\nRay Up /ray_00040\n  rotate: false\n  xy: 1050, 208\n  size: 50, 100\n  orig: 50, 100\n  offset: 0, 0\n  index: -1\nRay Up /ray_00041\n  rotate: false\n  xy: 842, 102\n  size: 50, 100\n  orig: 50, 100\n  offset: 0, 0\n  index: -1\nRay Up /ray_00042\n  rotate: false\n  xy: 894, 106\n  size: 50, 100\n  orig: 50, 100\n  offset: 0, 0\n  index: -1\nRay Up /ray_00043\n  rotate: false\n  xy: 946, 106\n  size: 50, 100\n  orig: 50, 100\n  offset: 0, 0\n  index: -1\nRay Up /ray_00044\n  rotate: false\n  xy: 998, 106\n  size: 50, 100\n  orig: 50, 100\n  offset: 0, 0\n  index: -1\nRay Up /ray_00045\n  rotate: false\n  xy: 1050, 106\n  size: 50, 100\n  orig: 50, 100\n  offset: 0, 0\n  index: -1\nRay Up /ray_00046\n  rotate: true\n  xy: 919, 54\n  size: 50, 100\n  orig: 50, 100\n  offset: 0, 0\n  index: -1\nRay Up /ray_00047\n  rotate: true\n  xy: 919, 2\n  size: 50, 100\n  orig: 50, 100\n  offset: 0, 0\n  index: -1\nbaseAB\n  rotate: false\n  xy: 284, 145\n  size: 275, 365\n  orig: 275, 365\n  offset: 0, 0\n  index: -1\nbehind\n  rotate: false\n  xy: 1747, 323\n  size: 235, 187\n  orig: 235, 187\n  offset: 0, 0\n  index: -1\nborderAB\n  rotate: false\n  xy: 2, 140\n  size: 280, 370\n  orig: 280, 370\n  offset: 0, 0\n  index: -1\nburning\n  rotate: false\n  xy: 2, 54\n  size: 283, 84\n  orig: 283, 84\n  offset: 0, 0\n  index: -1\ncar\n  rotate: false\n  xy: 1472, 363\n  size: 273, 147\n  orig: 273, 147\n  offset: 0, 0\n  index: -1\nframeAB\n  rotate: false\n  xy: 561, 143\n  size: 279, 161\n  orig: 279, 161\n  offset: 0, 0\n  index: -1\nglass\n  rotate: false\n  xy: 867, 310\n  size: 281, 200\n  orig: 281, 200\n  offset: 0, 0\n  index: -1\nl\n  rotate: true\n  xy: 1984, 348\n  size: 162, 39\n  orig: 162, 39\n  offset: 0, 0\n  index: -1\np\n  rotate: false\n  xy: 206, 22\n  size: 14, 30\n  orig: 14, 30\n  offset: 0, 0\n  index: -1\npa_1\n  rotate: false\n  xy: 1390, 204\n  size: 165, 157\n  orig: 165, 157\n  offset: 0, 0\n  index: -1\npa_2\n  rotate: false\n  xy: 841, 29\n  size: 76, 71\n  orig: 76, 71\n  offset: 0, 0\n  index: -1\npa_3\n  rotate: false\n  xy: 1021, 50\n  size: 58, 54\n  orig: 58, 54\n  offset: 0, 0\n  index: -1\npa_4\n  rotate: false\n  xy: 1557, 243\n  size: 124, 118\n  orig: 124, 118\n  offset: 0, 0\n  index: -1\nrace\n  rotate: false\n  xy: 287, 44\n  size: 246, 99\n  orig: 246, 99\n  offset: 0, 0\n  index: -1\nrace effect\n  rotate: false\n  xy: 1150, 297\n  size: 238, 64\n  orig: 238, 64\n  offset: 0, 0\n  index: -1\nshadow\n  rotate: false\n  xy: 561, 306\n  size: 304, 204\n  orig: 304, 204\n  offset: 0, 0\n  index: -1\n",["skeleton.png"],{"skeleton":{"hash":"SKMFul9XBgro1lmUd3VnUpjoSPY","spine":"3.7.94","width":304,"height":431.87,"images":"","audio":""},"bones":[{"name":"root"},{"name":"bone","parent":"root","length":90.19,"rotation":179.6,"x":-0.16,"y":43.37,"color":"00ff0aff"},{"name":"bone2","parent":"root","length":123.78,"rotation":179.71,"x":-1.41,"y":111.26,"color":"7cff00ff"},{"name":"bone3","parent":"root","length":108.85,"rotation":179.67,"x":-2.65,"y":138.62,"color":"f3ff00ff"},{"name":"bone4","parent":"root","length":77.11,"rotation":-160.69,"x":34.05,"y":-13.77},{"name":"bone5","parent":"root","length":38.27,"rotation":-135.66,"x":-124.56,"y":167.86,"color":"4900fdff"},{"name":"bone6","parent":"root","length":45.75,"rotation":-136.1,"x":-117.1,"y":157.91,"color":"0051ffff"},{"name":"bone7","parent":"root","length":68.21,"rotation":43.15,"x":90.03,"y":-141.28,"color":"fa00ffff"},{"name":"bone8","parent":"root","length":57.63,"rotation":46.31,"x":108.69,"y":-159.94,"color":"00b7ffff"},{"name":"p","parent":"root","length":12.25,"rotation":81.87,"x":224.33,"y":82.53,"scaleX":0.559,"color":"ff0000ff"},{"name":"p2","parent":"p","length":12.36,"rotation":3.99,"x":11.62,"y":0.06,"color":"ff0000ff"},{"name":"bone9","parent":"root","length":28.31,"rotation":-88.41,"x":35.65,"y":-48.75,"scaleX":4.307,"scaleY":5.085,"color":"00065bff"}],"slots":[{"name":"baseAB","bone":"root","attachment":"baseAB"},{"name":"rayup","bone":"bone9","attachment":"Ray Up /ray_00047","blend":"additive"},{"name":"car","bone":"bone4","attachment":"car"},{"name":"l","bone":"root","attachment":"l"},{"name":"behind","bone":"root","attachment":"behind"},{"name":"shadow","bone":"root","attachment":"shadow"},{"name":"burning","bone":"root","attachment":"burning"},{"name":"burning2","bone":"root","attachment":"burning","blend":"additive"},{"name":"race","bone":"root","attachment":"race"},{"name":"p","bone":"root","color":"ffffff85","attachment":"p","blend":"additive"},{"name":"clip","bone":"root","attachment":"clip"},{"name":"Flare_","bone":"root","attachment":"Flare_","blend":"additive"},{"name":"pa_1","bone":"root","attachment":"pa_1"},{"name":"pa_2","bone":"root","attachment":"pa_2"},{"name":"pa_3","bone":"root","attachment":"pa_3"},{"name":"pa_4","bone":"root","attachment":"pa_4"},{"name":"borderAB","bone":"root","attachment":"borderAB"},{"name":"glass","bone":"root","attachment":"glass","blend":"screen"},{"name":"frameAB","bone":"root","attachment":"frameAB"},{"name":"path","bone":"bone","attachment":"path"},{"name":"race effect","bone":"bone","attachment":"race effect6","blend":"additive"}],"path":[{"name":"path","order":0,"target":"path","bones":["p","p2"]}],"skins":{"default":{"Flare_":{"Flare_":{"type":"mesh","hull":4,"width":320,"height":147,"uvs":[1,1,0,1,0,0,1,0],"triangles":[1,2,3,1,3,0],"vertices":[1,3,-163.07,72.71,1,1,3,156.92,74.54,1,1,3,157.76,-72.46,1,1,3,-162.23,-74.29,1],"edges":[0,2,2,4,4,6,0,6]}},"baseAB":{"baseAB":{"type":"mesh","hull":4,"width":275,"height":365,"uvs":[1,1,0,1,0,0,1,0],"triangles":[1,2,3,1,3,0],"vertices":[138,-182,-137,-182,-137,183,138,183],"edges":[0,2,2,4,4,6,0,6]}},"behind":{"behind":{"type":"mesh","hull":4,"width":235,"height":187,"uvs":[1,1,0,1,0,0,1,0],"triangles":[1,2,3,1,3,0],"vertices":[118,-27.58,-117,-27.58,-117,159.42,118,159.42],"edges":[0,2,2,4,4,6,0,6]}},"borderAB":{"borderAB":{"type":"mesh","hull":4,"width":280,"height":370,"uvs":[1,1,0,1,0,0,1,0],"triangles":[1,2,3,1,3,0],"vertices":[139.47,-185,-140.53,-185,-140.53,185,139.47,185],"edges":[0,2,2,4,4,6,0,6]}},"burning":{"burning":{"type":"mesh","hull":4,"width":283,"height":84,"uvs":[1,1,0,1,0,0,1,0],"triangles":[1,2,3,1,3,0],"vertices":[1,2,-143.65,48.01,1,1,2,139.35,49.43,1,1,2,139.77,-34.57,1,1,2,-143.23,-35.99,1],"edges":[0,2,2,4,4,6,0,6]}},"burning2":{"burning":{"type":"mesh","hull":4,"width":283,"height":84,"uvs":[1,1,0,1,0,0,1,0],"triangles":[1,2,3,1,3,0],"vertices":[1,2,-143.65,48.01,1,1,2,139.35,49.43,1,1,2,139.77,-34.57,1,1,2,-143.23,-35.99,1],"edges":[0,2,2,4,4,6,0,6]}},"car":{"car":{"type":"mesh","hull":61,"width":273,"height":147,"uvs":[0.68541,0,0.64269,0.00495,0.57382,0.01628,0.51846,0.03166,0.47008,0.05595,0.39379,0.14661,0.38072,0.16766,0.37636,0.14661,0.34628,0.15714,0.32885,0.1879,0.33538,0.22918,0.30934,0.23182,0.26541,0.24035,0.2123,0.25861,0.14542,0.30001,0.09297,0.35237,0.06608,0.423,0.04772,0.48267,0.03264,0.53259,0.02871,0.57034,0,0.65801,0.01297,0.68967,0,0.73107,0.02477,0.7603,0.03002,0.79805,0.01625,0.82971,0.0156,0.86502,0.03684,0.9044,0.11722,0.93142,0.14628,0.93735,0.27034,0.96269,0.39283,0.98686,0.4751,1,0.57114,0.98478,0.6409,0.97352,0.65866,0.98836,0.68431,0.99206,0.72865,0.98882,0.77847,0.98512,0.80889,0.91913,0.81997,0.86428,0.82643,0.79828,0.82828,0.76485,0.90074,0.67313,0.91966,0.67999,0.97228,0.67605,0.98694,0.66061,0.99342,0.59145,0.99584,0.49373,0.99665,0.39751,0.99178,0.33143,0.97723,0.27273,0.96184,0.2141,0.95213,0.19375,0.95372,0.12322,0.92444,0.12322,0.89279,0.11881,0.85561,0.05269,0.82,0.02036,0.7662,0.00861,0.72427,0.00273,0.38946,0.23527,0.48612,0.23526,0.57174,0.23783,0.68636,0.24039,0.74728,0.24127,0.81755,0.24552,0.89903,0.23526,0.82584,0.09677,0.82584,0.16858,0.7704,0.31448,0.71094,0.46426,0.69326,0.61226,0.57036,0.57636,0.41017,0.55071,0.27622,0.53532,0.16574,0.51737,0.07598,0.53532,0.68222,0.76871,0.65322,0.88668,0.83381,0.66524,0.83965,0.5302,0.83641,0.42923,0.80177,0.39647,0.7775,0.443,0.7485,0.57379,0.73607,0.72254,0.73789,0.86418,0.75403,0.94567,0.96135,0.62201,0.95523,0.55157,0.95768,0.47659,0.96379,0.39252,0.9748,0.34481,0.59064,0.4107,0.44383,0.36753,0.30803,0.34481,0.20037,0.34481,0.12574,0.36299],"triangles":[68,58,57,68,57,56,8,7,6,69,68,56,68,59,58,53,55,54,6,10,9,6,9,8,63,62,4,5,4,62,6,5,62,53,67,56,53,56,55,67,53,52,69,56,67,61,6,62,10,6,61,63,3,2,63,4,3,64,0,60,1,0,64,68,64,60,59,68,60,68,65,64,63,2,1,64,63,1,69,65,68,66,65,69,66,69,67,67,52,51,70,65,66,13,98,14,12,98,13,11,98,12,10,98,11,97,10,61,96,97,61,96,61,62,93,67,51,93,51,50,98,15,14,97,98,10,95,96,62,95,62,63,67,93,83,83,70,66,93,50,49,92,93,49,94,63,64,95,63,94,16,15,98,67,83,66,92,82,93,93,82,83,83,71,70,84,83,82,64,70,94,70,64,65,84,71,83,71,94,70,91,82,92,91,92,49,48,91,49,76,98,97,77,16,98,77,17,16,81,82,91,84,82,81,98,76,77,18,17,77,75,97,96,74,75,96,76,97,75,95,74,96,74,95,94,90,81,91,90,91,48,19,18,77,85,71,84,85,84,81,73,74,94,73,94,71,72,73,71,47,90,48,85,72,71,89,90,47,46,89,47,80,85,81,81,43,80,89,81,90,89,43,81,89,44,43,46,45,89,45,44,89,21,20,19,85,80,86,85,86,72,77,23,21,22,21,23,42,86,80,42,80,43,78,73,72,78,72,86,19,77,21,29,28,24,41,86,42,87,86,41,78,86,87,40,87,41,79,73,78,79,78,87,28,27,24,25,24,27,26,25,27,39,87,40,76,23,77,76,29,23,23,29,24,76,75,29,88,87,39,79,87,88,30,29,75,30,75,74,79,33,73,36,35,34,34,33,79,38,88,39,31,30,74,31,74,73,32,31,73,34,79,36,79,88,36,37,88,38,37,36,88,33,32,73],"vertices":[-31.46,-38.15,-20.21,-41.32,-1.92,-45.97,13.1,-48.83,26.74,-49.83,50.8,-44.14,55.19,-42.4,55.29,-45.71,63.55,-46.97,69.54,-44.27,69.87,-37.96,76.7,-39.94,88.44,-42.73,103.01,-44.99,122.25,-45.28,138.31,-42.75,148.67,-35.38,156.3,-28.76,162.61,-23.2,165.46,-18.32,177.12,-8.75,175.32,-3.18,180.67,1.39,175.71,7.68,176.19,13.39,181.28,16.54,183.17,21.38,179.61,28.76,160.21,39.77,153.01,43.21,122.28,57.93,91.9,72.34,71.34,81.59,45.86,88.15,27.34,92.89,23.48,96.55,17.05,99.38,5.47,102.93,-7.54,106.92,-18.59,100.51,-24.11,93.9,-28.98,85.33,-31.08,80.86,-54.21,74.67,-58.75,77.33,-72.5,81.54,-77.03,80.72,-82.06,71.71,-87.43,58.37,-92.32,45.1,-94.28,35.49,-93.38,26.03,-92.27,16.51,-90.76,12.81,-94.59,3.17,-87.05,0.53,-79.11,-2.94,-72.74,-15.47,-65.14,-23.17,-51.85,-29.66,-41.34,-34.26,56.23,-32.23,31.32,-23.5,9.39,-15.42,-20.01,-4.71,-35.67,0.91,-53.57,7.84,-75.06,13.77,-62.93,-12.05,-59.44,-2.08,-38.07,13.15,-15.46,28.56,-3.72,47.5,26.2,31.42,66.23,13.4,99.99,-0.83,127.58,-13.29,151.58,-18.91,6.74,68.2,19.94,81.95,-37.35,67.54,-45.42,49.33,-49.49,35.03,-42.16,27.36,-33.65,31.62,-19.82,47.15,-9.38,66.66,-2.97,86.48,-3.16,99.24,-72.31,73.05,-74.16,62.73,-78.43,52.55,-84.1,41.44,-89.25,35.81,12.92,10.27,48.65,-8.97,82.53,-24.39,110.27,-34.11,130.38,-38.32],"edges":[0,2,2,4,4,6,6,8,8,10,10,12,12,14,14,16,16,18,18,20,20,22,22,24,24,26,26,28,28,30,30,32,32,34,34,36,36,38,38,40,40,42,42,44,44,46,46,48,48,50,50,52,52,54,54,56,60,62,62,64,64,66,66,68,68,70,70,72,72,74,74,76,76,78,78,80,80,82,82,84,84,86,86,88,88,90,90,92,92,94,94,96,96,98,98,100,100,102,102,104,104,106,106,108,108,110,110,112,112,114,114,116,116,118,118,120,0,120,20,122,122,124,124,126,126,128,128,130,130,132,132,134,134,106,116,136,136,138,138,132,132,140,140,142,142,144,144,146,146,148,148,150,150,152,152,154,154,38,144,156,156,158,158,68,84,160,160,162,162,164,164,166,166,168,168,170,170,172,172,174,174,176,176,76,90,178,178,180,180,182,182,184,184,186,186,100,56,58,58,60,152,58,150,60,148,62,146,66,146,188,188,128,148,190,190,126,150,192,192,124,152,194,194,122,154,196,196,20,32,196,196,194,194,192,192,190,190,188,188,142]}},"clip":{"clip":{"type":"clipping","vertexCount":24,"color":"ce3a3a00","vertices":[-82.76,185.02,-126.02,185.02,-130.85,183.76,-136.73,179.35,-139.25,174.31,-139.88,170.74,-140.09,165.07,-139.94,-171.4,-138.66,-176.23,-137,-179.14,-133.15,-182.67,-129.2,-183.92,-124.93,-183.82,125,-183.88,129.73,-183.29,134.06,-181.52,137.01,-177.19,138.59,-172.46,140.17,-166.35,139.82,169.77,138.87,175.31,135.24,180.08,128.74,184.09,121.3,185.43]}},"frameAB":{"frameAB":{"type":"mesh","hull":4,"width":279,"height":161,"uvs":[1,1,0,1,0,0,1,0],"triangles":[1,2,3,1,3,0],"vertices":[140,-183.78,-139,-183.78,-139,-22.78,140,-22.78],"edges":[0,2,2,4,4,6,0,6]}},"glass":{"glass":{"type":"mesh","hull":4,"width":281,"height":200,"uvs":[1,1,0,1,0,0,1,0],"triangles":[1,2,3,1,3,0],"vertices":[141,-16.85,-140,-16.85,-140,183.15,141,183.15],"edges":[0,2,2,4,4,6,0,6]}},"l":{"l":{"type":"mesh","hull":4,"width":162,"height":39,"uvs":[1,1,0,1,0,0,1,0],"triangles":[1,2,3,1,3,0],"vertices":[39.73,-46.94,-122.27,-46.94,-122.27,-7.94,39.73,-7.94],"edges":[0,2,2,4,4,6,0,6]}},"p":{"p":{"type":"mesh","hull":4,"width":14,"height":30,"uvs":[1,1,0,1,0,0,1,0],"triangles":[1,3,0,1,2,3],"vertices":[1,10,22.96,7.65,1,2,9,37.36,-4.58,0.07742,10,25.36,-6.42,0.92258,1,9,-15.82,-8.62,1,2,9,-19.19,5.25,0.99995,10,-30.37,7.32,0.00005],"edges":[0,2,2,4,4,6,0,6]}},"pa_1":{"pa_1":{"type":"mesh","hull":4,"width":165,"height":157,"uvs":[0,0.936,0.0579,1,1,0.06639,0.94122,0],"triangles":[0,3,2,1,0,2],"vertices":[1,7,-102.03,8.55,1,1,7,-101.93,-5.31,1,1,7,111.72,-4.69,1,1,7,111.78,9.54,1],"edges":[0,2,2,4,4,6,0,6]}},"pa_2":{"pa_2":{"type":"mesh","hull":4,"width":76,"height":71,"uvs":[0,0.9174,0.06108,1,1,0.06689,0.9431,0],"triangles":[0,3,2,1,0,2],"vertices":[1,6,48.79,-5.49,1,1,6,49.51,1.95,1,1,6,-47.84,3.69,1,1,6,-48.02,-2.73,1],"edges":[0,2,2,4,4,6,0,6]}},"pa_3":{"pa_3":{"type":"mesh","hull":4,"width":58,"height":54,"uvs":[0,0.86,0.12544,1,1,0.15212,0.89913,0],"triangles":[0,3,2,1,0,2],"vertices":[1,5,32.51,-6.46,1,1,5,32.59,4.03,1,1,5,-35.69,6.74,1,1,5,-37.25,-3.23,1],"edges":[0,2,2,4,4,6,0,6]}},"pa_4":{"pa_4":{"type":"mesh","hull":4,"width":124,"height":118,"uvs":[0.88327,0,1,0.12483,0.12822,1,0,0.85959],"triangles":[3,0,1,2,3,1],"vertices":[1,8,80.98,10.1,1,1,8,80.32,-10.55,1,1,8,-69.02,-3.71,1,1,8,-68.02,19.23,1],"edges":[0,2,2,4,4,6,0,6]}},"path":{"path":{"type":"path","closed":true,"vertexCount":138,"lengths":[14.1,40.41,62.3,78.71,92.47,119.75,140.99,159.39,176.42,184.26,185.67,215.89,241.66,254.94,299.48,322.88,350.09,374.23,396.1,428.36,494.2,509.8,537.24,549.44,577.61,609.35,628.25,651.35,668.97,684.1,694.99,704.08,713.36,729.25,756.57,772.2,783.29,813.1,842.96,861.04,902.26,934.9,950.72,981.06,997.69,1012.44],"vertices":[-96.23,-24.42,-99.46,-26.02,-102.69,-27.61,-100.61,-35.63,-96.06,-38,-91.51,-40.36,-69.9,-37.05,-69.9,-37.05,-69.9,-37.05,-59.26,-33.93,-58.08,-19.95,-56.91,-5.97,-51.97,-22.96,-51.96,-23.97,-51.95,-24.99,-50.35,-36.66,-48.57,-37.16,-46.79,-37.66,-22.91,-37.24,-21.4,-35.7,-19.89,-34.17,-10.49,-33.85,-8.81,-20.12,-7.12,-6.39,-7.14,-4.36,-6.9,-1.82,-6.66,0.72,-10.81,13.14,-11.08,14.66,-11.32,16.04,-7.7,19.22,-4.83,16.32,-4.53,16.02,-4.25,15.66,-3.97,15.22,-1.03,10.54,4.58,-9.11,6.39,-13.16,8.19,-17.21,15.44,-36.72,16.2,-36.97,16.97,-37.22,28.4,-37.9,29.15,-35.61,29.89,-33.32,46.92,2.62,48.17,4.66,49.43,6.7,57.69,24.53,58.7,25.56,59.71,26.58,66.48,1.48,67,-0.29,67.53,-2.07,54.61,-7.24,54.19,-19.94,53.77,-32.64,57.59,-35.16,64.71,-35.87,71.83,-36.58,96.54,-36.1,96.9,-35.01,97.25,-33.91,116.68,25.56,116.85,27.74,117.02,29.93,103.19,29.47,101.74,27.82,100.3,26.17,95.19,1.93,94.46,1.38,93.74,0.83,82.81,1.48,82.44,2.57,82.07,3.66,76.61,29.65,76.07,30.01,75.52,30.37,44.77,29.06,44.41,28.15,44.05,27.24,37.43,11.54,36.52,10.99,35.61,10.44,14.31,11.2,13.58,12.65,12.84,14.1,8,28.99,7.46,29.17,6.91,29.35,-7.63,29.44,-7.46,27.79,-7.29,26.15,-4.01,17.73,-4.01,17.47,-4.01,17.21,-12.7,15.76,-12.96,15.93,-13.22,16.1,-17.87,22.42,-18.92,23.02,-19.97,23.62,-26.65,29.04,-33.45,28.82,-40.26,28.59,-60.66,28.45,-60.65,27.02,-60.64,25.59,-58.04,12.36,-57.86,11.65,-57.68,10.93,-61.57,4.82,-66.45,11.59,-71.33,18.35,-79.99,28.14,-90.19,27.89,-100.39,27.64,-120.64,28.45,-119.79,26.16,-118.94,23.87,-114.67,11.36,-110.28,11.39,-105.89,11.42,-78.68,18.51,-76.12,-1.96,-75.68,-5.51,-107.7,0.33,-108.53,-0.93,-109.35,-2.19,-105.3,-14.7,-102.78,-15.31,-100.27,-15.92,-73.32,-14.69,-72.49,-14.27,-71.65,-13.84,-72.61,-26.18,-81.6,-26.04,-90.59,-25.89]}},"race":{"race":{"type":"mesh","hull":4,"width":246,"height":99,"uvs":[1,1,0,1,0,0,1,0],"triangles":[1,2,3,1,3,0],"vertices":[1,1,-123.54,54.66,1,1,1,122.45,56.35,1,1,1,123.13,-42.64,1,1,1,-122.86,-44.34,1],"edges":[0,2,2,4,4,6,0,6]}},"race effect":{"race effect":{"type":"mesh","hull":4,"width":238,"height":64,"uvs":[1,0.19391,0,0.19391,0,0,1,0],"triangles":[1,2,3,1,3,0],"vertices":[-119,-24.17,118.99,-22.53,119.08,-34.94,-118.91,-36.58],"edges":[0,2,2,4,4,6,0,6]},"race effect2":{"type":"mesh","path":"race effect","hull":4,"width":238,"height":64,"uvs":[1,0.43573,0,0.43573,0,0.11725,1,0.11725],"triangles":[0,1,2,0,2,3],"vertices":[-119.11,-8.7,118.89,-7.05,119.03,-27.44,-118.97,-29.08],"edges":[0,2,2,4,4,6,0,6]},"race effect3":{"type":"mesh","path":"race effect","hull":4,"width":238,"height":64,"uvs":[1,0.72153,0,0.72153,0,0.34442,1,0.34442],"triangles":[1,2,3,1,3,0],"vertices":[-119.23,9.6,118.76,11.24,118.93,-12.9,-119.07,-14.54],"edges":[0,2,2,4,4,6,0,6]},"race effect4":{"type":"mesh","path":"race effect","hull":4,"width":238,"height":64,"uvs":[1,0.87542,0,0.87542,0,0.62289,1,0.62289],"triangles":[1,2,3,0,1,3],"vertices":[-119.3,19.44,118.69,21.09,118.81,4.92,-119.19,3.28],"edges":[0,2,2,4,4,6,0,6]},"race effect5":{"type":"mesh","path":"race effect","hull":4,"width":238,"height":64,"uvs":[1,1,0,1,0,0.80609,1,0.80609],"triangles":[1,2,3,1,3,0],"vertices":[-119.36,27.42,118.64,29.06,118.72,16.65,-119.27,15.01],"edges":[0,2,2,4,4,6,0,6]},"race effect6":{"type":"mesh","path":"race effect","hull":4,"width":238,"height":64,"uvs":[1,1,0,1,0,0.99662,1,0.99662],"triangles":[1,2,3,1,3,0],"vertices":[-119.36,27.42,118.64,29.06,118.64,28.84,-119.35,27.2],"edges":[0,2,2,4,4,6,0,6]}},"rayup":{"Ray Up /ray_00024":{"x":-10.29,"y":-4.47,"rotation":88.41,"width":50,"height":100},"Ray Up /ray_00025":{"x":-10.29,"y":-4.47,"rotation":88.41,"width":50,"height":100},"Ray Up /ray_00026":{"x":-10.29,"y":-4.47,"rotation":88.41,"width":50,"height":100},"Ray Up /ray_00027":{"x":-10.29,"y":-4.47,"rotation":88.41,"width":50,"height":100},"Ray Up /ray_00028":{"x":-10.29,"y":-4.47,"rotation":88.41,"width":50,"height":100},"Ray Up /ray_00029":{"x":-10.29,"y":-4.47,"rotation":88.41,"width":50,"height":100},"Ray Up /ray_00030":{"x":-10.29,"y":-4.47,"rotation":88.41,"width":50,"height":100},"Ray Up /ray_00031":{"x":-10.29,"y":-4.47,"rotation":88.41,"width":50,"height":100},"Ray Up /ray_00032":{"x":-10.29,"y":-4.47,"rotation":88.41,"width":50,"height":100},"Ray Up /ray_00033":{"x":-10.29,"y":-4.47,"rotation":88.41,"width":50,"height":100},"Ray Up /ray_00034":{"x":-10.29,"y":-4.47,"rotation":88.41,"width":50,"height":100},"Ray Up /ray_00035":{"x":-10.29,"y":-4.47,"rotation":88.41,"width":50,"height":100},"Ray Up /ray_00036":{"x":-10.29,"y":-4.47,"rotation":88.41,"width":50,"height":100},"Ray Up /ray_00037":{"x":-10.29,"y":-4.47,"rotation":88.41,"width":50,"height":100},"Ray Up /ray_00038":{"x":-10.29,"y":-4.47,"rotation":88.41,"width":50,"height":100},"Ray Up /ray_00039":{"x":-10.29,"y":-4.47,"rotation":88.41,"width":50,"height":100},"Ray Up /ray_00040":{"x":-10.29,"y":-4.47,"rotation":88.41,"width":50,"height":100},"Ray Up /ray_00041":{"x":-10.29,"y":-4.47,"rotation":88.41,"width":50,"height":100},"Ray Up /ray_00042":{"x":-10.29,"y":-4.47,"rotation":88.41,"width":50,"height":100},"Ray Up /ray_00043":{"x":-10.29,"y":-4.47,"rotation":88.41,"width":50,"height":100},"Ray Up /ray_00044":{"x":-10.29,"y":-4.47,"rotation":88.41,"width":50,"height":100},"Ray Up /ray_00045":{"x":-10.29,"y":-4.47,"rotation":88.41,"width":50,"height":100},"Ray Up /ray_00046":{"x":-10.29,"y":-4.47,"rotation":88.41,"width":50,"height":100},"Ray Up /ray_00047":{"x":-10.29,"y":-4.47,"rotation":88.41,"width":50,"height":100}},"shadow":{"shadow":{"type":"mesh","hull":4,"width":304,"height":204,"uvs":[1,1,0,1,0,0,1,0],"triangles":[1,2,3,1,3,0],"vertices":[152,-31.31,-152,-31.31,-152,172.69,152,172.69],"edges":[0,2,2,4,4,6,0,6]}}}},"animations":{"animation":{"slots":{"burning2":{"color":[{"time":0,"color":"ffffff00","curve":"stepped"},{"time":0.5,"color":"ffffff00"},{"time":1,"color":"ffffffff"},{"time":1.5,"color":"ffffff00"}]},"l":{"color":[{"time":0,"color":"ffffff00","curve":"stepped"},{"time":0.6667,"color":"ffffff00"},{"time":0.7333,"color":"ffffffff"},{"time":0.8,"color":"ffffff00"},{"time":0.9,"color":"ffffffff"},{"time":1.0333,"color":"ffffff00"}]},"p":{"color":[{"time":0,"color":"ffffff00"},{"time":0.1,"color":"ffffff9c","curve":"stepped"},{"time":0.2667,"color":"ffffff9c"},{"time":0.3333,"color":"ffffff00"},{"time":0.4333,"color":"ffffff9c","curve":"stepped"},{"time":0.7667,"color":"ffffff9c"},{"time":0.8333,"color":"ffffff00"},{"time":0.9333,"color":"ffffff9c","curve":"stepped"},{"time":1.0667,"color":"ffffff9c"},{"time":1.1333,"color":"ffffff00","curve":"stepped"},{"time":1.2,"color":"ffffff00"},{"time":1.2667,"color":"ffffff9c","curve":"stepped"},{"time":1.4333,"color":"ffffff9c"},{"time":1.5,"color":"ffffff00","curve":"stepped"},{"time":1.6333,"color":"ffffff00"},{"time":1.7,"color":"ffffff9c"}]},"race effect":{"attachment":[{"time":0,"name":null},{"time":0.6667,"name":"race effect6"},{"time":0.7333,"name":"race effect"},{"time":0.8,"name":"race effect2"},{"time":0.8667,"name":"race effect3"},{"time":0.9333,"name":"race effect4"},{"time":1,"name":"race effect5"},{"time":1.0667,"name":"race effect6"},{"time":1.1333,"name":null}]},"rayup":{"color":[{"time":0,"color":"ffffff00","curve":"stepped"},{"time":0.1667,"color":"ffffff00"},{"time":0.3333,"color":"ffffffff","curve":"stepped"},{"time":1.6667,"color":"ffffffff"},{"time":1.8333,"color":"ffffff00"}],"attachment":[{"time":0.2333,"name":"Ray Up /ray_00024"},{"time":0.2667,"name":"Ray Up /ray_00025"},{"time":0.3,"name":"Ray Up /ray_00026"},{"time":0.3333,"name":"Ray Up /ray_00027"},{"time":0.3667,"name":"Ray Up /ray_00028"},{"time":0.4,"name":"Ray Up /ray_00029"},{"time":0.4333,"name":"Ray Up /ray_00030"},{"time":0.4667,"name":"Ray Up /ray_00031"},{"time":0.5,"name":"Ray Up /ray_00032"},{"time":0.5333,"name":"Ray Up /ray_00033"},{"time":0.5667,"name":"Ray Up /ray_00034"},{"time":0.6,"name":"Ray Up /ray_00035"},{"time":0.6333,"name":"Ray Up /ray_00036"},{"time":0.6667,"name":"Ray Up /ray_00037"},{"time":0.7,"name":"Ray Up /ray_00038"},{"time":0.7333,"name":"Ray Up /ray_00039"},{"time":0.7667,"name":"Ray Up /ray_00040"},{"time":0.8,"name":"Ray Up /ray_00041"},{"time":0.8333,"name":"Ray Up /ray_00042"},{"time":0.8667,"name":"Ray Up /ray_00043"},{"time":0.9,"name":"Ray Up /ray_00044"},{"time":0.9333,"name":"Ray Up /ray_00045"},{"time":0.9667,"name":"Ray Up /ray_00046"},{"time":1,"name":"Ray Up /ray_00047"},{"time":1.0333,"name":"Ray Up /ray_00024"},{"time":1.0667,"name":"Ray Up /ray_00025"},{"time":1.1,"name":"Ray Up /ray_00026"},{"time":1.1333,"name":"Ray Up /ray_00027"},{"time":1.1667,"name":"Ray Up /ray_00028"},{"time":1.2,"name":"Ray Up /ray_00029"},{"time":1.2333,"name":"Ray Up /ray_00030"},{"time":1.2667,"name":"Ray Up /ray_00031"},{"time":1.3,"name":"Ray Up /ray_00032"},{"time":1.3333,"name":"Ray Up /ray_00033"},{"time":1.3667,"name":"Ray Up /ray_00034"},{"time":1.4,"name":"Ray Up /ray_00035"},{"time":1.4333,"name":"Ray Up /ray_00036"},{"time":1.4667,"name":"Ray Up /ray_00037"},{"time":1.5,"name":"Ray Up /ray_00038"},{"time":1.5333,"name":"Ray Up /ray_00039"},{"time":1.5667,"name":"Ray Up /ray_00040"},{"time":1.6,"name":"Ray Up /ray_00041"},{"time":1.6333,"name":"Ray Up /ray_00042"},{"time":1.6667,"name":"Ray Up /ray_00043"},{"time":1.7,"name":"Ray Up /ray_00044"},{"time":1.7333,"name":"Ray Up /ray_00045"},{"time":1.7667,"name":"Ray Up /ray_00046"},{"time":1.8,"name":"Ray Up /ray_00047"}]}},"bones":{"bone4":{"translate":[{"time":0,"x":0,"y":0},{"time":0.1,"x":0,"y":-0.58},{"time":0.1667,"x":0,"y":0},{"time":0.2667,"x":0,"y":-0.58},{"time":0.3333,"x":0,"y":0},{"time":0.4333,"x":0,"y":-0.58},{"time":0.5,"x":0,"y":0},{"time":0.5667,"x":0,"y":-0.58},{"time":0.6667,"x":0,"y":0},{"time":0.7333,"x":0,"y":-0.58},{"time":0.8333,"x":0,"y":0},{"time":0.9,"x":0,"y":-0.58},{"time":1,"x":0,"y":0},{"time":1.0667,"x":0,"y":-0.58},{"time":1.1667,"x":0,"y":0},{"time":1.2667,"x":0,"y":-0.58},{"time":1.3333,"x":0,"y":0},{"time":1.4333,"x":0,"y":-0.58},{"time":1.5,"x":0,"y":0},{"time":1.5667,"x":0,"y":-0.58},{"time":1.6333,"x":0,"y":0},{"time":1.7333,"x":0,"y":-0.58},{"time":1.8333,"x":0,"y":0},{"time":1.9,"x":0,"y":-0.58},{"time":2,"x":0,"y":0}]},"bone":{"translate":[{"time":0,"x":0,"y":0},{"time":1,"x":0,"y":-4.89},{"time":2,"x":0,"y":0}],"scale":[{"time":0,"x":1,"y":1},{"time":1,"x":1.11,"y":1.11},{"time":2,"x":1,"y":1}]},"bone6":{"translate":[{"time":0,"x":0,"y":0},{"time":1,"x":25.78,"y":23.15},{"time":2,"x":0,"y":0}]},"bone5":{"translate":[{"time":0,"x":0,"y":0},{"time":1,"x":-16.11,"y":-15.24},{"time":2,"x":0,"y":0}]},"bone8":{"translate":[{"time":0,"x":0,"y":0},{"time":1,"x":-32.76,"y":-33.12},{"time":2,"x":0,"y":0}]},"bone7":{"translate":[{"time":0,"x":0,"y":0},{"time":1,"x":38.17,"y":34.28},{"time":2,"x":0,"y":0}]},"bone2":{"translate":[{"time":0,"x":-2.13,"y":0},{"time":1,"x":-3.55,"y":0},{"time":2,"x":-2.13,"y":0}],"scale":[{"time":0,"x":1,"y":1},{"time":1,"x":1.03,"y":1.03},{"time":2,"x":1,"y":1}]},"bone3":{"scale":[{"time":0,"x":0.033,"y":0.097,"curve":"stepped"},{"time":0.6667,"x":0.033,"y":0.097},{"time":0.8333,"x":1.272,"y":0.551},{"time":1,"x":1.272,"y":1.112},{"time":1.1667,"x":1.272,"y":0.551},{"time":1.3333,"x":0.033,"y":0.097}]}},"paths":{"path":{"position":[{"time":0},{"time":2,"position":0.4139}]}},"deform":{"default":{"car":{"car":[{"time":0.3333},{"time":1,"offset":4,"vertices":[0.21087,-1.65697,0.03413,-1.5717,1.54502,-1.71121,0.05046,-4.30697,-0.2271,-3.42984,0,0,0,0,0,0,0.81754,-3.40915,1.28862,-2.22214,-0.4238,-1.96223,0.10728,-0.8429,0.10727,-0.8429,0.59158,-0.60994,1.07587,-0.377,0,0,0,0,0,0,-2.51029,0.8797,-0.71721,0.25135,-2.02603,1.11267,0.98698,1.66746,0.73045,-0.25594,-2.7433,1.36401,-3.80072,2.94254,-5.25358,2.24368,0,0,-8.48111,3.3747,-6.20375,2.97935,-12.47686,4.77501,-9.09564,3.18743,-4.54087,3.51561,-5.27547,1.84871,-3.65221,1.27987,-4.60603,1.15847,0,0,-3.95995,-1.65445,1.20422,-0.42198,1.8063,-0.63295,1.80631,-0.63296,2.30292,-1.14501,5.52441,-1.59783,5.41891,-1.89889,15.76013,-5.18462,13.30541,-7.36663,13.1253,-5.95142,12.23758,-4.62634,11.84649,-3.81326,12.38648,-4.34048,11.37669,-3.98659,10.26278,-3.2646,11.81429,-3.80826,12.94484,-5.07547,13.98418,-5.77135,9.85133,-3.12045,6.15813,-1.89408,3.7719,-0.53019,0,0,0,0,-5.22725,0.55602,0,0,0,0,-1.07584,0.37701,0,0,-3.24928,1.13867,7.48823,-2.29239,0,0,0,0,-3.44116,1.53758,-9.5905,3.6925,-7.29633,2.92773,-7.48912,3.42974,-9.90866,5.23977,-10.14853,4.36173,-7.7639,3.12338,-7.99683,3.60769,-7.55176,2.64641,-11.06363,4.33272,2.70945,-0.94944,3.5071,-1.56698,2.40841,-0.84395,0,0,-3.2961,2.16912,-6.02096,2.10996,-7.02962,2.12541,-5.93089,1.40237,-5.84085,0.69478,10.83781,-3.79782,10.3412,-3.28577,10.04014,-3.18026,11.4399,-4.00879,11.74098,-4.1143,-9.19842,3.62606,-9.07272,3.98468,-13.59063,7.17855,-10.00451,5.92185,-5.02064,1.75941]},{"time":1.6667}]}}}}}},[0]]],0,0,[0],[-1],[0]]
