[1,["37AjScWrVNS61QKz7Q24hJ"],0,[["sp.SkeletonData",["_name","_atlasText","textureNames","_skeletonJson","textures"],-1,3]],[[0,0,1,2,3,4,5]],[[0,"tps_symbol_5","\nGlove.png\nsize: 168,128\nformat: RGBA8888\nfilter: Linear,Linear\nrepeat: none\nitem\n  rotate: false\n  xy: 2, 2\n  size: 127, 121\n  orig: 127, 121\n  offset: 0, 0\n  index: -1\ns1\n  rotate: false\n  xy: 131, 83\n  size: 35, 40\n  orig: 35, 40\n  offset: 0, 0\n  index: -1\ns2\n  rotate: false\n  xy: 131, 43\n  size: 34, 38\n  orig: 34, 38\n  offset: 0, 0\n  index: -1\ns3\n  rotate: false\n  xy: 131, 15\n  size: 29, 26\n  orig: 29, 26\n  offset: 0, 0\n  index: -1\n",["Glove.png"],{"skeleton":{"hash":"ICrDXJ8KT6CrX+ugNhgius/6E1I","spine":"3.7.94","width":145.15,"height":127.7,"images":"","audio":""},"bones":[{"name":"root"},{"name":"bone glove","parent":"root"},{"name":"bone star","parent":"root"},{"name":"bone2","parent":"bone star"},{"name":"bone3","parent":"bone star"},{"name":"bone4","parent":"bone star"}],"slots":[{"name":"s1","bone":"bone2","attachment":"s1"},{"name":"s2","bone":"bone3","attachment":"s2"},{"name":"s3","bone":"bone4","attachment":"s3"},{"name":"item","bone":"bone glove","attachment":"item"}],"skins":{"default":{"item":{"item":{"x":-9.01,"y":-0.42,"width":127,"height":121}},"s1":{"s1":{"x":55.14,"y":43.79,"width":35,"height":40}},"s2":{"s2":{"x":50.76,"y":-36.75,"width":34,"height":38}},"s3":{"s3":{"x":16.92,"y":-50.9,"width":29,"height":26}}}},"animations":{"fade":{"slots":{"item":{"color":[{"time":0,"color":"a0a0a0ff"}]},"s1":{"color":[{"time":0,"color":"a0a0a0ff"}]},"s2":{"color":[{"time":0,"color":"a0a0a0ff"}]},"s3":{"color":[{"time":0,"color":"a0a0a0ff"}]}}},"symbolFx":{"bones":{"bone glove":{"translate":[{"time":0,"x":0,"y":0,"curve":[0.25,0,0.75,1]},{"time":0.1667,"x":-18.33,"y":0,"curve":"stepped"},{"time":0.7333,"x":-18.33,"y":0,"curve":[0.25,0,0.75,1]},{"time":0.8333,"x":29.5,"y":0,"curve":[0.25,0,0.75,1]},{"time":1.5,"x":0,"y":0}],"scale":[{"time":0,"x":1,"y":1,"curve":[0.25,0,0.75,1]},{"time":0.1667,"x":0.848,"y":1.116,"curve":"stepped"},{"time":0.7333,"x":0.848,"y":1.116,"curve":[0.25,0,0.75,1]},{"time":0.8333,"x":1.085,"y":0.888,"curve":[0.25,0,0.75,1]},{"time":1.5,"x":1,"y":1}],"shear":[{"time":2,"x":0,"y":0}]},"bone star":{"scale":[{"time":0,"x":1,"y":1,"curve":[0.25,0,0.75,1]},{"time":0.1667,"x":0,"y":0,"curve":"stepped"},{"time":0.8333,"x":1.306,"y":1.306,"curve":[0.25,0,0.75,1]},{"time":1.3333,"x":1,"y":1}]}}},"idle":{"bones":{"root":{"scale":[{"time":0,"x":1,"y":1,"curve":[0.25,0,0.75,1]},{"time":0.8333,"x":1.03,"y":1.03,"curve":[0.25,0,0.75,1]},{"time":1.6667,"x":1,"y":1}]}}}}},[0]]],0,0,[0],[-1],[0]]
