[1,["36hzy9LXxMmphKc5LXTTYD"],0,[["sp.SkeletonData",["_name","_atlasText","textureNames","_skeletonJson","textures"],-1,3]],[[0,0,1,2,3,4,5]],[[0,"tps_symbol_2","\nThong.png\nsize: 144,144\nformat: RGBA8888\nfilter: Linear,Linear\nrepeat: none\nheart1\n  rotate: false\n  xy: 2, 2\n  size: 28, 26\n  orig: 28, 26\n  offset: 0, 0\n  index: -1\nheart2\n  rotate: false\n  xy: 61, 12\n  size: 17, 16\n  orig: 17, 16\n  offset: 0, 0\n  index: -1\nheart3\n  rotate: false\n  xy: 32, 2\n  size: 27, 26\n  orig: 27, 26\n  offset: 0, 0\n  index: -1\npantry\n  rotate: false\n  xy: 2, 30\n  size: 139, 112\n  orig: 139, 112\n  offset: 0, 0\n  index: -1\n",["Thong.png"],{"skeleton":{"hash":"s1XBXGDLOAGSeXWlT/yQYIsH+dU","spine":"3.7.94","width":139,"height":126.67,"images":"","audio":""},"bones":[{"name":"root"},{"name":"bone thong","parent":"root"},{"name":"bone2","parent":"root"},{"name":"bone3","parent":"root"},{"name":"bone4","parent":"root","length":16.42,"rotation":112.34,"x":-22.32,"y":33.13},{"name":"bone thong2","parent":"bone thong","length":59.85,"rotation":102.29,"x":12.9,"y":-34.29}],"slots":[{"name":"pantry","bone":"bone thong2","attachment":"pantry"},{"name":"heart1","bone":"bone4","attachment":"heart1"},{"name":"heart2","bone":"bone2","attachment":"heart2"},{"name":"heart3","bone":"bone3","attachment":"heart3"},{"name":"path 1","bone":"root","attachment":"path 1"},{"name":"path2","bone":"root","attachment":"path2"}],"path":[{"name":"path","order":0,"target":"path 1","bones":["bone4"]},{"name":"path2","order":1,"target":"path2","bones":["bone2"]}],"skins":{"default":{"heart1":{"heart1":{"x":7.23,"y":-3.75,"rotation":-132.87,"width":28,"height":26}},"heart2":{"heart2":{"x":0.75,"y":0.63,"rotation":-75.26,"width":17,"height":16}},"heart3":{"heart3":{"x":49.27,"y":-47.9,"width":27,"height":26}},"pantry":{"pantry":{"type":"mesh","hull":13,"width":139,"height":112,"uvs":[1,0.15675,1,0.33596,0.80801,0.55653,0.75942,0.95115,0.50255,1,0.28178,0.65131,0,0.53068,0,0.38456,0,0.31011,0,0.17742,0.47478,0.13607,0.85106,0,0.94964,0,0.21402,0.37574,0.34699,0.44856,0.41932,0.52629,0.50722,0.71096,0.52321,0.86754,0.69736,0.82343,0.66004,0.63818,0.67974,0.4682,0.70356,0.39642,0.80931,0.25665,0.30889,0.55443,0.78155,0.44193,0.61512,0.84426,0.55762,0.49544],"triangles":[22,10,11,11,12,0,22,11,0,13,8,9,24,22,0,10,13,9,7,8,13,21,10,22,14,13,10,24,21,22,1,24,0,10,26,14,10,21,26,20,21,24,20,26,21,15,14,26,23,6,7,23,13,14,23,14,15,23,7,13,2,24,1,24,19,20,19,26,20,24,18,19,5,6,23,16,15,26,25,16,26,24,2,18,19,25,26,18,25,19,17,16,25,23,15,16,17,23,16,3,18,2,17,5,23,4,5,17,4,17,25,3,4,25,3,25,18],"vertices":[1,5,51.69,-69.19,1,1,5,32.08,-64.92,1,1,5,13.62,-33.58,1,1,5,-28.12,-17.58,1,1,5,-25.87,18.47,1,1,5,18.82,40.15,1,1,5,40.35,75.54,1,1,5,56.35,72.06,1,1,5,64.49,70.28,1,1,5,79.01,67.12,1,1,5,69.49,1.65,1,1,5,73.25,-52.7,1,1,5,70.34,-66.08,1,1,5,50.98,42.78,1,1,5,39.08,26.46,1,1,5,28.43,18.49,1,1,5,5.62,10.95,1,1,5,-11.99,12.51,1,1,5,-12.31,-12.19,1,1,5,9.06,-11.54,1,1,5,27.08,-18.27,1,1,5,34.23,-23.21,1,1,5,46.4,-40.91,1,1,5,28.62,34.15,1,1,5,26.95,-32.72,1,1,5,-12.16,-0.53,1,1,5,27.72,-1.03,1],"edges":[12,10,10,8,8,6,6,4,4,2,2,0,0,24,22,24,22,20,20,18,16,18,12,14,14,16,14,26,26,28,28,30,30,32,32,34,36,38,38,40,40,42,42,44,44,0,34,46,46,14,36,48,48,0,34,50,50,36,30,52,52,40,50,52,52,20]}},"path 1":{"path 1":{"type":"path","vertexCount":9,"lengths":[29.29,55.75,104.5],"vertices":[-22.11,38.5,-24.4,34.17,-30.23,40.44,-34.07,52.17,-31.86,61.53,-29.14,73.04,-26.87,73.59,-23.75,86.69,-20.63,99.8]}},"path2":{"path2":{"type":"path","vertexCount":6,"lengths":[35.61,66.16],"vertices":[-3.37,58.6,-1.48,54.29,-0.28,58.87,1.26,76.18,-6.61,88.83,-9.13,92.88]}}}},"animations":{"fade":{"slots":{"heart1":{"color":[{"time":0,"color":"a0a0a0ff"}]},"heart2":{"color":[{"time":0,"color":"a0a0a0ff"}]},"heart3":{"color":[{"time":0,"color":"a0a0a0ff"}]},"pantry":{"color":[{"time":0,"color":"a0a0a0ff"}]}},"bones":{"bone4":{"rotate":[{"time":0,"angle":20.53}],"translate":[{"time":0,"x":-2.08,"y":1.04}]},"bone2":{"rotate":[{"time":0,"angle":75.26}],"translate":[{"time":0,"x":-1.48,"y":54.29}]}}},"symbolFx":{"slots":{"heart1":{"color":[{"time":0.6667,"color":"ffffffff"},{"time":1,"color":"ffffff00","curve":"stepped"},{"time":1.5,"color":"ffffffff"}]},"heart2":{"color":[{"time":1,"color":"ffffffff"},{"time":1.3333,"color":"ffffff00","curve":"stepped"},{"time":1.6,"color":"ffffffff"}]}},"bones":{"bone thong":{"rotate":[{"time":0,"angle":0,"curve":[0.25,0,0.75,1]},{"time":0.1667,"angle":-3.22,"curve":[0.25,0,0.75,1]},{"time":0.6667,"angle":1.07,"curve":[0.25,0,0.75,1]},{"time":1,"angle":-8.64,"curve":[0.25,0,0.75,1]},{"time":1.7667,"angle":0}],"scale":[{"time":0,"x":1,"y":1,"curve":[0.25,0,0.75,1]},{"time":0.1667,"x":1.034,"y":1.034,"curve":[0.25,0,0.75,1]},{"time":1.7667,"x":1,"y":1}],"shear":[{"time":2,"x":0,"y":0}]},"bone4":{"rotate":[{"time":0,"angle":20.53}],"translate":[{"time":0,"x":-2.08,"y":1.04}],"scale":[{"time":1,"x":1,"y":1},{"time":1.5,"x":0,"y":0,"curve":[0.25,0,0.084,1.51]},{"time":1.7667,"x":1,"y":1}]},"bone2":{"rotate":[{"time":0,"angle":75.26}],"translate":[{"time":0,"x":-1.48,"y":54.29,"curve":"stepped"},{"time":0.5,"x":-1.48,"y":54.29},{"time":1.3333,"x":-6.61,"y":88.83},{"time":1.6,"x":-1.48,"y":54.29}],"scale":[{"time":1.3333,"x":1,"y":1,"curve":"stepped"},{"time":1.6,"x":0,"y":0,"curve":[0.25,0,0.129,1.78]},{"time":1.7,"x":1,"y":1}]},"bone3":{"translate":[{"time":0.1667,"x":0,"y":0,"curve":[0.25,0,0.75,1]},{"time":0.2333,"x":-5.86,"y":5.86,"curve":[0.25,0,0.75,1]},{"time":0.3,"x":0,"y":0,"curve":"stepped"},{"time":0.4667,"x":0,"y":0,"curve":[0.25,0,0.75,1]},{"time":0.5333,"x":-5.86,"y":5.86,"curve":[0.25,0,0.75,1]},{"time":0.6,"x":0,"y":0,"curve":"stepped"},{"time":0.7667,"x":0,"y":0,"curve":[0.25,0,0.75,1]},{"time":0.8333,"x":-5.86,"y":5.86,"curve":[0.25,0,0.75,1]},{"time":0.9,"x":0,"y":0,"curve":"stepped"},{"time":1.0667,"x":0,"y":0,"curve":[0.25,0,0.75,1]},{"time":1.1333,"x":-5.86,"y":5.86,"curve":[0.25,0,0.75,1]},{"time":1.2,"x":0,"y":0,"curve":"stepped"},{"time":1.3667,"x":0,"y":0,"curve":[0.25,0,0.75,1]},{"time":1.4333,"x":-5.86,"y":5.86,"curve":[0.25,0,0.75,1]},{"time":1.5,"x":0,"y":0}],"scale":[{"time":0.1667,"x":1,"y":1,"curve":[0.25,0,0.75,1]},{"time":0.2333,"x":1.093,"y":1.093,"curve":[0.25,0,0.75,1]},{"time":0.3,"x":1,"y":1,"curve":"stepped"},{"time":0.4667,"x":1,"y":1,"curve":[0.25,0,0.75,1]},{"time":0.5333,"x":1.093,"y":1.093,"curve":[0.25,0,0.75,1]},{"time":0.6,"x":1,"y":1,"curve":"stepped"},{"time":0.7667,"x":1,"y":1,"curve":[0.25,0,0.75,1]},{"time":0.8333,"x":1.093,"y":1.093,"curve":[0.25,0,0.75,1]},{"time":0.9,"x":1,"y":1,"curve":"stepped"},{"time":1.0667,"x":1,"y":1,"curve":[0.25,0,0.75,1]},{"time":1.1333,"x":1.093,"y":1.093,"curve":[0.25,0,0.75,1]},{"time":1.2,"x":1,"y":1,"curve":"stepped"},{"time":1.3667,"x":1,"y":1,"curve":[0.25,0,0.75,1]},{"time":1.4333,"x":1.093,"y":1.093,"curve":[0.25,0,0.75,1]},{"time":1.5,"x":1,"y":1}]},"bone thong2":{"rotate":[{"time":0,"angle":0,"curve":[0.25,0,0.75,1]},{"time":0.5,"angle":-5.86,"curve":[0.25,0,0.75,1]},{"time":1.6667,"angle":0}]}},"paths":{"path":{"position":[{"time":0.1667},{"time":1,"position":1},{"time":1.5}],"mix":[{"time":0},{"time":1,"rotateMix":0.344}]},"path2":{"position":[{"time":0.5},{"time":1.3333,"position":1},{"time":1.6}]}},"deform":{"default":{"pantry":{"pantry":[{"time":0.1667,"curve":[0.25,0,0.75,1]},{"time":0.8333,"offset":20,"vertices":[3.81449,-13.59671,-0.72314,0.05002,0,0,4.07673,-5.00094,5.49373,-12.68977,1.11516,-10.43148,0.19564,-5.87452,-0.05405,-0.57291,0,0,-2.89614,-8.50311,-5.10272,-10.02732,-4.99219,-10.64875,-4.63446,-8.1163,-0.52123,2.83321,0,0,-0.36599,-5.94163,1.08271,-13.27048],"curve":[0.25,0,0.75,1]},{"time":1.6667}]}}}},"idle":{"bones":{"bone4":{"rotate":[{"time":0,"angle":20.53}],"translate":[{"time":0,"x":-2.08,"y":1.04}]},"bone2":{"rotate":[{"time":0,"angle":75.26}],"translate":[{"time":0,"x":-1.48,"y":54.29}]},"root":{"rotate":[{"time":0,"angle":0,"curve":[0.25,0,0.75,1]},{"time":0.8333,"angle":-2.29,"curve":[0.25,0,0.75,1]},{"time":1.6667,"angle":0}],"scale":[{"time":0,"x":1,"y":1,"curve":[0.25,0,0.75,1]},{"time":0.8333,"x":1.018,"y":1.018,"curve":[0.25,0,0.75,1]},{"time":1.6667,"x":1,"y":1}]}}}}},[0]]],0,0,[0],[-1],[0]]
