[1,["61G+5T31NGD7qYM1AmKNcA"],0,[["sp.SkeletonData",["_name","_atlasText","textureNames","_skeletonJson","textures"],-1,3]],[[0,0,1,2,3,4,5]],[[0,"skeleton","\nskeleton.png\nsize: 1024,128\nformat: RGBA8888\nfilter: Linear,Linear\nrepeat: none\nwin_taixiu\n  rotate: false\n  xy: 2, 2\n  size: 340, 79\n  orig: 340, 79\n  offset: 0, 0\n  index: -1\nwin_taixiu_l\n  rotate: false\n  xy: 344, 2\n  size: 340, 79\n  orig: 340, 79\n  offset: 0, 0\n  index: -1\n",["skeleton.png"],{"skeleton":{"hash":"bdwUTl/ZW6Ix0P7HgMQ3Ycrn/e0","spine":"3.7.94","width":408.32,"height":96.18,"images":"","audio":""},"bones":[{"name":"root","scaleX":1.2,"scaleY":1.2},{"name":"bone2","parent":"root","x":-2.44,"y":55.58,"color":"00ff11ff"},{"name":"bone","parent":"bone2","length":121.79,"rotation":-179.42,"x":-0.61,"y":-48.96,"color":"006dffff"},{"name":"bone3","parent":"bone2","length":121.79,"rotation":-179.42,"x":-0.61,"y":-48.96,"color":"006dffff"},{"name":"bone4","parent":"bone2","length":121.79,"rotation":-179.42,"x":-0.61,"y":-48.96,"color":"006dffff"}],"slots":[{"name":"win_taixiu","bone":"bone2","attachment":"win_taixiu"},{"name":"win_taixiu_l2","bone":"bone3","color":"ffffff6d","attachment":"win_taixiu_l","blend":"screen"},{"name":"win_taixiu_l3","bone":"bone4","color":"ffffff6d","attachment":"win_taixiu_l","blend":"screen"},{"name":"clip","bone":"root","attachment":"clip"},{"name":"win_taixiu_l","bone":"bone","attachment":"win_taixiu_l"}],"skins":{"default":{"clip":{"clip":{"type":"clipping","vertexCount":4,"color":"ce3a3aff","vertices":[236.39,49.07,171.42,-35.61,234.46,-38.67,295.14,48.45]}},"win_taixiu":{"win_taixiu":{"x":2.94,"y":-55.08,"width":340,"height":79}},"win_taixiu_l":{"win_taixiu_l":{"x":-3.49,"y":6.36,"rotation":179.23,"width":340,"height":79}},"win_taixiu_l2":{"win_taixiu_l":{"x":-3.49,"y":6.36,"rotation":179.23,"width":340,"height":79}},"win_taixiu_l3":{"win_taixiu_l":{"x":-3.49,"y":6.36,"rotation":179.23,"width":340,"height":79}}}},"animations":{"animation":{"slots":{"win_taixiu_l2":{"color":[{"time":0,"color":"ffffff00","curve":"stepped"},{"time":0.1,"color":"ffffff00"},{"time":0.1667,"color":"ffffff79"},{"time":0.5,"color":"ffffff00"}]},"win_taixiu_l3":{"color":[{"time":0,"color":"ffffff00","curve":"stepped"},{"time":0.1,"color":"ffffff00"},{"time":0.1667,"color":"ffffff79"},{"time":0.3333,"color":"ffffff00"}]}},"bones":{"bone3":{"scale":[{"time":0.1667,"x":1,"y":1},{"time":0.5,"x":1.321,"y":1.389}]},"bone4":{"scale":[{"time":0.1667,"x":1,"y":1},{"time":0.3333,"x":1.305,"y":1.41}]},"bone2":{"translate":[{"time":0,"x":0,"y":32.09},{"time":0.1,"x":0,"y":2.1},{"time":0.1667,"x":-1.05,"y":17.36},{"time":0.2333,"x":0,"y":2.1}],"scale":[{"time":0,"x":1.223,"y":1.223},{"time":0.1,"x":0.897,"y":0.906},{"time":0.1667,"x":1.092,"y":1.092},{"time":0.2333,"x":1,"y":1}]}},"deform":{"default":{"clip":{"clip":[{"time":0,"vertices":[-536.0077,29.76001,-536.0077,29.76001,-536.0077,29.76001,-536.0077,29.76001]},{"time":0.1667,"vertices":[-455.6737,17.11198,-455.6737,17.11198,-455.6737,17.11198,-455.6737,17.11198]},{"time":0.3333,"vertices":[-454.9297,0,-454.9297,0,-454.9297,0,-454.9297]},{"time":1.1667,"vertices":[-471.27368,0,-471.27368,0,-471.27368,0,-471.27368]},{"time":2,"vertices":[24.49435,0,24.49435,0,24.49435,0,24.49435]}]}}}},"loop":{"slots":{"win_taixiu_l2":{"color":[{"time":0,"color":"ffffff00"}]},"win_taixiu_l3":{"color":[{"time":0,"color":"ffffff00"}]}},"bones":{"bone2":{"translate":[{"time":0,"x":0,"y":2.1}]}},"deform":{"default":{"clip":{"clip":[{"time":0,"vertices":[-475.42767,0,-475.42767,0,-475.42767,0,-475.42767]},{"time":0.5,"vertices":[-467.42566,0,-467.42566,0,-467.42566,0,-467.42566]},{"time":1.3333,"vertices":[40.86231,0,40.86231,0,40.86231,0,40.86231]}]}}}}}},[0]]],0,0,[0],[-1],[0]]
