[1,["afeulVMj1O57v5eQXCC6c5@f9941"],["spriteFrame"],[["cc.BitmapFont",["_name","fontSize","fntConfig"],0]],[[0,0,1,2,4]],[[0,"roboto_bold_30_2",30,{"commonHeight":40,"fontSize":30,"atlasName":"roboto_bold_30_2.png","fontDefDictionary":{"32":{"xOffset":0,"yOffset":32,"xAdvance":7,"rect":{"x":0,"y":0,"width":0,"height":0}},"33":{"xOffset":2,"yOffset":10,"xAdvance":8,"rect":{"x":2,"y":2,"width":9,"height":26}},"34":{"xOffset":1,"yOffset":9,"xAdvance":10,"rect":{"x":2,"y":30,"width":12,"height":12}},"35":{"xOffset":1,"yOffset":10,"xAdvance":18,"rect":{"x":13,"y":2,"width":21,"height":26}},"36":{"xOffset":1,"yOffset":7,"xAdvance":17,"rect":{"x":2,"y":44,"width":19,"height":32}},"37":{"xOffset":1,"yOffset":10,"xAdvance":22,"rect":{"x":2,"y":78,"width":24,"height":26}},"38":{"xOffset":1,"yOffset":10,"xAdvance":20,"rect":{"x":23,"y":30,"width":23,"height":26}},"39":{"xOffset":1,"yOffset":9,"xAdvance":5,"rect":{"x":23,"y":58,"width":8,"height":12}},"40":{"xOffset":2,"yOffset":8,"xAdvance":10,"rect":{"x":2,"y":106,"width":12,"height":35}},"41":{"xOffset":0,"yOffset":8,"xAdvance":10,"rect":{"x":2,"y":143,"width":13,"height":35}},"42":{"xOffset":0,"yOffset":10,"xAdvance":13,"rect":{"x":36,"y":2,"width":17,"height":17}},"43":{"xOffset":1,"yOffset":14,"xAdvance":16,"rect":{"x":16,"y":106,"width":19,"height":20}},"44":{"xOffset":1,"yOffset":28,"xAdvance":8,"rect":{"x":16,"y":128,"width":10,"height":12}},"45":{"xOffset":2,"yOffset":21,"xAdvance":12,"rect":{"x":28,"y":72,"width":13,"height":8}},"46":{"xOffset":2,"yOffset":28,"xAdvance":9,"rect":{"x":33,"y":58,"width":9,"height":8}},"47":{"xOffset":0,"yOffset":10,"xAdvance":12,"rect":{"x":2,"y":180,"width":17,"height":28}},"48":{"xOffset":1,"yOffset":10,"xAdvance":17,"rect":{"x":17,"y":142,"width":19,"height":26}},"49":{"xOffset":3,"yOffset":10,"xAdvance":17,"rect":{"x":37,"y":82,"width":13,"height":26}},"50":{"xOffset":1,"yOffset":10,"xAdvance":17,"rect":{"x":37,"y":110,"width":19,"height":26}},"51":{"xOffset":1,"yOffset":10,"xAdvance":17,"rect":{"x":48,"y":21,"width":19,"height":26}},"52":{"xOffset":1,"yOffset":10,"xAdvance":17,"rect":{"x":48,"y":49,"width":20,"height":26}},"53":{"xOffset":2,"yOffset":10,"xAdvance":17,"rect":{"x":52,"y":77,"width":19,"height":26}},"54":{"xOffset":1,"yOffset":10,"xAdvance":17,"rect":{"x":69,"y":2,"width":19,"height":26}},"55":{"xOffset":1,"yOffset":10,"xAdvance":17,"rect":{"x":70,"y":30,"width":19,"height":26}},"56":{"xOffset":1,"yOffset":10,"xAdvance":17,"rect":{"x":90,"y":2,"width":19,"height":26}},"57":{"xOffset":1,"yOffset":10,"xAdvance":17,"rect":{"x":2,"y":210,"width":19,"height":26}},"58":{"xOffset":2,"yOffset":15,"xAdvance":9,"rect":{"x":21,"y":170,"width":9,"height":21}},"59":{"xOffset":2,"yOffset":15,"xAdvance":8,"rect":{"x":2,"y":238,"width":10,"height":25}},"60":{"xOffset":1,"yOffset":17,"xAdvance":15,"rect":{"x":2,"y":265,"width":17,"height":19}},"61":{"xOffset":2,"yOffset":17,"xAdvance":17,"rect":{"x":21,"y":193,"width":17,"height":14}},"62":{"xOffset":2,"yOffset":17,"xAdvance":15,"rect":{"x":32,"y":170,"width":17,"height":19}},"63":{"xOffset":0,"yOffset":10,"xAdvance":15,"rect":{"x":38,"y":138,"width":18,"height":26}},"64":{"xOffset":1,"yOffset":11,"xAdvance":27,"rect":{"x":2,"y":286,"width":29,"height":32}},"65":{"xOffset":0,"yOffset":10,"xAdvance":19,"rect":{"x":21,"y":238,"width":24,"height":26}},"66":{"xOffset":2,"yOffset":10,"xAdvance":19,"rect":{"x":111,"y":2,"width":20,"height":26}},"67":{"xOffset":1,"yOffset":10,"xAdvance":19,"rect":{"x":99,"y":66,"width":21,"height":26}},"68":{"xOffset":2,"yOffset":10,"xAdvance":20,"rect":{"x":28,"y":396,"width":21,"height":26}},"69":{"xOffset":2,"yOffset":10,"xAdvance":17,"rect":{"x":51,"y":396,"width":19,"height":26}},"70":{"xOffset":2,"yOffset":10,"xAdvance":17,"rect":{"x":122,"y":66,"width":19,"height":26}},"71":{"xOffset":1,"yOffset":10,"xAdvance":20,"rect":{"x":132,"y":94,"width":21,"height":26}},"72":{"xOffset":2,"yOffset":10,"xAdvance":21,"rect":{"x":125,"y":30,"width":22,"height":26}},"73":{"xOffset":2,"yOffset":10,"xAdvance":9,"rect":{"x":53,"y":424,"width":9,"height":26}},"74":{"xOffset":1,"yOffset":10,"xAdvance":17,"rect":{"x":91,"y":244,"width":19,"height":26}},"75":{"xOffset":2,"yOffset":10,"xAdvance":19,"rect":{"x":97,"y":202,"width":22,"height":26}},"76":{"xOffset":2,"yOffset":10,"xAdvance":16,"rect":{"x":118,"y":166,"width":18,"height":26}},"77":{"xOffset":2,"yOffset":10,"xAdvance":26,"rect":{"x":133,"y":122,"width":27,"height":26}},"78":{"xOffset":2,"yOffset":10,"xAdvance":21,"rect":{"x":155,"y":91,"width":22,"height":26}},"79":{"xOffset":1,"yOffset":10,"xAdvance":20,"rect":{"x":75,"y":326,"width":22,"height":26}},"80":{"xOffset":2,"yOffset":10,"xAdvance":20,"rect":{"x":162,"y":154,"width":21,"height":26}},"81":{"xOffset":1,"yOffset":10,"xAdvance":21,"rect":{"x":169,"y":182,"width":23,"height":29}},"82":{"xOffset":2,"yOffset":10,"xAdvance":20,"rect":{"x":185,"y":154,"width":21,"height":26}},"83":{"xOffset":1,"yOffset":10,"xAdvance":19,"rect":{"x":179,"y":72,"width":21,"height":26}},"84":{"xOffset":0,"yOffset":10,"xAdvance":17,"rect":{"x":182,"y":35,"width":21,"height":26}},"85":{"xOffset":2,"yOffset":10,"xAdvance":21,"rect":{"x":185,"y":2,"width":21,"height":26}},"86":{"xOffset":0,"yOffset":10,"xAdvance":19,"rect":{"x":188,"y":213,"width":24,"height":26}},"87":{"xOffset":0,"yOffset":10,"xAdvance":27,"rect":{"x":194,"y":182,"width":31,"height":26}},"88":{"xOffset":0,"yOffset":10,"xAdvance":19,"rect":{"x":208,"y":133,"width":23,"height":26}},"89":{"xOffset":0,"yOffset":10,"xAdvance":19,"rect":{"x":213,"y":96,"width":24,"height":26}},"90":{"xOffset":1,"yOffset":10,"xAdvance":18,"rect":{"x":143,"y":480,"width":20,"height":26}},"91":{"xOffset":2,"yOffset":7,"xAdvance":8,"rect":{"x":169,"y":402,"width":11,"height":34}},"92":{"xOffset":0,"yOffset":10,"xAdvance":13,"rect":{"x":165,"y":480,"width":18,"height":28}},"93":{"xOffset":0,"yOffset":7,"xAdvance":8,"rect":{"x":169,"y":438,"width":11,"height":34}},"94":{"xOffset":1,"yOffset":10,"xAdvance":13,"rect":{"x":205,"y":38,"width":17,"height":15}},"95":{"xOffset":0,"yOffset":32,"xAdvance":13,"rect":{"x":115,"y":411,"width":18,"height":8}},"96":{"xOffset":0,"yOffset":10,"xAdvance":10,"rect":{"x":125,"y":335,"width":13,"height":8}},"97":{"xOffset":1,"yOffset":16,"xAdvance":16,"rect":{"x":91,"y":489,"width":19,"height":21}},"98":{"xOffset":2,"yOffset":9,"xAdvance":17,"rect":{"x":212,"y":355,"width":19,"height":28}},"99":{"xOffset":1,"yOffset":16,"xAdvance":16,"rect":{"x":112,"y":489,"width":18,"height":21}},"100":{"xOffset":1,"yOffset":9,"xAdvance":17,"rect":{"x":207,"y":421,"width":19,"height":28}},"101":{"xOffset":1,"yOffset":16,"xAdvance":16,"rect":{"x":49,"y":485,"width":18,"height":21}},"102":{"xOffset":0,"yOffset":9,"xAdvance":11,"rect":{"x":223,"y":269,"width":15,"height":28}},"103":{"xOffset":1,"yOffset":16,"xAdvance":17,"rect":{"x":278,"y":2,"width":19,"height":27}},"104":{"xOffset":2,"yOffset":9,"xAdvance":17,"rect":{"x":210,"y":483,"width":18,"height":27}},"105":{"xOffset":2,"yOffset":9,"xAdvance":8,"rect":{"x":23,"y":209,"width":9,"height":27}},"106":{"xOffset":-1,"yOffset":9,"xAdvance":8,"rect":{"x":247,"y":364,"width":12,"height":34}},"107":{"xOffset":2,"yOffset":9,"xAdvance":16,"rect":{"x":251,"y":224,"width":19,"height":27}},"108":{"xOffset":2,"yOffset":9,"xAdvance":8,"rect":{"x":257,"y":253,"width":9,"height":27}},"109":{"xOffset":2,"yOffset":16,"xAdvance":26,"rect":{"x":254,"y":133,"width":27,"height":20}},"110":{"xOffset":2,"yOffset":16,"xAdvance":17,"rect":{"x":274,"y":97,"width":18,"height":20}},"111":{"xOffset":1,"yOffset":16,"xAdvance":17,"rect":{"x":280,"y":63,"width":19,"height":21}},"112":{"xOffset":2,"yOffset":16,"xAdvance":17,"rect":{"x":268,"y":253,"width":19,"height":27}},"113":{"xOffset":1,"yOffset":16,"xAdvance":17,"rect":{"x":272,"y":217,"width":19,"height":27}},"114":{"xOffset":2,"yOffset":16,"xAdvance":11,"rect":{"x":214,"y":332,"width":13,"height":20}},"115":{"xOffset":1,"yOffset":16,"xAdvance":15,"rect":{"x":276,"y":185,"width":18,"height":21}},"116":{"xOffset":0,"yOffset":12,"xAdvance":10,"rect":{"x":289,"y":246,"width":14,"height":24}},"117":{"xOffset":2,"yOffset":16,"xAdvance":17,"rect":{"x":293,"y":208,"width":18,"height":21}},"118":{"xOffset":0,"yOffset":16,"xAdvance":15,"rect":{"x":350,"y":59,"width":20,"height":20}},"119":{"xOffset":0,"yOffset":16,"xAdvance":22,"rect":{"x":366,"y":30,"width":26,"height":20}},"120":{"xOffset":0,"yOffset":16,"xAdvance":15,"rect":{"x":369,"y":2,"width":20,"height":20}},"121":{"xOffset":0,"yOffset":16,"xAdvance":15,"rect":{"x":305,"y":231,"width":20,"height":27}},"122":{"xOffset":1,"yOffset":16,"xAdvance":15,"rect":{"x":313,"y":206,"width":18,"height":20}},"123":{"xOffset":1,"yOffset":8,"xAdvance":10,"rect":{"x":316,"y":170,"width":13,"height":33}},"124":{"xOffset":3,"yOffset":10,"xAdvance":8,"rect":{"x":291,"y":378,"width":7,"height":30}},"125":{"xOffset":0,"yOffset":8,"xAdvance":10,"rect":{"x":331,"y":143,"width":13,"height":33}},"126":{"xOffset":2,"yOffset":20,"xAdvance":19,"rect":{"x":254,"y":499,"width":21,"height":11}},"192":{"xOffset":0,"yOffset":5,"xAdvance":19,"rect":{"x":58,"y":105,"width":24,"height":31}},"193":{"xOffset":0,"yOffset":5,"xAdvance":19,"rect":{"x":40,"y":191,"width":24,"height":31}},"194":{"xOffset":0,"yOffset":5,"xAdvance":19,"rect":{"x":47,"y":224,"width":24,"height":32}},"195":{"xOffset":0,"yOffset":4,"xAdvance":19,"rect":{"x":58,"y":138,"width":24,"height":32}},"200":{"xOffset":2,"yOffset":5,"xAdvance":17,"rect":{"x":49,"y":452,"width":19,"height":31}},"201":{"xOffset":2,"yOffset":5,"xAdvance":17,"rect":{"x":28,"y":452,"width":19,"height":31}},"202":{"xOffset":2,"yOffset":5,"xAdvance":17,"rect":{"x":59,"y":258,"width":19,"height":32}},"204":{"xOffset":-2,"yOffset":5,"xAdvance":9,"rect":{"x":72,"y":377,"width":13,"height":31}},"205":{"xOffset":2,"yOffset":5,"xAdvance":9,"rect":{"x":143,"y":58,"width":13,"height":31}},"210":{"xOffset":1,"yOffset":5,"xAdvance":20,"rect":{"x":161,"y":2,"width":22,"height":31}},"211":{"xOffset":1,"yOffset":5,"xAdvance":20,"rect":{"x":158,"y":38,"width":22,"height":32}},"212":{"xOffset":1,"yOffset":4,"xAdvance":20,"rect":{"x":138,"y":150,"width":22,"height":32}},"213":{"xOffset":1,"yOffset":4,"xAdvance":20,"rect":{"x":112,"y":230,"width":22,"height":33}},"217":{"xOffset":2,"yOffset":5,"xAdvance":21,"rect":{"x":202,"y":63,"width":21,"height":31}},"218":{"xOffset":2,"yOffset":5,"xAdvance":21,"rect":{"x":190,"y":100,"width":21,"height":31}},"221":{"xOffset":0,"yOffset":5,"xAdvance":19,"rect":{"x":225,"y":38,"width":24,"height":31}},"224":{"xOffset":1,"yOffset":10,"xAdvance":16,"rect":{"x":170,"y":364,"width":19,"height":27}},"225":{"xOffset":1,"yOffset":10,"xAdvance":16,"rect":{"x":170,"y":335,"width":19,"height":27}},"226":{"xOffset":1,"yOffset":9,"xAdvance":16,"rect":{"x":257,"y":2,"width":19,"height":27}},"227":{"xOffset":1,"yOffset":9,"xAdvance":16,"rect":{"x":198,"y":241,"width":19,"height":28}},"232":{"xOffset":1,"yOffset":10,"xAdvance":16,"rect":{"x":219,"y":240,"width":18,"height":27}},"233":{"xOffset":1,"yOffset":10,"xAdvance":16,"rect":{"x":203,"y":271,"width":18,"height":27}},"234":{"xOffset":1,"yOffset":9,"xAdvance":16,"rect":{"x":260,"y":68,"width":18,"height":27}},"236":{"xOffset":-2,"yOffset":10,"xAdvance":8,"rect":{"x":239,"y":299,"width":13,"height":26}},"237":{"xOffset":2,"yOffset":10,"xAdvance":8,"rect":{"x":133,"y":2,"width":13,"height":26}},"242":{"xOffset":1,"yOffset":10,"xAdvance":17,"rect":{"x":299,"y":2,"width":19,"height":27}},"243":{"xOffset":1,"yOffset":10,"xAdvance":17,"rect":{"x":296,"y":31,"width":19,"height":27}},"244":{"xOffset":1,"yOffset":9,"xAdvance":17,"rect":{"x":294,"y":86,"width":19,"height":27}},"245":{"xOffset":1,"yOffset":9,"xAdvance":17,"rect":{"x":268,"y":155,"width":19,"height":28}},"249":{"xOffset":2,"yOffset":10,"xAdvance":17,"rect":{"x":304,"y":115,"width":18,"height":26}},"250":{"xOffset":2,"yOffset":10,"xAdvance":17,"rect":{"x":289,"y":147,"width":18,"height":26}},"253":{"xOffset":0,"yOffset":10,"xAdvance":15,"rect":{"x":269,"y":384,"width":20,"height":32}},"258":{"xOffset":0,"yOffset":4,"xAdvance":19,"rect":{"x":2,"y":353,"width":24,"height":32}},"259":{"xOffset":1,"yOffset":9,"xAdvance":16,"rect":{"x":214,"y":210,"width":19,"height":28}},"272":{"xOffset":0,"yOffset":10,"xAdvance":20,"rect":{"x":28,"y":424,"width":23,"height":26}},"273":{"xOffset":1,"yOffset":9,"xAdvance":17,"rect":{"x":224,"y":385,"width":21,"height":28}},"296":{"xOffset":-1,"yOffset":4,"xAdvance":9,"rect":{"x":75,"y":292,"width":15,"height":32}},"297":{"xOffset":-1,"yOffset":9,"xAdvance":8,"rect":{"x":240,"y":255,"width":15,"height":27}},"360":{"xOffset":2,"yOffset":4,"xAdvance":21,"rect":{"x":91,"y":421,"width":21,"height":33}},"361":{"xOffset":2,"yOffset":9,"xAdvance":17,"rect":{"x":315,"y":85,"width":18,"height":27}},"416":{"xOffset":1,"yOffset":8,"xAdvance":21,"rect":{"x":87,"y":391,"width":26,"height":28}},"417":{"xOffset":1,"yOffset":14,"xAdvance":17,"rect":{"x":301,"y":60,"width":22,"height":23}},"431":{"xOffset":2,"yOffset":8,"xAdvance":21,"rect":{"x":114,"y":421,"width":27,"height":28}},"432":{"xOffset":2,"yOffset":14,"xAdvance":17,"rect":{"x":325,"y":60,"width":23,"height":22}},"7840":{"xOffset":0,"yOffset":10,"xAdvance":19,"rect":{"x":2,"y":320,"width":24,"height":31}},"7841":{"xOffset":1,"yOffset":16,"xAdvance":16,"rect":{"x":28,"y":485,"width":19,"height":25}},"7842":{"xOffset":0,"yOffset":3,"xAdvance":19,"rect":{"x":73,"y":58,"width":24,"height":34}},"7843":{"xOffset":1,"yOffset":7,"xAdvance":16,"rect":{"x":182,"y":292,"width":19,"height":29}},"7844":{"xOffset":0,"yOffset":2,"xAdvance":19,"rect":{"x":66,"y":172,"width":25,"height":34}},"7845":{"xOffset":1,"yOffset":7,"xAdvance":16,"rect":{"x":182,"y":427,"width":23,"height":30}},"7846":{"xOffset":-1,"yOffset":2,"xAdvance":19,"rect":{"x":84,"y":94,"width":25,"height":34}},"7847":{"xOffset":-3,"yOffset":7,"xAdvance":16,"rect":{"x":185,"y":459,"width":23,"height":30}},"7848":{"xOffset":0,"yOffset":2,"xAdvance":19,"rect":{"x":84,"y":130,"width":24,"height":34}},"7849":{"xOffset":1,"yOffset":7,"xAdvance":16,"rect":{"x":191,"y":323,"width":21,"height":30}},"7850":{"xOffset":0,"yOffset":2,"xAdvance":19,"rect":{"x":99,"y":30,"width":24,"height":34}},"7851":{"xOffset":1,"yOffset":6,"xAdvance":16,"rect":{"x":191,"y":355,"width":19,"height":30}},"7852":{"xOffset":0,"yOffset":5,"xAdvance":19,"rect":{"x":28,"y":357,"width":24,"height":37}},"7853":{"xOffset":1,"yOffset":9,"xAdvance":16,"rect":{"x":203,"y":387,"width":19,"height":32}},"7854":{"xOffset":0,"yOffset":2,"xAdvance":19,"rect":{"x":2,"y":387,"width":24,"height":34}},"7855":{"xOffset":1,"yOffset":7,"xAdvance":16,"rect":{"x":227,"y":161,"width":19,"height":30}},"7856":{"xOffset":0,"yOffset":2,"xAdvance":19,"rect":{"x":2,"y":423,"width":24,"height":34}},"7857":{"xOffset":1,"yOffset":7,"xAdvance":16,"rect":{"x":233,"y":124,"width":19,"height":30}},"7858":{"xOffset":0,"yOffset":0,"xAdvance":19,"rect":{"x":2,"y":459,"width":24,"height":36}},"7859":{"xOffset":1,"yOffset":5,"xAdvance":16,"rect":{"x":239,"y":71,"width":19,"height":32}},"7860":{"xOffset":0,"yOffset":1,"xAdvance":19,"rect":{"x":28,"y":320,"width":24,"height":35}},"7861":{"xOffset":1,"yOffset":6,"xAdvance":16,"rect":{"x":251,"y":35,"width":19,"height":31}},"7862":{"xOffset":0,"yOffset":4,"xAdvance":19,"rect":{"x":33,"y":266,"width":24,"height":37}},"7863":{"xOffset":1,"yOffset":9,"xAdvance":16,"rect":{"x":182,"y":393,"width":19,"height":32}},"7864":{"xOffset":2,"yOffset":10,"xAdvance":17,"rect":{"x":54,"y":305,"width":19,"height":31}},"7865":{"xOffset":1,"yOffset":16,"xAdvance":16,"rect":{"x":254,"y":105,"width":18,"height":26}},"7866":{"xOffset":2,"yOffset":3,"xAdvance":17,"rect":{"x":70,"y":424,"width":19,"height":34}},"7867":{"xOffset":1,"yOffset":7,"xAdvance":16,"rect":{"x":235,"y":193,"width":18,"height":29}},"7868":{"xOffset":2,"yOffset":4,"xAdvance":17,"rect":{"x":70,"y":460,"width":19,"height":32}},"7869":{"xOffset":1,"yOffset":9,"xAdvance":16,"rect":{"x":248,"y":156,"width":18,"height":28}},"7870":{"xOffset":2,"yOffset":2,"xAdvance":17,"rect":{"x":73,"y":208,"width":22,"height":34}},"7871":{"xOffset":1,"yOffset":7,"xAdvance":16,"rect":{"x":272,"y":31,"width":22,"height":30}},"7872":{"xOffset":-2,"yOffset":2,"xAdvance":17,"rect":{"x":93,"y":166,"width":23,"height":34}},"7873":{"xOffset":-3,"yOffset":7,"xAdvance":16,"rect":{"x":214,"y":300,"width":23,"height":30}},"7874":{"xOffset":2,"yOffset":2,"xAdvance":17,"rect":{"x":110,"y":130,"width":21,"height":34}},"7875":{"xOffset":1,"yOffset":7,"xAdvance":16,"rect":{"x":233,"y":332,"width":21,"height":30}},"7876":{"xOffset":2,"yOffset":2,"xAdvance":17,"rect":{"x":111,"y":94,"width":19,"height":34}},"7877":{"xOffset":1,"yOffset":6,"xAdvance":16,"rect":{"x":210,"y":451,"width":18,"height":30}},"7878":{"xOffset":2,"yOffset":5,"xAdvance":17,"rect":{"x":54,"y":338,"width":19,"height":37}},"7879":{"xOffset":1,"yOffset":9,"xAdvance":16,"rect":{"x":228,"y":415,"width":18,"height":32}},"7880":{"xOffset":2,"yOffset":3,"xAdvance":9,"rect":{"x":149,"y":2,"width":10,"height":34}},"7881":{"xOffset":2,"yOffset":8,"xAdvance":8,"rect":{"x":239,"y":224,"width":10,"height":29}},"7882":{"xOffset":2,"yOffset":10,"xAdvance":9,"rect":{"x":80,"y":244,"width":9,"height":31}},"7883":{"xOffset":2,"yOffset":9,"xAdvance":8,"rect":{"x":254,"y":284,"width":9,"height":32}},"7884":{"xOffset":1,"yOffset":10,"xAdvance":20,"rect":{"x":121,"y":194,"width":22,"height":31}},"7885":{"xOffset":1,"yOffset":16,"xAdvance":17,"rect":{"x":283,"y":119,"width":19,"height":26}},"7886":{"xOffset":1,"yOffset":2,"xAdvance":20,"rect":{"x":92,"y":272,"width":22,"height":34}},"7887":{"xOffset":1,"yOffset":7,"xAdvance":17,"rect":{"x":255,"y":186,"width":19,"height":29}},"7888":{"xOffset":1,"yOffset":2,"xAdvance":20,"rect":{"x":87,"y":354,"width":24,"height":35}},"7889":{"xOffset":1,"yOffset":7,"xAdvance":17,"rect":{"x":256,"y":318,"width":23,"height":30}},"7890":{"xOffset":-1,"yOffset":2,"xAdvance":20,"rect":{"x":99,"y":308,"width":24,"height":35}},"7891":{"xOffset":-2,"yOffset":7,"xAdvance":17,"rect":{"x":265,"y":282,"width":23,"height":30}},"7892":{"xOffset":1,"yOffset":2,"xAdvance":20,"rect":{"x":116,"y":265,"width":23,"height":35}},"7893":{"xOffset":1,"yOffset":7,"xAdvance":17,"rect":{"x":230,"y":449,"width":21,"height":30}},"7894":{"xOffset":1,"yOffset":1,"xAdvance":20,"rect":{"x":136,"y":227,"width":22,"height":35}},"7895":{"xOffset":1,"yOffset":6,"xAdvance":17,"rect":{"x":248,"y":400,"width":19,"height":30}},"7896":{"xOffset":1,"yOffset":4,"xAdvance":20,"rect":{"x":145,"y":184,"width":22,"height":37}},"7897":{"xOffset":1,"yOffset":9,"xAdvance":17,"rect":{"x":261,"y":350,"width":19,"height":32}},"7898":{"xOffset":1,"yOffset":5,"xAdvance":21,"rect":{"x":113,"y":345,"width":26,"height":31}},"7899":{"xOffset":1,"yOffset":10,"xAdvance":17,"rect":{"x":317,"y":31,"width":22,"height":27}},"7900":{"xOffset":1,"yOffset":5,"xAdvance":21,"rect":{"x":125,"y":302,"width":26,"height":31}},"7901":{"xOffset":1,"yOffset":10,"xAdvance":17,"rect":{"x":320,"y":2,"width":22,"height":27}},"7902":{"xOffset":1,"yOffset":3,"xAdvance":21,"rect":{"x":141,"y":264,"width":26,"height":34}},"7903":{"xOffset":1,"yOffset":7,"xAdvance":17,"rect":{"x":230,"y":481,"width":22,"height":29}},"7904":{"xOffset":1,"yOffset":4,"xAdvance":21,"rect":{"x":160,"y":223,"width":26,"height":32}},"7905":{"xOffset":1,"yOffset":9,"xAdvance":17,"rect":{"x":281,"y":314,"width":22,"height":28}},"7906":{"xOffset":1,"yOffset":8,"xAdvance":21,"rect":{"x":162,"y":119,"width":26,"height":33}},"7907":{"xOffset":1,"yOffset":14,"xAdvance":17,"rect":{"x":253,"y":432,"width":22,"height":28}},"7908":{"xOffset":2,"yOffset":10,"xAdvance":21,"rect":{"x":91,"y":456,"width":21,"height":31}},"7909":{"xOffset":2,"yOffset":16,"xAdvance":17,"rect":{"x":309,"y":143,"width":18,"height":25}},"7910":{"xOffset":2,"yOffset":3,"xAdvance":21,"rect":{"x":208,"y":2,"width":21,"height":34}},"7911":{"xOffset":2,"yOffset":8,"xAdvance":17,"rect":{"x":296,"y":175,"width":18,"height":29}},"7912":{"xOffset":2,"yOffset":5,"xAdvance":21,"rect":{"x":115,"y":378,"width":27,"height":31}},"7913":{"xOffset":2,"yOffset":10,"xAdvance":17,"rect":{"x":341,"y":31,"width":23,"height":26}},"7914":{"xOffset":2,"yOffset":5,"xAdvance":21,"rect":{"x":141,"y":335,"width":27,"height":31}},"7915":{"xOffset":2,"yOffset":10,"xAdvance":17,"rect":{"x":344,"y":2,"width":23,"height":26}},"7916":{"xOffset":2,"yOffset":3,"xAdvance":21,"rect":{"x":114,"y":451,"width":27,"height":34}},"7917":{"xOffset":2,"yOffset":8,"xAdvance":17,"rect":{"x":290,"y":272,"width":23,"height":29}},"7918":{"xOffset":2,"yOffset":4,"xAdvance":21,"rect":{"x":153,"y":300,"width":27,"height":33}},"7919":{"xOffset":2,"yOffset":9,"xAdvance":17,"rect":{"x":324,"y":114,"width":23,"height":27}},"7920":{"xOffset":2,"yOffset":8,"xAdvance":21,"rect":{"x":169,"y":257,"width":27,"height":33}},"7921":{"xOffset":2,"yOffset":14,"xAdvance":17,"rect":{"x":335,"y":84,"width":23,"height":27}},"7922":{"xOffset":0,"yOffset":5,"xAdvance":19,"rect":{"x":231,"y":2,"width":24,"height":31}},"7923":{"xOffset":0,"yOffset":10,"xAdvance":15,"rect":{"x":282,"y":344,"width":20,"height":32}},"7924":{"xOffset":0,"yOffset":10,"xAdvance":19,"rect":{"x":143,"y":447,"width":24,"height":31}},"7925":{"xOffset":0,"yOffset":16,"xAdvance":15,"rect":{"x":277,"y":418,"width":20,"height":28}},"7926":{"xOffset":0,"yOffset":3,"xAdvance":19,"rect":{"x":143,"y":411,"width":24,"height":34}},"7927":{"xOffset":0,"yOffset":8,"xAdvance":15,"rect":{"x":254,"y":462,"width":20,"height":35}},"7928":{"xOffset":0,"yOffset":4,"xAdvance":19,"rect":{"x":144,"y":368,"width":24,"height":32}},"7929":{"xOffset":0,"yOffset":9,"xAdvance":15,"rect":{"x":276,"y":462,"width":20,"height":34}}},"kerningDict":{}}]],0,0,[0],[0],[0]]
