[1,["d9dAi/S1VFOIKyi4xbFnmZ"],0,[["sp.SkeletonData",["_name","_atlasText","textureNames","_skeletonJson","textures"],-1,3]],[[0,0,1,2,3,4,5]],[[0,"skeleton","\nskeleton.png\nsize: 1024,512\nformat: RGBA8888\nfilter: Linear,Linear\nrepeat: none\nBẦU CUA\n  rotate: false\n  xy: 772, 423\n  size: 220, 87\n  orig: 220, 87\n  offset: 0, 0\n  index: -1\nGroup 1\n  rotate: false\n  xy: 2, 2\n  size: 116, 135\n  orig: 116, 135\n  offset: 0, 0\n  index: -1\nGroup 2\n  rotate: false\n  xy: 567, 180\n  size: 126, 120\n  orig: 126, 120\n  offset: 0, 0\n  index: -1\nGroup 3\n  rotate: false\n  xy: 120, 39\n  size: 106, 98\n  orig: 106, 98\n  offset: 0, 0\n  index: -1\nGroup 4\n  rotate: false\n  xy: 2, 139\n  size: 281, 371\n  orig: 281, 371\n  offset: 0, 0\n  index: -1\nLayer 1 copy 2\n  rotate: false\n  xy: 567, 302\n  size: 203, 208\n  orig: 203, 208\n  offset: 0, 0\n  index: -1\nborderTAIXIU\n  rotate: false\n  xy: 285, 140\n  size: 280, 370\n  orig: 280, 370\n  offset: 0, 0\n  index: -1\n",["skeleton.png"],{"skeleton":{"hash":"hXLXdHSJwpZ//YlaKF6O2EQs21s","spine":"3.7.94","width":281,"height":371,"images":"../../ICON/BAU_CUA/","audio":""},"bones":[{"name":"root"},{"name":"bone","parent":"root","length":100,"x":41.06,"y":47.41,"color":"ff0000ff"},{"name":"bone2","parent":"bone","length":20.15,"rotation":165.96,"x":-61.36,"y":5.97,"color":"ff0000ff"},{"name":"bone3","parent":"bone2","length":53.53,"rotation":97.82,"x":20.15,"color":"ff0000ff"},{"name":"bone4","parent":"bone","length":26.39,"rotation":153.08,"x":-75.48,"y":18.64,"color":"ff0000ff"},{"name":"bone5","parent":"bone4","length":10.44,"rotation":54.81,"x":26.39,"color":"ff0000ff"},{"name":"bone6","parent":"bone5","length":13.87,"rotation":69.6,"x":10.44,"color":"ff0000ff"},{"name":"bone7","parent":"bone","length":24.71,"rotation":112.23,"x":-64.88,"y":23.37,"color":"ff0000ff"},{"name":"bone8","parent":"bone7","length":16.06,"rotation":-49.57,"x":24.71,"color":"ff0000ff"},{"name":"bone9","parent":"bone","length":19.45,"rotation":87.83,"x":-54.79,"y":29.27,"color":"ff0000ff"},{"name":"bone10","parent":"bone9","length":23.42,"rotation":-56.14,"x":19.45,"color":"ff0000ff"},{"name":"bone11","parent":"bone","length":22.11,"rotation":34.57,"x":45.58,"y":-37.4,"color":"ff0000ff"},{"name":"bone12","parent":"bone11","length":19.69,"rotation":56.86,"x":22.11,"color":"ff0000ff"},{"name":"bone13","parent":"bone","length":23.29,"rotation":-2.73,"x":47.88,"y":-47.25,"color":"ff0000ff"},{"name":"bone14","parent":"bone13","length":14.12,"rotation":67.17,"x":23.29,"color":"ff0000ff"},{"name":"bone15","parent":"bone","length":29.95,"rotation":-44.02,"x":43.97,"y":-57.6,"color":"ff0000ff"},{"name":"bone16","parent":"bone15","length":15.17,"rotation":-79.93,"x":29.95,"color":"ff0000ff"},{"name":"bone17","parent":"bone16","length":8.51,"rotation":-70.88,"x":15.17,"color":"ff0000ff"},{"name":"bone18","parent":"bone","length":15.75,"rotation":-92.64,"x":35.02,"y":-65.58,"color":"ff0000ff"},{"name":"bone19","parent":"bone18","length":69.67,"rotation":-53.83,"x":15.75,"color":"ff0000ff"},{"name":"bone20","parent":"root","length":102.78,"rotation":-179.1,"x":-0.04,"y":118.9,"color":"06ff00ff"},{"name":"bone21","parent":"root","length":61.81,"rotation":-78.77,"x":-45.53,"y":-34.81,"color":"b300ffff"},{"name":"bone22","parent":"root","length":70.86,"rotation":-140.42,"x":60.25,"y":-97.16,"color":"a900ffff"},{"name":"bone23","parent":"root","length":49.81,"rotation":-116.12,"x":-52.41,"y":-120.81,"color":"a500ffff"},{"name":"bone24","parent":"root","length":61.81,"rotation":-78.77,"x":-45.53,"y":-34.81,"color":"b300ffff"},{"name":"bone25","parent":"root","length":70.86,"rotation":-140.42,"x":60.25,"y":-97.16,"color":"a900ffff"},{"name":"bone26","parent":"root","length":49.81,"rotation":-116.12,"x":-52.41,"y":-120.81,"color":"a500ffff"}],"slots":[{"name":"Group 4","bone":"root","attachment":"Group 4"},{"name":"Group 3","bone":"bone23","attachment":"Group 3"},{"name":"borderTAIXIU","bone":"root","attachment":"borderTAIXIU"},{"name":"Group 2","bone":"bone21","attachment":"Group 2"},{"name":"Group 1","bone":"bone22","attachment":"Group 1"},{"name":"Layer 1 copy 2","bone":"root","attachment":"Layer 1 copy 2"},{"name":"BẦU CUA","bone":"bone20","attachment":"BẦU CUA"},{"name":"clip","bone":"root","attachment":"clip"},{"name":"BẦU CUA2","bone":"bone20","attachment":"BẦU CUA","blend":"additive"},{"name":"Group 7","bone":"bone26","attachment":"Group 3","blend":"additive"},{"name":"Group 6","bone":"bone25","attachment":"Group 1","blend":"additive"},{"name":"Group 5","bone":"bone24","attachment":"Group 2","blend":"additive"}],"skins":{"default":{"BẦU CUA":{"BẦU CUA":{"type":"mesh","hull":4,"width":220,"height":87,"uvs":[1,1,0,1,0,0,1,0],"triangles":[1,2,3,1,3,0],"vertices":[-109.43,39.62,110.55,36.17,109.18,-50.82,-110.79,-47.37],"edges":[0,2,2,4,4,6,0,6]}},"BẦU CUA2":{"BẦU CUA":{"type":"mesh","hull":4,"width":220,"height":87,"uvs":[1,1,0,1,0,0,1,0],"triangles":[1,2,3,1,3,0],"vertices":[-109.43,39.62,110.55,36.17,109.18,-50.82,-110.79,-47.37],"edges":[0,2,2,4,4,6,0,6]}},"Group 1":{"Group 1":{"type":"mesh","hull":23,"width":116,"height":135,"uvs":[0.04239,0.47059,0,0.80074,0.0016,0.84685,0.02092,0.88374,0.07888,0.91694,0.66488,1,0.72713,1,0.7808,0.99257,0.82802,0.96121,0.84734,0.91325,1,0.5333,1,0.48903,1,0.42448,0.96969,0.18654,0.95682,0.14966,0.92462,0.11646,0.86451,0.09986,0.33002,0.00026,0.26992,0,0.2184,0.00026,0.1905,0.02054,0.15615,0.06297,0.14327,0.10354,0.16836,0.36943],"triangles":[20,22,21,23,22,20,0,22,23,15,14,13,13,12,15,12,16,15,16,23,17,16,12,23,23,20,18,20,19,18,23,18,17,12,11,23,23,11,10,3,2,1,1,23,3,23,1,0,10,5,23,4,3,23,4,23,5,9,5,10,8,7,9,5,9,6,7,6,9],"vertices":[37.41,-44.73,69.6,-13.51,73.42,-8.59,74.87,-3.33,72.54,4.41,27.3,56.37,21.73,60.97,16.29,64.16,9.37,64.39,4,61.41,-42.81,32.58,-46.62,27.98,-52.17,21.26,-69.93,-5.74,-71.95,-10.53,-71.93,-16.36,-67.98,-22.53,-28.77,-72.4,-23.41,-76.87,-18.79,-80.65,-14.55,-80.6,-7.83,-78.73,-3.19,-75.46,17.44,-45.94],"edges":[0,2,2,4,4,6,6,8,8,10,10,12,12,14,14,16,16,18,18,20,20,22,22,24,24,26,26,28,28,30,30,32,32,34,34,36,36,38,38,40,40,42,42,44,0,44,6,46,40,46,46,22]}},"Group 2":{"Group 2":{"type":"mesh","hull":18,"width":126,"height":120,"uvs":[0.00759,0.35442,0,0.38417,0,0.41917,0,0.45592,0.24259,0.82867,0.57925,1,0.64925,1,0.67759,0.97567,1,0.59067,1,0.54867,1,0.50142,0.80925,0.11642,0.78259,0.07967,0.74092,0.05692,0.70592,0.05692,0.45925,0,0.40759,0,0.35425,0,0.36301,0.54545],"triangles":[2,1,0,18,3,2,18,17,16,0,17,18,18,2,0,18,16,15,14,18,15,12,18,14,12,14,13,10,18,11,9,7,10,4,3,18,18,10,7,11,18,12,8,7,9,5,4,18,18,6,5,7,6,18],"vertices":[-26.57,-60.49,-23.26,-62.13,-19.14,-62.94,-14.81,-63.8,35.01,-42.53,63.44,-4.93,65.16,3.72,62.99,7.79,25.59,56.63,20.64,57.62,15.08,58.72,-34.91,44.15,-39.89,41.71,-43.59,37.09,-44.45,32.77,-57.21,3.61,-58.47,-2.77,-59.78,-9.37,4.63,-21.03],"edges":[0,2,2,4,4,6,6,8,8,10,10,12,12,14,14,16,16,18,18,20,20,22,22,24,24,26,26,28,28,30,30,32,32,34,0,34,4,36,36,24,36,12]}},"Group 3":{"Group 3":{"type":"mesh","hull":22,"width":106,"height":98,"uvs":[0.01986,0.3982,0.00544,0.42941,0.00151,0.47621,0.02511,0.52869,0.24148,0.96129,0.26902,0.9854,0.31885,0.99817,0.72329,0.95638,0.75541,0.95034,0.78473,0.92693,0.81125,0.89521,0.99311,0.57741,1,0.55316,0.99933,0.51276,0.98314,0.48717,0.8103,0.05723,0.79313,0.03069,0.76124,0.00682,0.7036,0,0.34059,0.09835,0.30993,0.10896,0.2854,0.13018,0.49707,0.33139],"triangles":[22,19,18,16,22,18,16,18,17,22,1,0,0,21,22,19,21,20,22,21,19,3,1,22,2,1,3,12,11,14,12,14,13,14,22,15,11,22,14,22,10,9,15,22,16,22,11,10,9,7,22,22,4,3,9,8,7,22,6,4,6,5,4,22,7,6],"vertices":[12.96,-53.21,16.38,-53.24,20.68,-51.59,24.2,-47.08,52.17,-7.82,53,-4.16,51.8,1.13,29.25,37.82,27.22,40.62,23.79,42.4,19.76,43.56,-16.69,47.15,-19.15,46.76,-22.67,44.95,-24.17,42.31,-53.93,7.31,-55.46,4.53,-56.08,0.46,-53.99,-5.32,-28.39,-35.62,-26.03,-38.08,-23.01,-39.5,-15.19,-10.67],"edges":[0,2,2,4,4,6,6,8,8,10,10,12,12,14,14,16,16,18,18,20,20,22,22,24,24,26,26,28,28,30,30,32,32,34,34,36,36,38,38,40,40,42,0,42,2,44,44,32,44,18]}},"Group 4":{"Group 4":{"type":"mesh","hull":4,"width":281,"height":371,"uvs":[1,1,0,1,0,0,1,0],"triangles":[1,2,3,1,3,0],"vertices":[141,-185,-140,-185,-140,186,141,186],"edges":[0,2,2,4,4,6,0,6]}},"Group 5":{"Group 2":{"type":"mesh","hull":18,"width":126,"height":120,"uvs":[0.00759,0.35442,0,0.38417,0,0.41917,0,0.45592,0.24259,0.82867,0.57925,1,0.64925,1,0.67759,0.97567,1,0.59067,1,0.54867,1,0.50142,0.80925,0.11642,0.78259,0.07967,0.74092,0.05692,0.70592,0.05692,0.45925,0,0.40759,0,0.35425,0,0.36301,0.54545],"triangles":[2,1,0,18,3,2,18,17,16,0,17,18,18,2,0,18,16,15,14,18,15,12,18,14,12,14,13,10,18,11,9,7,10,4,3,18,18,10,7,11,18,12,8,7,9,5,4,18,18,6,5,7,6,18],"vertices":[-26.57,-60.49,-23.26,-62.13,-19.14,-62.94,-14.81,-63.8,35.01,-42.53,63.44,-4.93,65.16,3.72,62.99,7.79,25.59,56.63,20.64,57.62,15.08,58.72,-34.91,44.15,-39.89,41.71,-43.59,37.09,-44.45,32.77,-57.21,3.61,-58.47,-2.77,-59.78,-9.37,4.63,-21.03],"edges":[0,2,2,4,4,6,6,8,8,10,10,12,12,14,14,16,16,18,18,20,20,22,22,24,24,26,26,28,28,30,30,32,32,34,0,34,4,36,36,24,36,12]}},"Group 6":{"Group 1":{"type":"mesh","hull":23,"width":116,"height":135,"uvs":[0.04239,0.47059,0,0.80074,0.0016,0.84685,0.02092,0.88374,0.07888,0.91694,0.66488,1,0.72713,1,0.7808,0.99257,0.82802,0.96121,0.84734,0.91325,1,0.5333,1,0.48903,1,0.42448,0.96969,0.18654,0.95682,0.14966,0.92462,0.11646,0.86451,0.09986,0.33002,0.00026,0.26992,0,0.2184,0.00026,0.1905,0.02054,0.15615,0.06297,0.14327,0.10354,0.16836,0.36943],"triangles":[20,22,21,23,22,20,0,22,23,15,14,13,13,12,15,12,16,15,16,23,17,16,12,23,23,20,18,20,19,18,23,18,17,12,11,23,23,11,10,3,2,1,1,23,3,23,1,0,10,5,23,4,3,23,4,23,5,9,5,10,8,7,9,5,9,6,7,6,9],"vertices":[37.41,-44.73,69.6,-13.51,73.42,-8.59,74.87,-3.33,72.54,4.41,27.3,56.37,21.73,60.97,16.29,64.16,9.37,64.39,4,61.41,-42.81,32.58,-46.62,27.98,-52.17,21.26,-69.93,-5.74,-71.95,-10.53,-71.93,-16.36,-67.98,-22.53,-28.77,-72.4,-23.41,-76.87,-18.79,-80.65,-14.55,-80.6,-7.83,-78.73,-3.19,-75.46,17.44,-45.94],"edges":[0,2,2,4,4,6,6,8,8,10,10,12,12,14,14,16,16,18,18,20,20,22,22,24,24,26,26,28,28,30,30,32,32,34,34,36,36,38,38,40,40,42,42,44,0,44,6,46,40,46,46,22]}},"Group 7":{"Group 3":{"type":"mesh","hull":22,"width":106,"height":98,"uvs":[0.01986,0.3982,0.00544,0.42941,0.00151,0.47621,0.02511,0.52869,0.24148,0.96129,0.26902,0.9854,0.31885,0.99817,0.72329,0.95638,0.75541,0.95034,0.78473,0.92693,0.81125,0.89521,0.99311,0.57741,1,0.55316,0.99933,0.51276,0.98314,0.48717,0.8103,0.05723,0.79313,0.03069,0.76124,0.00682,0.7036,0,0.34059,0.09835,0.30993,0.10896,0.2854,0.13018,0.49707,0.33139],"triangles":[22,19,18,16,22,18,16,18,17,22,1,0,0,21,22,19,21,20,22,21,19,3,1,22,2,1,3,12,11,14,12,14,13,14,22,15,11,22,14,22,10,9,15,22,16,22,11,10,9,7,22,22,4,3,9,8,7,22,6,4,6,5,4,22,7,6],"vertices":[12.96,-53.21,16.38,-53.24,20.68,-51.59,24.2,-47.08,52.17,-7.82,53,-4.16,51.8,1.13,29.25,37.82,27.22,40.62,23.79,42.4,19.76,43.56,-16.69,47.15,-19.15,46.76,-22.67,44.95,-24.17,42.31,-53.93,7.31,-55.46,4.53,-56.08,0.46,-53.99,-5.32,-28.39,-35.62,-26.03,-38.08,-23.01,-39.5,-15.19,-10.67],"edges":[0,2,2,4,4,6,6,8,8,10,10,12,12,14,14,16,16,18,18,20,20,22,22,24,24,26,26,28,28,30,30,32,32,34,34,36,36,38,38,40,40,42,0,42,2,44,44,32,44,18]}},"Layer 1 copy 2":{"Layer 1 copy 2":{"type":"mesh","hull":149,"width":203,"height":208,"uvs":[0.10213,0.30442,0.10175,0.28506,0.09689,0.2551,0.09839,0.24085,0.1186,0.24414,0.1362,0.25656,0.13358,0.27702,0.1201,0.30442,0.11373,0.31977,0.09539,0.36069,0.08903,0.40271,0.09899,0.51698,0.11836,0.56508,0.14215,0.59626,0.16934,0.59825,0.17593,0.57831,0.16449,0.55971,0.15898,0.54087,0.16095,0.52087,0.16567,0.49702,0.17474,0.50433,0.17789,0.53163,0.18104,0.55971,0.18814,0.57202,0.20508,0.56663,0.22439,0.53663,0.24016,0.49087,0.2504,0.44663,0.25513,0.41048,0.25714,0.37467,0.26415,0.40619,0.28867,0.42139,0.29411,0.44266,0.31513,0.45215,0.33225,0.4681,0.36572,0.50115,0.39967,0.53484,0.42813,0.55645,0.45712,0.55696,0.48347,0.58063,0.52722,0.59966,0.56834,0.62127,0.61788,0.64647,0.65531,0.64544,0.67006,0.66859,0.71592,0.67425,0.73331,0.69431,0.69536,0.69329,0.65478,0.71952,0.60418,0.7473,0.55671,0.78112,0.52106,0.81334,0.49004,0.85392,0.45902,0.87454,0.42865,0.90095,0.43393,0.92221,0.42799,0.95893,0.4676,0.96086,0.52437,0.94154,0.59236,0.9235,0.65704,0.8842,0.71447,0.84812,0.76332,0.81784,0.78444,0.76888,0.79633,0.74762,0.81349,0.73667,0.82603,0.69286,0.88412,0.72701,0.86168,0.75149,0.80623,0.75342,0.80425,0.77533,0.85573,0.80367,0.91129,0.80233,0.94484,0.77084,0.95775,0.73305,0.94162,0.68834,0.91258,0.65747,0.86741,0.62221,0.82546,0.5989,0.88935,0.62472,0.93258,0.62221,0.96872,0.60394,0.99116,0.5754,1,0.54564,0.99366,0.51295,0.97549,0.47576,0.95049,0.45881,0.94632,0.48119,0.95465,0.5144,0.95118,0.53948,0.92756,0.55372,0.87755,0.54762,0.84283,0.54897,0.88589,0.53474,0.92131,0.49271,0.9359,0.47034,0.95049,0.42763,0.92062,0.3734,0.88172,0.33137,0.86853,0.3429,0.88797,0.37476,0.89006,0.41746,0.8845,0.44458,0.86297,0.46492,0.81852,0.48729,0.79698,0.47169,0.80254,0.45136,0.83032,0.43238,0.82338,0.36866,0.79768,0.32256,0.75184,0.30629,0.71433,0.2968,0.62946,0.23633,0.56136,0.20933,0.54008,0.17247,0.5039,0.14858,0.45123,0.14547,0.40282,0.16156,0.38899,0.20414,0.37249,0.20933,0.356,0.20518,0.36292,0.1652,0.36132,0.12574,0.37857,0.0985,0.41521,0.0725,0.47015,0.066,0.45766,0.04325,0.40438,0.04,0.34611,0.05462,0.31197,0.09525,0.29033,0.15862,0.29699,0.20819,0.27701,0.15537,0.25869,0.118,0.25953,0.08631,0.28866,0.07169,0.32946,0.05056,0.30032,0.03431,0.23455,0.04244,0.20208,0.08712,0.20042,0.14237,0.20957,0.18462,0.23538,0.23012,0.18543,0.19031,0.11966,0.16756,0.06389,0.17894,0.03308,0.22119,0.04557,0.27156,0.08054,0.313,0.25813,0.35524,0.28512,0.36003,0.32028,0.32411,0.2982,0.29618,0.23033,0.26186,0.1551,0.25069,0.27724,0.28558,0.26958,0.2483,0.3121,0.2475,0.30311,0.22435,0.32437,0.22834,0.34972,0.22435,0.81092,0.51544,0.82705,0.53811,0.81092,0.55449,0.78704,0.56771,0.80317,0.58535,0.79956,0.5972,0.77908,0.60005,0.7781,0.62385,0.81273,0.6486,0.72435,0.65892,0.7307,0.62796,0.76242,0.62563,0.7997,0.65659,0.42807,0.19539,0.51817,0.20359,0.73349,0.33027,0.75105,0.37498,0.74724,0.40404,0.77625,0.43385,0.2971,0.27449],"triangles":[124,127,126,124,126,125,123,128,127,123,127,124,129,128,123,122,130,129,130,122,121,121,131,130,120,131,121,131,120,159,120,160,159,122,129,123,135,138,137,135,137,136,134,138,135,139,138,134,133,139,134,140,139,133,131,159,158,132,141,140,132,140,133,142,141,132,142,132,131,156,142,131,156,131,158,156,158,157,3,147,146,2,147,3,147,2,1,148,147,1,148,1,0,146,145,3,3,145,144,4,3,144,143,4,144,154,4,143,154,143,142,154,28,27,26,19,27,154,27,6,27,7,6,27,8,7,27,9,8,27,10,9,19,10,27,20,19,26,11,10,19,18,11,19,25,21,20,26,25,20,17,11,18,24,22,21,12,11,17,12,17,16,25,24,21,23,22,24,13,12,16,13,16,15,14,13,15,5,154,6,5,4,154,153,154,142,155,180,152,149,155,152,149,153,155,155,153,142,149,154,153,155,142,156,63,47,46,47,62,48,63,62,47,61,48,62,49,48,61,60,49,61,50,49,60,55,54,53,59,50,60,51,50,59,52,51,59,58,52,59,53,52,58,57,55,53,57,56,55,53,58,57,173,46,170,66,64,46,65,64,66,63,46,64,66,46,173,71,68,72,71,70,68,68,70,69,73,67,74,72,67,73,169,78,77,66,169,77,66,77,76,173,169,66,67,66,76,67,76,75,67,75,74,68,67,72,87,86,85,88,87,85,88,85,84,89,84,83,84,89,88,82,89,83,81,89,82,90,89,81,80,90,81,78,91,79,79,91,90,79,90,80,91,78,92,100,98,97,99,98,100,101,100,97,101,97,96,102,101,96,96,95,102,94,102,95,103,102,94,93,103,94,104,103,93,93,162,104,93,92,162,163,162,92,169,166,78,78,163,92,157,158,159,29,28,154,44,43,170,170,43,171,173,170,172,167,172,171,168,172,167,169,168,166,166,165,78,43,41,164,163,161,162,162,161,104,105,179,106,164,179,105,179,108,107,179,164,178,179,177,108,174,116,175,157,159,160,160,119,151,180,156,157,151,152,180,151,180,157,151,150,152,149,29,154,30,29,150,30,150,31,151,33,31,33,151,34,118,35,34,38,37,36,175,115,114,175,114,113,176,111,110,109,177,176,109,176,110,177,109,108,178,176,177,175,35,174,35,175,38,39,38,40,113,38,175,112,38,113,112,176,38,111,176,112,178,38,176,178,40,38,41,40,178,36,35,38,174,35,118,119,34,151,33,32,31,29,149,150,150,149,152,31,150,151,151,157,160,118,34,119,160,120,119,118,117,174,174,117,116,116,115,175,178,177,179,164,41,178,106,179,107,161,105,104,161,164,105,163,164,161,165,164,163,165,163,78,165,167,164,171,164,167,166,167,165,168,167,166,172,168,173,171,43,164,172,170,171,45,44,170,45,170,46,42,41,43,155,156,180,173,168,169],"vertices":[1,6,18.32,5.57,1,3,4,19.35,16.94,0.00546,5,9.79,15.52,0.01287,6,14.31,6.02,0.98166,1,6,8.01,5.85,1,1,5,6.09,7.07,1,1,4,20.15,7.81,1,1,3,-5.97,-13.23,1,1,3,-1.68,-13.29,1,1,3,4.28,-15.4,1,1,3,7.6,-16.34,1,2,3,16.46,-19.12,0.99812,4,13.38,31.56,0.00188,1,3,25.29,-19.46,1,1,3,48.7,-14.87,1,1,3,58.22,-9.88,1,1,3,64.15,-4.38,1,1,3,63.96,1.15,1,1,3,59.69,2.03,1,1,3,56.1,-0.69,1,1,3,52.32,-2.23,1,1,3,48.14,-2.28,1,1,3,43.11,-1.87,1,1,3,44.42,0.13,1,1,3,50,1.38,1,1,3,55.73,2.65,1,1,3,58.12,4.36,1,1,3,56.64,7.65,1,1,3,50.01,10.88,1,2,2,1.77,38.05,0.00259,3,40.2,13.03,0.99741,1,3,30.83,14.1,1,1,3,23.25,14.24,1,1,1,-68.86,-6.34,1,1,1,-67.44,-12.9,1,1,1,-62.46,-16.06,1,1,1,-61.35,-20.49,1,1,1,-57.09,-22.46,1,1,1,-53.61,-25.78,1,1,1,-46.82,-32.65,1,1,1,-39.93,-39.66,1,1,1,-34.15,-44.15,1,1,1,-28.26,-44.26,1,1,1,-22.91,-49.18,1,1,1,-14.03,-53.14,1,1,1,-5.69,-57.64,1,4,1,4.37,-62.88,0.992,11,-48.39,2.4,0.00141,18,-1.29,-30.74,0.00581,2,-80.47,50.85,0.00078,1,1,11.97,-62.67,1,1,1,14.97,-67.48,1,1,1,24.27,-68.66,1,1,18,7.57,-6.87,1,1,19,7.02,-15.09,1,1,19,16.91,-15.09,1,1,19,28.66,-15.94,1,1,19,40.58,-15.4,1,1,19,50.31,-13.81,1,1,19,60.22,-10.25,1,1,19,67.84,-10.16,1,1,19,76.02,-8.98,1,1,19,77.56,-4.7,1,1,19,82.79,1,1,1,19,76.31,5.77,1,1,19,64.48,8.79,1,1,19,50.9,13.28,1,1,19,35.44,13.72,1,1,19,21.58,13.9,1,1,19,9.83,14.13,1,1,19,0.63,8.01,1,1,18,18.06,6.42,1,1,18,15.62,9.8,1,1,15,12.29,-8.89,1,1,15,25.7,-5.8,1,1,17,4.67,-5.25,1,1,17,15.45,-1.98,1,1,17,14.68,2.53,1,1,17,3.06,5.55,1,1,16,14.89,8.12,1,1,16,5.65,10.12,1,1,16,-2.33,7.9,1,1,15,28.5,8.09,1,1,15,19.8,8.61,1,1,15,8.11,7.52,1,1,13,-1.09,-5.79,1,1,13,12.12,-10.54,1,2,13,20.86,-9.6,0.97292,14,-9.79,-1.48,0.02708,1,14,-3.2,-6.46,1,1,14,4.12,-8.01,1,1,14,10.48,-6.96,1,1,14,16.06,-2.86,1,1,14,21.45,3.8,1,1,14,22.44,9.9,1,1,14,17.87,8.66,1,1,14,12.37,4.15,1,2,13,23.81,7.77,0.02692,14,7.36,2.54,0.97308,1,14,2.62,5.58,1,1,13,8.96,5.37,1,1,11,0.72,-6.81,1,1,11,9.6,-9.34,1,1,11,20.48,-6.22,1,1,12,-1.52,-5.11,1,2,11,33.04,1.56,0.00327,12,7.28,-8.29,0.99673,1,12,18.71,-2.52,1,2,12,27.65,5.16,1,2,-116.53,-25.72,0,2,12,25.32,7.9,1,2,-114.51,-22.74,0,2,12,18.6,4.12,1,2,-119.95,-17.27,0,3,11,24.14,10.27,0.02915,12,9.71,3.92,0.97085,2,-122.52,-8.76,0,1,12,4.1,5.18,1,1,11,14.01,5.26,1,1,1,45.1,-29.77,1,1,1,40.73,-26.53,1,1,1,41.86,-22.3,1,1,1,47.5,-18.35,1,1,1,46.09,-5.09,1,1,1,40.87,4.49,1,3,1,31.57,7.88,0.992,11,14.15,45.23,0.008,18,-73.23,-6.83,0,1,1,23.95,9.85,1,1,1,6.72,22.43,1,1,1,-7.1,28.05,1,1,1,-11.42,35.71,1,1,1,-18.77,40.68,1,1,1,-29.46,41.33,1,1,1,-39.29,37.98,1,1,1,-42.09,29.13,1,1,1,-45.44,28.05,1,1,9,-0.13,-6.01,1,1,9,8.23,-7.1,1,1,9,16.42,-6.46,1,1,10,9.64,-3.13,1,1,10,18.8,-2.44,1,1,10,29.01,-7.15,1,1,10,29.33,-1.79,1,1,10,20.49,4.47,1,1,10,8.82,8.09,1,1,9,22.38,3.79,1,1,9,9.04,7.68,1,1,7,3,-5.66,1,1,7,14.7,-6.06,1,1,8,3.32,-4.68,1,2,7,29.34,-8.21,0.00169,8,9.25,-1.8,0.99831,1,8,14.67,-5.66,1,1,8,22.38,-10.99,1,1,8,22.66,-4.19,1,1,8,15.03,6.89,1,1,8,3.75,8.48,1,1,7,23.09,7.31,1,1,7,14.25,8.91,1,1,4,0.34,-5.52,1,1,4,13.13,-8.32,1,1,4,27.17,-6.49,1,1,5,6.26,-7.59,1,1,6,-0.68,-6.07,1,1,6,10.04,-4.92,1,1,6,19.51,0.99,1,1,1,-68.66,-2.3,1,1,1,-63.18,-3.3,1,1,1,-56.04,4.17,1,1,2,0.16,-4.09,1,1,2,15.26,-7.67,1,1,2,30.64,-6.23,1,1,2,4.82,-5.2,1,1,7,-2.62,2.64,1,1,1,-57.7,20.11,1,1,7,-0.58,-5.54,1,1,9,-5.19,0.22,1,1,1,-50.07,24.92,1,1,1,43.56,-35.62,1,1,11,-0.64,-3.14,1,1,1,43.56,-43.75,1,1,1,38.71,-46.5,1,1,1,41.99,-50.17,1,1,1,41.25,-52.63,1,1,1,37.1,-53.22,1,1,1,36.9,-58.17,1,1,15,3.95,-4.15,1,1,1,25.99,-65.47,1,1,1,27.27,-59.03,1,1,1,33.71,-58.54,1,1,18,-0.89,6.23,1,1,1,-34.16,30.95,1,1,1,-15.87,29.24,1,1,1,27.84,2.89,1,1,1,31.41,-6.41,1,1,1,30.63,-12.45,1,1,1,36.52,-18.65,1,1,1,-60.75,14.49,1],"edges":[0,2,2,4,4,6,6,8,8,10,10,12,12,14,14,16,16,18,18,20,20,22,22,24,24,26,26,28,28,30,30,32,32,34,34,36,36,38,38,40,40,42,42,44,44,46,46,48,48,50,50,52,52,54,54,56,56,58,58,60,60,62,62,64,64,66,66,68,68,70,70,72,72,74,74,76,76,78,78,80,80,82,82,84,84,86,86,88,88,90,90,92,92,94,94,96,96,98,98,100,100,102,102,104,104,106,106,108,108,110,110,112,112,114,114,116,116,118,118,120,120,122,122,124,124,126,126,128,128,130,130,132,132,134,134,136,136,138,138,140,140,142,142,144,144,146,146,148,148,150,150,152,152,154,154,156,156,158,158,160,160,162,162,164,164,166,166,168,168,170,170,172,172,174,174,176,176,178,178,180,180,182,182,184,184,186,186,188,188,190,190,192,192,194,194,196,196,198,198,200,200,202,202,204,204,206,206,208,208,210,210,212,212,214,214,216,216,218,218,220,220,222,222,224,224,226,226,228,228,230,230,232,232,234,234,236,236,238,238,240,240,242,242,244,244,246,246,248,248,250,250,252,252,254,254,256,256,258,258,260,260,262,262,264,264,266,266,268,268,270,270,272,272,274,274,276,276,278,278,280,280,282,282,284,284,286,286,288,288,290,290,292,292,294,294,296,0,296,58,298,298,300,300,302,302,304,306,308,308,10,304,310,310,306,284,310,284,312,312,314,314,316,316,262,262,318,318,320,320,240,208,322,322,324,324,184,184,326,326,328,328,330,330,156,156,332,332,334,334,336,336,338,338,132,90,340,340,342,342,344,344,346,346,132,344,336,332,330,326,322,236,348,348,350,350,226,222,352,352,354,354,356,356,358,358,210,238,320,320,314,314,360,360,302]}},"borderTAIXIU":{"borderTAIXIU":{"type":"mesh","hull":4,"width":280,"height":370,"uvs":[1,1,0,1,0,0,1,0],"triangles":[1,2,3,1,3,0],"vertices":[140,-185,-140,-185,-140,185,140,185],"edges":[0,2,2,4,4,6,0,6]}},"clip":{"clip":{"type":"clipping","vertexCount":4,"color":"ce3a3aff","vertices":[89.26,178.27,139.9,74.43,188.62,73.79,135.42,176.99]}}}},"animations":{"animation":{"bones":{"bone":{"rotate":[{"time":0,"angle":0},{"time":0.3333,"angle":5.39,"curve":"stepped"},{"time":1.6667,"angle":5.39},{"time":2,"angle":0}],"scale":[{"time":0,"x":1,"y":1},{"time":0.3333,"x":1.086,"y":1.086,"curve":"stepped"},{"time":1.6667,"x":1.086,"y":1.086},{"time":2,"x":1,"y":1}]},"bone18":{"rotate":[{"time":0.6667,"angle":0},{"time":0.8333,"angle":-8.4},{"time":1,"angle":0},{"time":1.1667,"angle":-8.4},{"time":1.3333,"angle":0}]},"bone19":{"rotate":[{"time":0.6667,"angle":0},{"time":0.8333,"angle":-7.94},{"time":1,"angle":0},{"time":1.1667,"angle":-7.94},{"time":1.3333,"angle":0}]},"bone17":{"rotate":[{"time":0,"angle":0},{"time":0.1667,"angle":16.72},{"time":0.3333,"angle":0},{"time":0.5,"angle":-1.58},{"time":0.6667,"angle":0},{"time":0.8333,"angle":-1.58},{"time":1,"angle":0},{"time":1.1667,"angle":16.72},{"time":1.3333,"angle":0},{"time":1.5,"angle":16.72},{"time":1.6667,"angle":0},{"time":1.8333,"angle":-1.58},{"time":2,"angle":0}]},"bone16":{"rotate":[{"time":0,"angle":0},{"time":0.1667,"angle":12.04},{"time":0.3333,"angle":0},{"time":0.5,"angle":-0.72},{"time":0.6667,"angle":0},{"time":0.8333,"angle":-0.72},{"time":1,"angle":0},{"time":1.1667,"angle":12.04},{"time":1.3333,"angle":0},{"time":1.5,"angle":12.04},{"time":1.6667,"angle":0},{"time":1.8333,"angle":-0.72},{"time":2,"angle":0}]},"bone15":{"rotate":[{"time":0,"angle":0},{"time":0.1667,"angle":-5.13},{"time":0.3333,"angle":0},{"time":0.5,"angle":-17.92},{"time":0.6667,"angle":0},{"time":0.8333,"angle":-17.92},{"time":1,"angle":0},{"time":1.1667,"angle":-5.13},{"time":1.3333,"angle":0},{"time":1.5,"angle":-5.13},{"time":1.6667,"angle":0},{"time":1.8333,"angle":-17.92},{"time":2,"angle":0}]},"bone14":{"rotate":[{"time":0,"angle":0},{"time":0.1667,"angle":-7.05},{"time":0.3333,"angle":0},{"time":0.5,"angle":13.52},{"time":0.6667,"angle":0},{"time":0.8333,"angle":13.52},{"time":1,"angle":0},{"time":1.1667,"angle":-7.05},{"time":1.3333,"angle":0},{"time":1.5,"angle":-7.05},{"time":1.6667,"angle":0},{"time":1.8333,"angle":13.52},{"time":2,"angle":0}]},"bone13":{"rotate":[{"time":0,"angle":0},{"time":0.1667,"angle":-5.71},{"time":0.3333,"angle":0},{"time":0.5,"angle":6.18},{"time":0.6667,"angle":0},{"time":0.8333,"angle":6.18},{"time":1,"angle":0},{"time":1.1667,"angle":-5.71},{"time":1.3333,"angle":0},{"time":1.5,"angle":-5.71},{"time":1.6667,"angle":0},{"time":1.8333,"angle":6.18},{"time":2,"angle":0}]},"bone12":{"rotate":[{"time":0,"angle":0},{"time":0.1667,"angle":11.94},{"time":0.3333,"angle":0},{"time":0.5,"angle":33.31},{"time":0.6667,"angle":0},{"time":0.8333,"angle":33.31},{"time":1,"angle":0},{"time":1.1667,"angle":11.94},{"time":1.3333,"angle":0},{"time":1.5,"angle":11.94},{"time":1.6667,"angle":0},{"time":1.8333,"angle":33.31},{"time":2,"angle":0}]},"bone11":{"rotate":[{"time":0,"angle":0},{"time":0.1667,"angle":-2.48},{"time":0.3333,"angle":0},{"time":0.5,"angle":6.7},{"time":0.6667,"angle":0},{"time":0.8333,"angle":6.7},{"time":1,"angle":0},{"time":1.1667,"angle":-2.48},{"time":1.3333,"angle":0},{"time":1.5,"angle":-2.48},{"time":1.6667,"angle":0},{"time":1.8333,"angle":6.7},{"time":2,"angle":0}]},"bone10":{"rotate":[{"time":0,"angle":0},{"time":0.1667,"angle":-11.94},{"time":0.3333,"angle":0},{"time":0.5,"angle":-24.27},{"time":0.6667,"angle":0},{"time":0.8333,"angle":-24.27},{"time":1,"angle":0},{"time":1.1667,"angle":-11.94},{"time":1.3333,"angle":0},{"time":1.5,"angle":-11.94},{"time":1.6667,"angle":0},{"time":1.8333,"angle":-24.27},{"time":2,"angle":0}]},"bone9":{"rotate":[{"time":0,"angle":0},{"time":0.1667,"angle":9.46},{"time":0.3333,"angle":0},{"time":0.5,"angle":-4.46},{"time":0.6667,"angle":0},{"time":0.8333,"angle":-4.46},{"time":1,"angle":0},{"time":1.1667,"angle":9.46},{"time":1.3333,"angle":0},{"time":1.5,"angle":9.46},{"time":1.6667,"angle":0},{"time":1.8333,"angle":-4.46},{"time":2,"angle":0}]},"bone8":{"rotate":[{"time":0,"angle":0},{"time":0.1667,"angle":14.73},{"time":0.3333,"angle":0},{"time":0.5,"angle":-13.85},{"time":0.6667,"angle":0},{"time":0.8333,"angle":-13.85},{"time":1,"angle":0},{"time":1.1667,"angle":14.73},{"time":1.3333,"angle":0},{"time":1.5,"angle":14.73},{"time":1.6667,"angle":0},{"time":1.8333,"angle":-13.85},{"time":2,"angle":0}]},"bone7":{"rotate":[{"time":0,"angle":0},{"time":0.1667,"angle":10.4},{"time":0.3333,"angle":0},{"time":0.5,"angle":3.88},{"time":0.6667,"angle":0},{"time":0.8333,"angle":3.88},{"time":1,"angle":0},{"time":1.1667,"angle":10.4},{"time":1.3333,"angle":0},{"time":1.5,"angle":10.4},{"time":1.6667,"angle":0},{"time":1.8333,"angle":3.88},{"time":2,"angle":0}]},"bone6":{"rotate":[{"time":0,"angle":0},{"time":0.1667,"angle":6.94},{"time":0.3333,"angle":0},{"time":0.5,"angle":-2.06},{"time":0.6667,"angle":0},{"time":0.8333,"angle":-2.06},{"time":1,"angle":0},{"time":1.1667,"angle":6.94},{"time":1.3333,"angle":0},{"time":1.5,"angle":6.94},{"time":1.6667,"angle":0},{"time":1.8333,"angle":-2.06},{"time":2,"angle":0}]},"bone5":{"rotate":[{"time":0,"angle":0},{"time":0.1667,"angle":8.41},{"time":0.3333,"angle":0},{"time":0.5,"angle":15.29},{"time":0.6667,"angle":0},{"time":0.8333,"angle":15.29},{"time":1,"angle":0},{"time":1.1667,"angle":8.41},{"time":1.3333,"angle":0},{"time":1.5,"angle":8.41},{"time":1.6667,"angle":0},{"time":1.8333,"angle":15.29},{"time":2,"angle":0}]},"bone4":{"rotate":[{"time":0,"angle":0},{"time":0.1667,"angle":6.05},{"time":0.3333,"angle":0},{"time":0.5,"angle":11.97},{"time":0.6667,"angle":0},{"time":0.8333,"angle":11.97},{"time":1,"angle":0},{"time":1.1667,"angle":6.05},{"time":1.3333,"angle":0},{"time":1.5,"angle":6.05},{"time":1.6667,"angle":0},{"time":1.8333,"angle":11.97},{"time":2,"angle":0}]},"bone3":{"rotate":[{"time":0.6667,"angle":0},{"time":0.8333,"angle":5.73},{"time":1,"angle":0},{"time":1.1667,"angle":5.73},{"time":1.3333,"angle":0}]},"bone2":{"rotate":[{"time":0.6667,"angle":0},{"time":0.8333,"angle":4.96},{"time":1,"angle":0},{"time":1.1667,"angle":4.96},{"time":1.3333,"angle":0}]},"bone21":{"rotate":[{"time":0,"angle":0},{"time":0.6667,"angle":23.5},{"time":1.3333,"angle":18.72},{"time":2,"angle":0}],"translate":[{"time":0,"x":0,"y":0},{"time":0.6667,"x":-7.89,"y":-3.09},{"time":1.3333,"x":0,"y":0}],"scale":[{"time":0,"x":1,"y":1},{"time":0.6667,"x":1.085,"y":1.085},{"time":1.3333,"x":1,"y":1}]},"bone22":{"rotate":[{"time":0,"angle":0},{"time":0.6667,"angle":-7.53,"curve":"stepped"},{"time":1.3333,"angle":-7.53},{"time":2,"angle":0}],"scale":[{"time":0,"x":1,"y":1},{"time":0.6667,"x":1.076,"y":1.081,"curve":"stepped"},{"time":1.3333,"x":1.076,"y":1.081},{"time":2,"x":1,"y":1}]},"bone23":{"rotate":[{"time":0,"angle":0},{"time":0.6667,"angle":-12.7},{"time":1.3333,"angle":12.05},{"time":2,"angle":0}],"translate":[{"time":0,"x":0,"y":0},{"time":0.6667,"x":-1.77,"y":-10.6,"curve":"stepped"},{"time":1.3333,"x":-1.77,"y":-10.6},{"time":2,"x":0,"y":0}]},"bone20":{"scale":[{"time":0,"x":1,"y":1},{"time":0.5,"x":1.072,"y":1.072},{"time":1,"x":1,"y":1},{"time":1.5,"x":1.072,"y":1.072},{"time":2,"x":1,"y":1}]},"bone24":{"rotate":[{"time":0,"angle":0},{"time":0.6667,"angle":23.5},{"time":1.3333,"angle":18.72},{"time":2,"angle":0}],"translate":[{"time":0,"x":0,"y":0},{"time":0.6667,"x":-7.89,"y":-3.09},{"time":1.3333,"x":0,"y":0}],"scale":[{"time":0,"x":1,"y":1},{"time":0.6667,"x":1.085,"y":1.085},{"time":1.3333,"x":1,"y":1}]},"bone25":{"rotate":[{"time":0,"angle":0},{"time":0.6667,"angle":-7.53,"curve":"stepped"},{"time":1.3333,"angle":-7.53},{"time":2,"angle":0}],"scale":[{"time":0,"x":1,"y":1},{"time":0.6667,"x":1.076,"y":1.081,"curve":"stepped"},{"time":1.3333,"x":1.076,"y":1.081},{"time":2,"x":1,"y":1}]},"bone26":{"rotate":[{"time":0,"angle":0},{"time":0.6667,"angle":-12.7},{"time":1.3333,"angle":12.05},{"time":2,"angle":0}],"translate":[{"time":0,"x":0,"y":0},{"time":0.6667,"x":-1.77,"y":-10.6,"curve":"stepped"},{"time":1.3333,"x":-1.77,"y":-10.6},{"time":2,"x":0,"y":0}]}},"deform":{"default":{"Group 1":{"Group 1":[{"time":0},{"time":0.6667,"curve":"stepped","vertices":[-6.02158,-6.06858,-0.88886,0.40794,-1.35222,-1.11771,-0.06276,-3.39051,1.5177,-4.04326,-2.22734,1.84149,-1.82045,1.88008,-1.07509,0.51386,0,0,0,0,0,0,0,0,0,0,0.07103,-0.74901,0.17756,-1.87252,0.92656,-1.80149,1.33659,-2.14046,2.41783,0.80879,1.39147,1.26555,1.48993,2.21955,1.09248,1.96164,-1.38888,1.49339,-1.55837,1.2884,11.77601,-7.29026]},{"time":1.3333,"vertices":[-6.02158,-6.06858,-0.88886,0.40794,-1.35222,-1.11771,-0.06276,-3.39051,1.5177,-4.04326,-2.22734,1.84149,-1.82045,1.88008,-1.07509,0.51386,0,0,0,0,0,0,0,0,0,0,0.07103,-0.74901,0.17756,-1.87252,0.92656,-1.80149,1.33659,-2.14046,2.41783,0.80879,1.39147,1.26555,1.48993,2.21955,1.09248,1.96164,-1.38888,1.49339,-1.55837,1.2884,11.77601,-7.29026]},{"time":2}]},"Group 2":{"Group 2":[{"time":0},{"time":0.6667,"vertices":[0.22499,0.78903,-0.88841,0.05253,-2.76458,-0.01484,-2.0486,0.03201,4.08113,-2.43938,-5.90067,13.62296,-7.9474,11.22456,-9.18748,11.37587,-2.85175,-4.94926,-1.98901,-4.26923,-1.07827,-4.32304,-2.56383,1.24296,-2.46247,1.41883,-1.20443,1.16253,-0.95398,0.78396,3.92576,-16.5457,5.40761,-14.92739,8.72084,-12.99095,-11.57513,22.91929]},{"time":1.3333}]},"Group 3":{"Group 3":[{"time":0},{"time":0.6667,"vertices":[-8.1031,1.72464,-5.2795,-1.45957,-6.89592,-2.47514,-7.70329,-5.28102,-2.24419,0.24302,-1.78061,0.03065,-1.06602,-0.85754,1.57591,-3.41394,1.89638,-3.44867,3.1398,-2.44821,2.74583,-1.59474,0,0,0,0,0,0,0,0,-0.14453,-1.33284,-1.73009,-3.52101,-0.40132,-2.14786,0,0,0.02301,4.88586,0.98679,4.44438,0.76608,3.96259,-4.10219,-11.80554]},{"time":1.3333,"vertices":[-8.1031,1.72464,-5.2795,-1.45957,-6.89592,-2.47514,-7.70329,-5.28102,-2.24419,0.24302,-1.78061,0.03065,-1.06602,-0.85754,-1.75375,-0.49627,-1.7049,-0.59912,-1.41162,-0.41426,-2.07634,-0.78332,0,0,0,0,0,0,0,0,-0.14453,-1.33284,-1.73009,-3.52101,-0.40132,-2.14786,0,0,0.02301,4.88586,0.98679,4.44438,0.76608,3.96259,-9.31779,-7.36901]},{"time":2}]},"Group 5":{"Group 2":[{"time":0},{"time":0.6667,"vertices":[0.22499,0.78903,-0.88841,0.05253,-2.76458,-0.01484,-2.0486,0.03201,4.08113,-2.43938,-5.90067,13.62296,-7.9474,11.22456,-9.18748,11.37587,-2.85175,-4.94926,-1.98901,-4.26923,-1.07827,-4.32304,-2.56383,1.24296,-2.46247,1.41883,-1.20443,1.16253,-0.95398,0.78396,3.92576,-16.5457,5.40761,-14.92739,8.72084,-12.99095,-11.57513,22.91929]},{"time":1.3333}]},"Group 6":{"Group 1":[{"time":0},{"time":0.6667,"curve":"stepped","vertices":[-6.02158,-6.06858,-0.88886,0.40794,-1.35222,-1.11771,-0.06276,-3.39051,1.5177,-4.04326,-2.22734,1.84149,-1.82045,1.88008,-1.07509,0.51386,0,0,0,0,0,0,0,0,0,0,0.07103,-0.74901,0.17756,-1.87252,0.92656,-1.80149,1.33659,-2.14046,2.41783,0.80879,1.39147,1.26555,1.48993,2.21955,1.09248,1.96164,-1.38888,1.49339,-1.55837,1.2884,11.77601,-7.29026]},{"time":1.3333,"vertices":[-6.02158,-6.06858,-0.88886,0.40794,-1.35222,-1.11771,-0.06276,-3.39051,1.5177,-4.04326,-2.22734,1.84149,-1.82045,1.88008,-1.07509,0.51386,0,0,0,0,0,0,0,0,0,0,0.07103,-0.74901,0.17756,-1.87252,0.92656,-1.80149,1.33659,-2.14046,2.41783,0.80879,1.39147,1.26555,1.48993,2.21955,1.09248,1.96164,-1.38888,1.49339,-1.55837,1.2884,11.77601,-7.29026]},{"time":2}]},"Group 7":{"Group 3":[{"time":0},{"time":0.6667,"vertices":[-8.1031,1.72464,-5.2795,-1.45957,-6.89592,-2.47514,-7.70329,-5.28102,-2.24419,0.24302,-1.78061,0.03065,-1.06602,-0.85754,1.57591,-3.41394,1.89638,-3.44867,3.1398,-2.44821,2.74583,-1.59474,0,0,0,0,0,0,0,0,-0.14453,-1.33284,-1.73009,-3.52101,-0.40132,-2.14786,0,0,0.02301,4.88586,0.98679,4.44438,0.76608,3.96259,-4.10219,-11.80554]},{"time":1.3333,"vertices":[-8.1031,1.72464,-5.2795,-1.45957,-6.89592,-2.47514,-7.70329,-5.28102,-2.24419,0.24302,-1.78061,0.03065,-1.06602,-0.85754,-1.75375,-0.49627,-1.7049,-0.59912,-1.41162,-0.41426,-2.07634,-0.78332,0,0,0,0,0,0,0,0,-0.14453,-1.33284,-1.73009,-3.52101,-0.40132,-2.14786,0,0,0.02301,4.88586,0.98679,4.44438,0.76608,3.96259,-9.31779,-7.36901]},{"time":2}]},"clip":{"clip":[{"time":0},{"time":0.6667,"vertices":[-311.87396,0,-311.87396,0,-311.87396,0,-311.87396]},{"time":0.7,"vertices":[-286.8839,-151.11595,-398.00793,-278.8319,-392.9919,-282.61987,-275.46,-149.68793]},{"time":1.3333,"vertices":[76.966,-151.11595,-16.10805,-275.98187,-5.362,-267.41998,88.38992,-149.68793]}]}}}}}},[0]]],0,0,[0],[-1],[0]]
