[1,["b3RzMiqm1Ch5nBimBTUwi3"],0,[["sp.SkeletonData",["_name","_atlasText","textureNames","_skeletonJson","textures"],-1,3]],[[0,0,1,2,3,4,5]],[[0,"skeleton","\nskeleton.png\nsize: 1024,512\nformat: RGBA8888\nfilter: Linear,Linear\nrepeat: none\nFlare_\n  rotate: false\n  xy: 561, 363\n  size: 320, 147\n  orig: 320, 147\n  offset: 0, 0\n  index: -1\nMIB\n  rotate: false\n  xy: 561, 54\n  size: 273, 145\n  orig: 273, 145\n  offset: 0, 0\n  index: -1\nSLOTS_MIB\n  rotate: false\n  xy: 2, 2\n  size: 215, 50\n  orig: 215, 50\n  offset: 0, 0\n  index: -1\nbaseMIB\n  rotate: false\n  xy: 284, 145\n  size: 275, 365\n  orig: 275, 365\n  offset: 0, 0\n  index: -1\nborder_MIB\n  rotate: false\n  xy: 2, 140\n  size: 280, 370\n  orig: 280, 370\n  offset: 0, 0\n  index: -1\nframeMIB\n  rotate: false\n  xy: 561, 201\n  size: 278, 160\n  orig: 278, 160\n  offset: 0, 0\n  index: -1\ngun\n  rotate: true\n  xy: 883, 370\n  size: 140, 90\n  orig: 140, 90\n  offset: 0, 0\n  index: -1\nl\n  rotate: false\n  xy: 2, 99\n  size: 162, 39\n  orig: 162, 39\n  offset: 0, 0\n  index: -1\np\n  rotate: false\n  xy: 841, 331\n  size: 14, 30\n  orig: 14, 30\n  offset: 0, 0\n  index: -1\n",["skeleton.png"],{"skeleton":{"hash":"rX0xTdKH3mY90MHnwatAnlCbUUM","spine":"3.7.94","width":280.3,"height":369.91,"images":"","audio":""},"bones":[{"name":"root"},{"name":"bone","parent":"root","length":52.69,"rotation":167.7,"x":12.97,"y":152.9,"color":"ff0000ff"},{"name":"bone2","parent":"root","length":99,"rotation":-179.62,"x":-0.89,"y":73.04,"color":"002fffff"},{"name":"bone3","parent":"root","length":80.52,"rotation":-179.53,"x":-6.17,"y":10.34,"color":"17ff00ff"},{"name":"bone4","parent":"root","length":112.2,"rotation":0.34,"x":1.09,"y":32.12,"color":"ff00f9ff"},{"name":"bone5","parent":"root","length":112.2,"rotation":0.34,"x":1.09,"y":32.12,"color":"ff00f9ff"},{"name":"bone6","parent":"root","length":112.2,"rotation":0.34,"x":1.09,"y":32.12,"color":"ff00f9ff"},{"name":"bone7","parent":"root","length":80.52,"rotation":-179.53,"x":-6.17,"y":10.34,"color":"17ff00ff"}],"slots":[{"name":"clip","bone":"root","attachment":"clip"},{"name":"baseMIB","bone":"root","attachment":"baseMIB"},{"name":"l","bone":"root","attachment":"l"},{"name":"l2","bone":"root","attachment":"l"},{"name":"l3","bone":"root","attachment":"l"},{"name":"l4","bone":"root","attachment":"l"},{"name":"l5","bone":"root","attachment":"l"},{"name":"frameMIB","bone":"root","attachment":"frameMIB"},{"name":"border_MIB","bone":"root","attachment":"border_MIB"},{"name":"gun","bone":"bone","attachment":"gun"},{"name":"MIB","bone":"bone2","attachment":"MIB"},{"name":"MIB2","bone":"bone2","color":"ffffff41","attachment":"MIB6","blend":"additive"},{"name":"Flare_","bone":"bone4","attachment":"Flare_","blend":"additive"},{"name":"Flare_2","bone":"bone5","attachment":"Flare_","blend":"additive"},{"name":"Flare_3","bone":"bone6","attachment":"Flare_","blend":"additive"},{"name":"SLOTS_MIB","bone":"bone3","attachment":"SLOTS_MIB"},{"name":"SLOTS_MIB2","bone":"bone7","color":"ffffff8e","attachment":"SLOTS_MIB","blend":"additive"},{"name":"p","bone":"root","color":"7ffffdff","attachment":"p","blend":"additive"}],"skins":{"default":{"Flare_":{"Flare_":{"type":"mesh","hull":4,"width":320,"height":147,"uvs":[1,1,0,1,0,0,1,0],"triangles":[1,2,3,1,3,0],"vertices":[163.5,-75.46,-156.5,-73.57,-155.63,73.42,164.36,71.54],"edges":[0,2,2,4,4,6,0,6]}},"Flare_2":{"Flare_":{"type":"mesh","hull":4,"width":320,"height":147,"uvs":[1,1,0,1,0,0,1,0],"triangles":[1,2,3,1,3,0],"vertices":[163.5,-75.46,-156.5,-73.57,-155.63,73.42,164.36,71.54],"edges":[0,2,2,4,4,6,0,6]}},"Flare_3":{"Flare_":{"type":"mesh","hull":4,"width":320,"height":147,"uvs":[1,1,0,1,0,0,1,0],"triangles":[1,2,3,1,3,0],"vertices":[163.5,-75.46,-156.5,-73.57,-155.63,73.42,164.36,71.54],"edges":[0,2,2,4,4,6,0,6]}},"MIB":{"MIB":{"type":"mesh","hull":4,"width":273,"height":145,"uvs":[1,1,0,1,0,0,1,0],"triangles":[1,2,3,1,3,0],"vertices":[-137.4,73.34,135.59,71.52,134.63,-73.48,-138.37,-71.66],"edges":[0,2,2,4,4,6,0,6]}},"MIB2":{"MIB":{"type":"mesh","hull":4,"width":273,"height":145,"uvs":[0.99999,0.26346,0.00584,0.26346,0,0,1,0],"triangles":[1,2,3,0,1,3],"vertices":[-138.11,-33.46,133.29,-35.27,134.63,-73.48,-138.37,-71.66],"edges":[0,2,2,4,4,6,0,6]},"MIB2":{"type":"mesh","path":"MIB","hull":4,"width":273,"height":145,"uvs":[0.99999,0.40637,0.00001,0.42286,0,0,1,0],"triangles":[0,2,3,1,2,0],"vertices":[-137.97,-12.74,135.03,-12.17,134.63,-73.48,-138.37,-71.66],"edges":[0,2,2,4,4,6,0,6]},"MIB3":{"type":"mesh","path":"MIB","hull":4,"width":273,"height":145,"uvs":[0.99999,0.59875,0.00001,0.57127,0,0.29132,0.99708,0.27483],"triangles":[1,2,3,1,3,0],"vertices":[-137.79,15.16,135.18,9.35,134.91,-31.24,-137.31,-31.82],"edges":[0,2,2,4,4,6,0,6]},"MIB4":{"type":"mesh","path":"MIB","hull":4,"width":273,"height":145,"uvs":[0.99999,0.71418,0,0.70868,0.00001,0.46721,0.99416,0.43972],"triangles":[2,3,0,1,2,0],"vertices":[-137.68,31.89,135.31,29.28,135.07,-5.74,-136.35,-7.91],"edges":[0,2,2,4,4,6,0,6]},"MIB5":{"type":"mesh","path":"MIB","hull":4,"width":273,"height":145,"uvs":[1,1,0,1,0.00001,0.61561,0.99999,0.60462],"triangles":[2,3,0,1,2,0],"vertices":[-137.4,73.34,135.59,71.52,135.22,15.78,-137.78,16.01],"edges":[0,2,2,4,4,6,0,6]},"MIB6":{"type":"mesh","path":"MIB","hull":4,"width":273,"height":145,"uvs":[1,1,0,1,0.00001,0.75852,0.99999,0.76952],"triangles":[1,2,3,1,3,0],"vertices":[-137.4,73.34,135.59,71.52,135.36,36.5,-137.62,39.92],"edges":[0,2,2,4,4,6,0,6]}},"SLOTS_MIB":{"SLOTS_MIB":{"type":"mesh","hull":4,"width":215,"height":50,"uvs":[1,1,0,1,0,0,1,0],"triangles":[1,2,3,1,3,0],"vertices":[-113.92,31.24,101.08,29.48,100.67,-20.52,-114.33,-18.76],"edges":[0,2,2,4,4,6,0,6]}},"SLOTS_MIB2":{"SLOTS_MIB":{"type":"mesh","hull":4,"width":215,"height":50,"uvs":[1,1,0,1,0,0,1,0],"triangles":[1,2,3,1,3,0],"vertices":[-113.92,31.24,101.08,29.48,100.67,-20.52,-114.33,-18.76],"edges":[0,2,2,4,4,6,0,6]}},"baseMIB":{"baseMIB":{"type":"mesh","hull":4,"width":275,"height":365,"uvs":[1,1,0,1,0,0,1,0],"triangles":[1,2,3,1,3,0],"vertices":[138,-182,-137,-182,-137,183,138,183],"edges":[0,2,2,4,4,6,0,6]}},"border_MIB":{"border_MIB":{"type":"mesh","hull":4,"width":280,"height":370,"uvs":[1,1,0,1,0,0,1,0],"triangles":[1,2,3,1,3,0],"vertices":[140,-185,-140,-185,-140,185,140,185],"edges":[0,2,2,4,4,6,0,6]}},"clip":{"clip":{"type":"clipping","end":"clip","vertexCount":25,"color":"ce3a3aff","vertices":[-124.53,184.92,-129.2,184.11,-134.68,181.27,-138.54,176.6,-140.57,171.72,-140.16,166.04,-140.19,-168.94,-139.75,-173.01,-137.89,-175.89,-134.91,-179.79,-131.85,-182.58,-128.87,-183.89,-125.34,-184.91,127.31,-184.4,131.59,-182.8,135.36,-179.94,138.35,-176.04,140.04,-172.27,140.17,-167.72,140.02,172.42,139.1,174.88,136.48,178.27,132.78,182.12,128.16,184.81,123.7,185.04]}},"frameMIB":{"frameMIB":{"type":"mesh","hull":4,"width":278,"height":160,"uvs":[1,1,0,1,0,0,1,0],"triangles":[1,2,3,1,3,0],"vertices":[139,-184,-139,-184,-139,-24,139,-24],"edges":[0,2,2,4,4,6,0,6]}},"gun":{"gun":{"type":"mesh","hull":91,"width":140,"height":90,"uvs":[0.49418,0.82143,0.51418,0.81699,0.53204,0.83476,0.53918,0.87365,0.53418,0.91587,0.52418,0.94921,0.52204,0.96921,0.5399,1,0.55775,0.99143,0.57061,0.94587,0.57633,0.88698,0.5649,0.83365,0.54347,0.79699,0.52561,0.77254,0.53704,0.74254,0.54704,0.70699,0.55561,0.65588,0.5649,0.69032,0.57133,0.75476,0.58418,0.82921,0.58847,0.88921,0.6049,0.9281,0.63418,0.96476,0.67061,0.97698,0.70704,0.97254,0.73847,0.95365,0.77204,0.90365,0.78561,0.86587,0.78979,0.7759,0.78767,0.6879,0.7806,0.6186,0.76504,0.5449,0.75302,0.491,0.74524,0.469,0.74949,0.4382,0.7608,0.414,0.77848,0.4129,0.79757,0.4283,0.81171,0.4415,0.83646,0.4437,0.85768,0.4723,0.89162,0.4514,0.91849,0.4668,0.92839,0.4525,0.95102,0.4558,0.97082,0.4393,0.9786,0.4129,0.98797,0.37586,0.987,0.34942,0.99451,0.32523,0.99515,0.3009,0.98318,0.29048,0.97936,0.24358,0.96931,0.2272,0.95256,0.22274,0.94538,0.17881,0.92432,0.16839,0.90853,0.13117,0.88986,0.09544,0.86498,0.08353,0.83196,0.08129,0.80659,0.07608,0.51698,0.00862,0.45348,0.00171,0.41717,0.00723,0.38262,0.02651,0.34719,0.05131,0.31974,0.07749,0.29848,0.09678,0.00872,0.06157,0,0.07792,0,0.0953,0.012,0.11268,0.29392,0.18321,0.3018,0.2057,0.32678,0.23228,0.32678,0.26805,0.33466,0.29974,0.33729,0.37845,0.3202,0.38663,0.31823,0.41525,0.32743,0.43672,0.31232,0.46637,0.26897,0.5259,0.24647,0.57923,0.23682,0.6359,0.24004,0.6959,0.26575,0.7659,0.30861,0.8209,0.37397,0.84923,0.43611,0.8459,0.43214,0.5115,0.40774,0.50527,0.36038,0.5115,0.3367,0.52,0.3112,0.54437,0.29299,0.57893,0.27987,0.61463,0.27404,0.65373,0.27878,0.69963,0.28934,0.73137,0.31011,0.75913,0.33852,0.7818,0.37823,0.79023,0.41068,0.79026,0.44125,0.7852,0.46602,0.77727,0.48533,0.75857,0.50391,0.72513,0.51086,0.69056,0.51484,0.6458,0.51908,0.58819,0.50136,0.5914,0.48934,0.61633,0.47622,0.64523,0.45874,0.673,0.43178,0.707,0.41356,0.724,0.39244,0.73647,0.37422,0.7359,0.36985,0.7189,0.37786,0.70983,0.39644,0.69567,0.4132,0.67187,0.4285,0.64297,0.43651,0.61463,0.44344,0.59253,0.44708,0.571,0.44671,0.54777,0.43724,0.5336,0.4512,0.51512,0.4787,0.52179,0.49906,0.53512,0.51299,0.55679,0.51477,0.57679,0.37024,0.28,0.41423,0.31578,0.46823,0.33601,0.53523,0.34845,0.62123,0.36245,0.73423,0.37801,0.81823,0.38889,0.82823,0.32045,0.83123,0.23801,0.82823,0.14934,0.64123,0.92711,0.63123,0.84623,0.62923,0.73578,0.60123,0.63156,0.57523,0.55534,0.52123,0.51023,0.48623,0.49156,0.44523,0.48689,0.38023,0.48378,0.35823,0.48378,0.32423,0.49156,0.29724,0.52578,0.27606,0.5644,0.26269,0.6034,0.25768,0.66233,0.26548,0.71346,0.28386,0.76113,0.30281,0.7854,0.33401,0.81139,0.37635,0.82439,0.42036,0.82266,0.48276,0.80446,0.50672,0.7854,0.52399,0.74033,0.53179,0.68486,0.5368,0.6398,0.53847,0.59646,0.53711,0.05389,0.54661,0.11004,0.55136,0.18098,0.54851,0.24452,0.53331,0.29624,0.51027,0.34381,0.30627,0.15585,0.31007,0.12482,0.97625,0.31587,0.9566,0.29113,0.9304,0.29113,0.90514,0.3115,0.88736,0.34207,0.88455,0.38137,0.89036,0.42548,0.91348,0.44541,0.96397,0.3392,0.94579,0.33623,0.92712,0.34814,0.91755,0.37792,0.92042,0.41365,0.93622,0.42854,0.9568,0.42705,0.97067,0.4062,0.97546,0.37494,0.34482,0.45905,0.35921,0.42077,0.36385,0.37455,0.36571,0.31171,0.349,0.28066],"triangles":[61,172,62,72,71,70,173,172,61,72,69,68,72,70,69,179,68,67,144,61,60,144,60,59,178,68,179,174,173,61,174,61,144,73,72,68,73,68,178,74,73,178,66,179,67,135,75,179,178,179,75,74,178,75,64,173,65,173,64,63,143,144,56,58,144,59,57,144,58,56,144,57,174,144,143,66,173,179,175,174,143,75,201,76,172,63,62,173,66,65,174,179,173,173,63,172,175,135,174,179,174,135,135,201,75,56,54,143,54,56,55,182,143,54,54,181,182,52,54,53,52,181,54,181,52,51,175,136,135,77,76,201,183,143,182,200,201,135,77,201,200,176,136,175,200,135,136,180,181,51,180,51,50,143,139,175,142,143,183,49,180,50,137,136,176,189,182,181,189,181,180,183,182,189,188,189,180,184,142,183,190,184,183,177,137,176,189,190,183,176,139,138,175,139,176,177,176,138,180,48,188,49,48,180,140,139,143,200,78,77,199,200,136,196,188,48,196,48,47,191,184,190,142,140,143,199,78,200,184,141,142,185,184,191,141,140,142,185,141,184,188,196,189,195,196,47,36,140,141,46,195,47,196,192,191,185,191,192,196,190,189,190,196,191,195,192,196,35,140,36,198,78,199,186,185,192,195,193,192,194,195,46,37,36,141,194,193,195,80,78,198,78,80,79,81,80,198,34,140,35,45,194,46,38,37,141,39,141,185,39,185,186,38,141,39,187,186,192,187,192,193,41,186,187,39,186,41,43,187,193,44,193,194,44,194,45,43,193,44,197,81,198,82,81,197,42,187,43,41,187,42,34,139,140,40,39,41,199,137,198,137,199,136,152,153,198,197,198,153,154,197,153,137,152,198,151,152,137,177,151,137,151,177,138,155,82,197,155,197,154,92,153,152,150,151,138,150,138,139,93,154,153,93,153,92,155,154,93,91,92,152,130,152,151,91,152,130,94,155,93,131,130,151,131,151,150,156,82,155,156,155,94,82,156,83,129,91,130,132,131,150,95,156,94,128,129,130,128,130,131,149,150,139,33,149,139,133,132,150,133,150,149,157,83,156,157,156,95,132,127,128,132,128,131,127,132,133,134,133,149,112,127,133,96,157,95,84,83,157,171,111,134,134,112,133,112,134,111,127,126,129,127,129,128,126,127,112,149,171,134,158,84,157,158,157,96,91,129,92,125,129,126,97,158,96,113,126,112,125,126,113,148,149,31,139,34,33,32,149,33,31,149,32,148,31,30,171,149,148,85,84,158,113,111,110,170,171,148,92,129,93,125,124,129,114,125,113,124,125,114,111,113,112,170,110,171,111,171,110,114,113,110,158,159,85,159,158,98,16,170,148,97,98,158,129,124,93,93,95,94,93,124,95,124,96,95,124,97,96,123,97,124,122,98,97,115,124,114,123,124,115,169,110,170,169,170,16,17,16,148,15,169,16,109,114,110,109,110,169,115,114,109,123,122,97,86,85,159,121,99,98,159,98,99,160,86,159,116,123,115,122,123,116,122,121,98,99,160,159,120,99,121,117,122,116,121,122,117,108,115,109,116,115,108,100,99,120,160,99,100,29,147,148,29,148,30,17,148,147,118,119,120,121,118,120,117,118,121,168,108,169,109,169,108,169,15,168,14,168,15,18,17,147,107,116,108,107,108,168,101,100,120,101,120,119,161,160,100,161,100,101,87,160,161,86,160,87,13,168,14,167,107,168,147,29,28,106,116,107,117,116,106,102,101,119,105,117,106,104,118,117,13,167,168,106,107,167,162,161,101,162,101,102,103,119,118,104,103,118,102,119,103,117,105,104,166,106,167,163,162,102,163,102,103,12,1,167,12,167,13,166,167,1,88,162,163,87,161,162,88,87,162,0,166,1,165,104,105,166,165,105,166,105,106,164,163,103,164,103,104,164,104,165,19,18,147,2,1,12,11,2,12,90,165,166,90,166,0,146,147,28,19,147,146,89,163,164,88,163,89,89,164,165,89,165,90,27,146,28,3,2,11,3,11,10,146,20,19,26,146,27,4,3,10,145,146,26,20,146,145,21,20,145,9,4,10,5,4,9,25,145,26,22,21,145,145,23,22,25,24,145,24,23,145,9,6,5,8,6,9,7,6,8],"vertices":[4.51,52.85,1.86,51.86,-0.92,52.89,-2.64,56.1,-2.77,59.96,-2.04,63.19,-2.13,65.01,-5.16,67.19,-7.44,65.9,-8.33,61.51,-7.98,56.16,-5.4,51.81,-1.76,49.23,1.15,47.61,0.16,44.63,-0.53,41.21,-0.72,36.46,-2.65,39.21,-4.76,44.68,-7.95,50.85,-9.68,56,-12.68,58.93,-17.39,61.28,-22.6,61.27,-27.5,59.79,-31.44,57.19,-35.07,51.79,-36.2,48.07,-35.05,40.03,-33.08,32.35,-30.78,26.47,-27.24,20.45,-24.56,16.07,-23.08,14.37,-23.07,11.54,-24.15,9.07,-26.55,8.45,-29.45,9.23,-31.64,9.97,-35.07,9.43,-38.52,11.31,-42.76,8.46,-46.73,9.01,-47.81,7.46,-50.97,7.07,-53.36,5.03,-53.92,2.48,-54.49,-1.06,-53.85,-3.35,-54.42,-5.7,-54.04,-7.86,-52.2,-8.42,-50.78,-12.43,-49.09,-13.57,-46.71,-13.47,-44.89,-17.11,-41.81,-17.4,-38.94,-20.2,-35.7,-22.79,-32.07,-23.1,-27.51,-22.31,-23.94,-22.01,16.97,-19.31,25.79,-18.02,30.65,-16.45,35.01,-13.73,39.38,-10.49,42.63,-7.37,45.17,-5.04,85.48,0.5,86.36,2.2,86.03,3.73,84.05,4.9,44.14,2.69,42.63,4.44,38.7,6.03,38.02,9.18,36.33,11.73,34.46,18.57,36.64,19.8,36.36,22.38,34.69,23.99,36.19,27.05,40.98,33.57,43.04,38.93,43.27,44.2,41.68,49.38,36.82,54.77,29.91,58.33,20.42,58.88,11.99,56.73,18.94,27.44,22.4,27.62,28.75,29.58,31.83,31.04,34.85,33.94,36.68,37.52,37.79,41.05,37.84,44.66,36.31,48.56,34.26,51.03,30.88,52.86,26.56,54,20.97,53.56,16.53,52.59,12.45,51.24,9.21,49.8,6.93,47.58,5.03,44.09,4.74,40.84,5.05,36.79,5.58,31.59,7.94,32.41,9.11,34.96,10.35,37.89,12.21,40.85,15.24,44.64,17.41,46.68,20.06,48.41,22.56,48.9,23.48,47.54,22.56,46.5,20.29,44.7,18.46,42.11,16.92,39.11,16.36,36.38,15.84,34.23,15.75,32.23,16.25,30.2,17.82,29.23,16.26,27.19,12.37,26.96,9.33,27.52,7.01,29.01,6.38,30.72,31.84,8.93,25.14,10.77,17.36,10.93,7.96,10.03,-4.07,8.7,-19.83,6.7,-31.53,5.15,-31.58,-1.17,-30.41,-8.51,-28.3,-16.21,-17.63,57.76,-14.71,50.94,-12.32,41.29,-6.49,32.96,-1.48,27.03,6.78,24.67,11.92,24.08,17.62,24.89,26.57,26.55,29.58,27.21,34.08,28.91,37.12,32.72,39.27,36.75,40.36,40.58,39.91,45.91,37.87,50.17,34.44,53.81,31.38,55.38,26.61,56.74,20.57,56.62,14.59,55.16,6.4,51.7,3.49,49.3,1.99,44.83,1.98,39.72,2.16,35.6,2.76,31.74,13.35,-15.93,10.97,-11.27,8.96,-5.18,8.14,0.5,9.22,5.5,11.47,10.37,42.97,-0.08,43.05,-2.92,-51.74,-5.98,-48.58,-7.57,-44.99,-6.79,-41.93,-4.25,-40.08,-1.03,-40.45,2.51,-42.09,6.22,-45.64,7.28,-50.51,-3.56,-47.96,-3.28,-45.64,-1.68,-44.9,1.22,-45.98,4.28,-48.42,5.12,-51.21,4.37,-52.71,2.13,-52.76,-0.76,31.89,25.43,30.65,21.64,30.9,17.44,31.85,11.85,34.74,9.62],"edges":[0,2,2,4,4,6,6,8,8,10,10,12,12,14,14,16,16,18,18,20,20,22,22,24,24,26,26,28,28,30,30,32,32,34,34,36,36,38,38,40,40,42,42,44,44,46,46,48,48,50,50,52,52,54,54,56,56,58,58,60,60,62,62,64,64,66,66,68,68,70,70,72,72,74,74,76,76,78,78,80,80,82,82,84,84,86,86,88,88,90,90,92,92,94,94,96,96,98,98,100,100,102,102,104,104,106,106,108,108,110,110,112,112,114,114,116,116,118,118,120,120,122,122,124,124,126,126,128,128,130,130,132,132,134,134,136,136,138,138,140,140,142,142,144,144,146,146,148,148,150,150,152,152,154,154,156,156,158,158,160,160,162,162,164,164,166,166,168,168,170,170,172,172,174,174,176,176,178,178,180,0,180,182,184,184,186,186,188,188,190,190,192,192,194,194,196,196,198,198,200,200,202,202,204,204,206,206,208,208,210,210,212,212,214,214,216,216,218,218,220,220,222,222,224,224,226,226,228,228,230,230,232,232,234,234,236,236,238,238,240,240,242,242,244,244,246,246,248,248,250,250,252,252,254,254,256,256,258,258,182,182,260,260,262,262,264,264,266,266,268,268,222,150,270,270,272,272,274,276,278,278,280,280,282,282,284,284,286,286,288,288,122,72,280,46,290,290,292,292,294,294,296,296,298,298,300,300,302,302,304,304,306,306,308,308,310,310,312,312,314,314,316,316,318,318,320,320,322,322,324,324,326,326,328,328,330,330,332,332,334,334,336,336,338,338,340,340,342,342,298,124,344,344,346,346,348,348,350,350,352,274,354,354,276,352,354,146,356,356,358,358,136,96,360,360,362,362,364,364,366,366,368,368,370,370,372,372,374,374,86,376,378,378,380,380,382,382,384,384,386,386,388,388,390,390,392,392,376,310,394,394,396,396,398,398,400,400,402,402,152]}},"l":{"l":{"x":-78.79,"y":143.26,"scaleX":0.434,"scaleY":0.434,"width":162,"height":39}},"l2":{"l":{"x":90.26,"y":135.19,"scaleX":0.304,"scaleY":0.304,"rotation":-57.18,"width":162,"height":39}},"l3":{"l":{"x":-68.78,"y":108.76,"scaleX":0.304,"scaleY":0.304,"rotation":-57.18,"width":162,"height":39}},"l4":{"l":{"x":55.31,"y":108.76,"scaleX":0.304,"scaleY":0.304,"rotation":-57.18,"width":162,"height":39}},"l5":{"l":{"x":56.66,"y":29.47,"scaleX":0.304,"scaleY":0.304,"rotation":-57.18,"width":162,"height":39}},"p":{"p":{"type":"mesh","hull":4,"width":14,"height":30,"uvs":[1,1,0,1,0,0,1,0],"triangles":[1,2,3,1,3,0],"vertices":[49.66,147.63,35.79,145.71,31.66,175.42,45.53,177.35],"edges":[0,2,2,4,4,6,0,6]}}}},"animations":{"animation":{"slots":{"Flare_":{"color":[{"time":0,"color":"ffffff00","curve":"stepped"},{"time":0.5,"color":"ffffff00"},{"time":0.8333,"color":"fffffffc"},{"time":1.1667,"color":"ffffff00"}]},"Flare_2":{"color":[{"time":0,"color":"ffffff00","curve":"stepped"},{"time":0.6667,"color":"ffffff00"},{"time":1,"color":"fffffffc"},{"time":1.3333,"color":"ffffff00"}]},"Flare_3":{"color":[{"time":0,"color":"ffffff00","curve":"stepped"},{"time":0.8333,"color":"ffffff00"},{"time":1.1667,"color":"fffffffc"},{"time":1.5,"color":"ffffff00"}]},"MIB2":{"attachment":[{"time":0,"name":null},{"time":0.7333,"name":"MIB"},{"time":0.8,"name":"MIB2"},{"time":0.8667,"name":"MIB3"},{"time":0.9333,"name":"MIB4"},{"time":1,"name":"MIB5"},{"time":1.0667,"name":"MIB6"},{"time":1.1333,"name":null}]},"SLOTS_MIB2":{"color":[{"time":1,"color":"ffffffff"},{"time":1.3333,"color":"ffffff00"}]},"l":{"color":[{"time":0,"color":"ffffff00","curve":"stepped"},{"time":0.3333,"color":"ffffff00"},{"time":0.4,"color":"ffffffff"},{"time":0.4667,"color":"ffffff00","curve":"stepped"},{"time":1.0333,"color":"ffffff00"},{"time":1.1,"color":"ffffffff"},{"time":1.1667,"color":"ffffff00"}]},"l2":{"color":[{"time":0,"color":"ffffff00","curve":"stepped"},{"time":0.5667,"color":"ffffff00"},{"time":0.6333,"color":"ffffffd7"},{"time":0.7,"color":"ffffff00","curve":"stepped"},{"time":1.5,"color":"ffffff00"},{"time":1.5667,"color":"ffffffd7"},{"time":1.6333,"color":"ffffff00"}]},"l3":{"color":[{"time":0,"color":"ffffff00","curve":"stepped"},{"time":0.4667,"color":"ffffff00"},{"time":0.5333,"color":"ffffffb8"},{"time":0.6,"color":"ffffff00"},{"time":1.2667,"color":"ffffff00"},{"time":1.3333,"color":"ffffffb8"},{"time":1.4,"color":"ffffff00"}]},"l4":{"color":[{"time":0,"color":"ffffff00"},{"time":0.2667,"color":"ffffff00"},{"time":0.3333,"color":"ffffffc7"},{"time":0.4,"color":"ffffff00"},{"time":0.9667,"color":"ffffff00"},{"time":1.0333,"color":"ffffffc7"},{"time":1.1,"color":"ffffff00"},{"time":1.7,"color":"ffffff00"},{"time":1.7667,"color":"ffffffc7"},{"time":1.8333,"color":"ffffff00"}]},"l5":{"color":[{"time":0,"color":"ffffff00","curve":"stepped"},{"time":0.5,"color":"ffffff00"},{"time":0.5667,"color":"ffffffca"},{"time":0.6333,"color":"ffffff00","curve":"stepped"},{"time":1.3667,"color":"ffffff00"},{"time":1.4333,"color":"ffffffca"},{"time":1.5,"color":"ffffff00"}]},"p":{"attachment":[{"time":0,"name":null},{"time":0.7,"name":"p"},{"time":0.7333,"name":null},{"time":0.7667,"name":"p"},{"time":0.8,"name":null},{"time":0.8333,"name":"p"},{"time":0.8667,"name":null},{"time":0.9,"name":"p"},{"time":0.9333,"name":null}]}},"bones":{"bone":{"rotate":[{"time":0.5,"angle":0},{"time":0.8333,"angle":4.87,"curve":"stepped"},{"time":1.1667,"angle":4.87},{"time":1.5,"angle":0}],"translate":[{"time":0.5,"x":0,"y":0},{"time":0.8333,"x":0.49,"y":2.46,"curve":"stepped"},{"time":1.1667,"x":0.49,"y":2.46},{"time":1.5,"x":0,"y":0}],"scale":[{"time":0.5,"x":1,"y":1},{"time":0.8333,"x":1.006,"y":1.082,"curve":"stepped"},{"time":1.1667,"x":1.006,"y":1.082},{"time":1.5,"x":1,"y":1}]},"bone4":{"translate":[{"time":0.5,"x":0,"y":87.67},{"time":0.8333,"x":0,"y":-2.39}],"scale":[{"time":0,"x":0.059,"y":0.256,"curve":"stepped"},{"time":0.5,"x":0.059,"y":0.256},{"time":0.8333,"x":1,"y":1},{"time":1.1667,"x":0.059,"y":0.256}]},"bone5":{"translate":[{"time":0.6667,"x":0,"y":87.67},{"time":1,"x":0,"y":-2.39}],"scale":[{"time":0,"x":0.059,"y":0.256,"curve":"stepped"},{"time":0.6667,"x":0.059,"y":0.256},{"time":1,"x":1,"y":1},{"time":1.3333,"x":0.059,"y":0.256}]},"bone6":{"translate":[{"time":0.8333,"x":0,"y":87.67},{"time":1.1667,"x":0,"y":-2.39}],"scale":[{"time":0,"x":0.059,"y":0.256,"curve":"stepped"},{"time":0.8333,"x":0.059,"y":0.256},{"time":1.1667,"x":1,"y":1},{"time":1.5,"x":0.059,"y":0.256}]},"bone2":{"scale":[{"time":0,"x":1,"y":1},{"time":0.6667,"x":1.126,"y":1.126,"curve":"stepped"},{"time":1.1667,"x":1.126,"y":1.126},{"time":2,"x":1,"y":1}]},"bone3":{"scale":[{"time":0.6667,"x":1,"y":1},{"time":0.8333,"x":0.769,"y":0.769},{"time":1,"x":1.148,"y":1.148},{"time":1.1667,"x":0.769,"y":0.769},{"time":1.3333,"x":1,"y":1}]},"bone7":{"scale":[{"time":0.6667,"x":1,"y":1},{"time":0.8333,"x":0.769,"y":0.769},{"time":1,"x":1.148,"y":1.148},{"time":1.3333,"x":1.102,"y":1.102}]}},"deform":{"default":{"gun":{"gun":[{"time":0.5},{"time":0.8333,"offset":2,"curve":"stepped","vertices":[-1.18195,-1.00449,-0.84264,-0.59416,-1.5099,-0.55205,-1.90009,-0.59929,-2.42034,-0.66228,-2.84445,-0.46756,-2.64655,-0.93584,-2.75967,-1.07259,-1.83228,-1.08319,-1.50991,-0.55197,-1.24978,-0.52045,-1.86619,-0.84122,-1.96232,-1.09914,-1.31203,-1.02016,-0.56554,-0.6837,0,0,0,0,0,0,0,0,0,0,0,0,0,0,-3.4863,-0.60695,0,0,0,0,0,0,0,0,0,0,0,0,0,0,-1.21,-0.14653,-2.11096,-0.30319,-2.97173,-0.64616,-2.10615,-0.38722,-1.44855,0.49049,0.44963,0.58858,2.23855,0.272,1.539,0.18703,2.51837,0.30594,2.67656,0.19246,4.05741,0.49266,4.42843,-0.12421,0,0,1.95381,-0.37039,3.11686,-0.17494,3.03319,0.23607,3.77756,0.45891,4.02433,0.67168,3.9419,0.73074,4.96752,0.90575,5.6322,0.75339,5.57379,1.31337,5.96235,0.95732,6.13688,0.93443,5.48952,1.49243,6.16796,1.39197,4.7078,1.75093,2.80916,2.48589,2.61156,2.05814,0.91922,1.07756,1.83909,1.1132,-1.01223,-1.62204,-2.00143,-1.44196,-1.33858,-1.9034,0.09019,-2.04529,0.42834,-2.17014,0.03037,-1.48953,-1.14159,-2.61549,-5.29959,-2.39761,-4.06104,-2.71213,-3.786,-1.48561,-3.91012,-0.98599,-2.29876,2.27492,-2.46385,2.26604,-0.00388,1.4153,-1.05346,-1.14926,-1.12456,-0.23424,-0.5173,-0.06267,0,0,0,0,0,0,0,0,0,0,0,0,0,0,0,0,0,0,0,0,0,0,0,0,-0.01124,-0.84944,-0.7798,-0.94225,-2.04401,-1.2168,-2.38914,0.31662,-2.9962,0.00075,-3.12429,-0.01494,-4.03762,-0.00433,-4.51658,-0.30508,-3.33037,-0.40337,-3.44177,-0.53796,-2.89602,-0.71413,-2.44495,-1.14426,-0.57368,-0.55406,0,0,0,0,0,0,0,0,0,0,0,0,-1.29762,-0.03592,-1.13613,-0.25871,-1.6039,0.29065,-1.38112,0.56,-1.92688,0.73642,-2.21647,0.94363,-2.72884,0.88159,-1.96029,0.97459,-2.13849,1.31673,-1.38113,0.56012,-1.79879,0.75189,-1.73198,0.27509,-1.5538,-0.06689,-1.5872,0.17157,-1.5872,0.17142,-1.84337,0.14026,-1.80998,-0.09811,-1.39232,-0.28964,-1.37562,-0.4088,-1.11944,-0.37801,0.11684,-0.8338,-0.37881,-1.01514,-1.38684,-1.25851,-1.34223,-0.64717,-1.15282,-0.13959,0.67084,1.66306,-0.12005,1.42902,-0.55015,1.50929,-0.57574,0.67635,0,0,0,0,3.38362,0.14528,1.41734,0.03981,0.65224,-0.27832,0.76011,-0.18997,-4.84293,-1.0509,-4.06777,-0.64751,-2.5957,-0.46913,-2.73794,-0.64114,-1.56722,-0.01418,0.06128,0.49234,-0.08352,0.59604,-0.3397,0.565,-0.94675,0.24911,-1.10824,0.47189,-3.04632,0.3584,-2.63763,0.40244,-3.22694,0.08842,-3.74521,0.02567,-3.43973,-0.29523,-3.31265,-0.40108,-2.81201,-1.0563,-2.56252,-1.02032,-1.64935,-1.87363,-1.14428,-0.95865,-1.52592,0.6637,-0.80195,0.14529,-1.29762,-0.03595,-2.14416,-0.50206,-2.14416,-0.50209,-2.12747,-0.62099,-2.60643,-0.92154,-1.50272,-1.01073,-1.96438,-0.56946,-1.80534,-0.05258,-1.4843,0.28091,-1.64709,0.29842,-1.84129,1.11235,-1.27344,0.17767,-0.98376,-0.61674,3.56472,0.96252,2.72524,0.86072,3.07801,0.37393,2.37846,0.289,2.67652,0.19281,2.51836,0.30597,1.15569,-0.12379,1.38085,0.3002,3.1614,0.75151,2.69476,0.06265,2.25676,0.14221,1.66062,0.33475,0,0,1.13751,0.00586,2.31149,-0.24844,3.25934,-0.13342,3.63764,0.44197,-0.9784,-0.08281,-0.67397,-0.08151,-0.86909,-0.10516,-0.75992,-0.18336,-0.39093,0.15831]},{"time":1.1667,"offset":2,"vertices":[-1.18195,-1.00449,-0.84264,-0.59416,-1.5099,-0.55205,-1.90009,-0.59929,-2.42034,-0.66228,-2.84445,-0.46756,-2.64655,-0.93584,-2.75967,-1.07259,-1.83228,-1.08319,-1.50991,-0.55197,-1.24978,-0.52045,-1.86619,-0.84122,-1.96232,-1.09914,-1.31203,-1.02016,-0.56554,-0.6837,0,0,0,0,0,0,0,0,0,0,0,0,0,0,-3.4863,-0.60695,0,0,0,0,0,0,0,0,0,0,0,0,0,0,-1.21,-0.14653,-2.11096,-0.30319,-2.97173,-0.64616,-2.10615,-0.38722,-1.44855,0.49049,0.44963,0.58858,2.23855,0.272,1.539,0.18703,2.51837,0.30594,2.67656,0.19246,4.05741,0.49266,4.42843,-0.12421,0,0,1.95381,-0.37039,3.11686,-0.17494,3.03319,0.23607,3.77756,0.45891,4.02433,0.67168,3.9419,0.73074,4.96752,0.90575,5.6322,0.75339,5.57379,1.31337,5.96235,0.95732,6.13688,0.93443,5.48952,1.49243,6.16796,1.39197,4.7078,1.75093,2.80916,2.48589,2.61156,2.05814,0.91922,1.07756,1.83909,1.1132,-1.01223,-1.62204,-2.00143,-1.44196,-1.33858,-1.9034,0.09019,-2.04529,0.42834,-2.17014,0.03037,-1.48953,-1.14159,-2.61549,-5.29959,-2.39761,-4.06104,-2.71213,-3.786,-1.48561,-3.91012,-0.98599,-2.29876,2.27492,-2.46385,2.26604,-0.00388,1.4153,-1.05346,-1.14926,-1.12456,-0.23424,-0.5173,-0.06267,0,0,0,0,0,0,0,0,0,0,0,0,0,0,0,0,0,0,0,0,0,0,0,0,-0.01124,-0.84944,-0.7798,-0.94225,-2.04401,-1.2168,-2.38914,0.31662,-2.9962,0.00075,-3.12429,-0.01494,-4.03762,-0.00433,-4.51658,-0.30508,-3.33037,-0.40337,-3.44177,-0.53796,-2.89602,-0.71413,-2.44495,-1.14426,-0.57368,-0.55406,0,0,0,0,0,0,0,0,0,0,0,0,-1.29762,-0.03592,-1.13613,-0.25871,-1.6039,0.29065,-1.38112,0.56,-1.92688,0.73642,-2.21647,0.94363,-2.72884,0.88159,-1.96029,0.97459,-2.13849,1.31673,-1.38113,0.56012,-1.79879,0.75189,-1.73198,0.27509,-1.5538,-0.06689,-1.5872,0.17157,-1.5872,0.17142,-1.84337,0.14026,-1.80998,-0.09811,-1.39232,-0.28964,-1.37562,-0.4088,-1.11944,-0.37801,0.11684,-0.8338,-0.37881,-1.01514,-1.38684,-1.25851,-1.34223,-0.64717,-1.15282,-0.13959,0.67084,1.66306,-0.12005,1.42902,-0.55015,1.50929,-0.57574,0.67635,0,0,0,0,3.38362,0.14528,1.41734,0.03981,0.65224,-0.27832,0.76011,-0.18997,-4.84293,-1.0509,-4.06777,-0.64751,-2.5957,-0.46913,-2.73794,-0.64114,-1.56722,-0.01418,0.06128,0.49234,-0.08352,0.59604,-0.3397,0.565,-0.94675,0.24911,-1.10824,0.47189,-3.04632,0.3584,-2.63763,0.40244,-3.22694,0.08842,-3.74521,0.02567,-3.43973,-0.29523,-3.31265,-0.40108,-2.81201,-1.0563,-2.56252,-1.02032,-1.64935,-1.87363,-1.14428,-0.95865,-1.52592,0.6637,-0.80195,0.14529,-1.29762,-0.03595,-2.14416,-0.50206,-2.14416,-0.50209,-2.12747,-0.62099,-2.60643,-0.92154,-1.50272,-1.01073,-1.96438,-0.56946,-1.80534,-0.05258,-1.4843,0.28091,-1.64709,0.29842,-1.84129,1.11235,-1.27344,0.17767,-0.98376,-0.61674,3.56472,0.96252,2.72524,0.86072,3.07801,0.37393,2.37846,0.289,2.67652,0.19281,2.51836,0.30597,1.15569,-0.12379,1.38085,0.3002,3.1614,0.75151,2.69476,0.06265,2.25676,0.14221,1.66062,0.33475,0,0,1.13751,0.00586,2.31149,-0.24844,3.25934,-0.13342,3.63764,0.44197,-0.9784,-0.08281,-0.67397,-0.08151,-0.86909,-0.10516,-0.75992,-0.18336,-0.39093,0.15831]},{"time":1.5}]},"p":{"p":[{"time":0.7},{"time":0.7667,"vertices":[-4.991,3.03799,-4.991,3.03799,-4.991,3.03799,-4.991,3.03799]},{"time":0.8333,"vertices":[-14.539,4.33998,-14.539,4.33998,-14.539,4.33998,-14.539,4.33998]},{"time":0.9,"vertices":[-20.83199,5.20799,-20.83199,5.20799,-20.83199,5.20799,-20.83199,5.20799]}]}}}}}},[0]]],0,0,[0],[-1],[0]]
