[1,["94RWHBzBBEnrllEmthk6V7@f9941"],["spriteFrame"],[["cc.BitmapFont",["_name","fontSize","fntConfig"],0]],[[0,0,1,2,4]],[[0,"font_no_hu",32,{"commonHeight":40,"fontSize":32,"atlasName":"font_no_hu.png","fontDefDictionary":{"9":{"xOffset":0,"yOffset":0,"xAdvance":60,"rect":{"x":0,"y":0,"width":0,"height":0}},"32":{"xOffset":0,"yOffset":0,"xAdvance":6,"rect":{"x":0,"y":0,"width":0,"height":0}},"36":{"xOffset":0,"yOffset":-25,"xAdvance":42,"rect":{"x":46,"y":124,"width":40,"height":72}},"44":{"xOffset":0,"yOffset":24,"xAdvance":19,"rect":{"x":44,"y":198,"width":17,"height":21}},"46":{"xOffset":0,"yOffset":24,"xAdvance":19,"rect":{"x":44,"y":221,"width":17,"height":16}},"48":{"xOffset":0,"yOffset":-20,"xAdvance":40,"rect":{"x":92,"y":61,"width":38,"height":60}},"49":{"xOffset":0,"yOffset":-20,"xAdvance":25,"rect":{"x":168,"y":185,"width":23,"height":60}},"50":{"xOffset":0,"yOffset":-20,"xAdvance":40,"rect":{"x":129,"y":123,"width":38,"height":60}},"51":{"xOffset":0,"yOffset":-20,"xAdvance":40,"rect":{"x":132,"y":0,"width":38,"height":60}},"52":{"xOffset":0,"yOffset":-20,"xAdvance":44,"rect":{"x":0,"y":186,"width":42,"height":60}},"53":{"xOffset":0,"yOffset":-20,"xAdvance":40,"rect":{"x":128,"y":186,"width":38,"height":60}},"54":{"xOffset":0,"yOffset":-20,"xAdvance":41,"rect":{"x":88,"y":124,"width":39,"height":60}},"55":{"xOffset":0,"yOffset":-20,"xAdvance":40,"rect":{"x":88,"y":186,"width":38,"height":60}},"56":{"xOffset":0,"yOffset":-20,"xAdvance":42,"rect":{"x":50,"y":62,"width":40,"height":60}},"57":{"xOffset":0,"yOffset":-19,"xAdvance":41,"rect":{"x":53,"y":0,"width":39,"height":59}},"66":{"xOffset":0,"yOffset":-20,"xAdvance":46,"rect":{"x":0,"y":124,"width":44,"height":60}},"75":{"xOffset":0,"yOffset":-20,"xAdvance":50,"rect":{"x":0,"y":62,"width":48,"height":60}},"77":{"xOffset":0,"yOffset":-20,"xAdvance":53,"rect":{"x":0,"y":0,"width":51,"height":60}}},"kerningDict":{}}]],0,0,[0],[0],[0]]
