[1,["f4DEvfUoNI1okdD66CdJ5W"],0,[["sp.SkeletonData",["_name","_atlasText","textureNames","_skeletonJson","textures"],-1,3]],[[0,0,1,2,3,4,5]],[[0,"skeleton","\nskeleton.png\nsize: 160,288\nformat: RGBA8888\nfilter: Linear,Linear\nrepeat: none\ndice\n  rotate: false\n  xy: 2, 159\n  size: 121, 124\n  orig: 121, 124\n  offset: 0, 0\n  index: -1\ni\n  rotate: false\n  xy: 122, 107\n  size: 14, 50\n  orig: 14, 50\n  offset: 0, 0\n  index: -1\nlight\n  rotate: false\n  xy: 2, 18\n  size: 86, 139\n  orig: 86, 139\n  offset: 0, 0\n  index: -1\nt\n  rotate: false\n  xy: 125, 170\n  size: 30, 54\n  orig: 30, 54\n  offset: 0, 0\n  index: -1\ntwinkle\n  rotate: false\n  xy: 90, 2\n  size: 43, 42\n  orig: 43, 42\n  offset: 0, 0\n  index: -1\nu\n  rotate: false\n  xy: 90, 46\n  size: 30, 53\n  orig: 30, 53\n  offset: 0, 0\n  index: -1\nx\n  rotate: false\n  xy: 122, 56\n  size: 30, 49\n  orig: 30, 49\n  offset: 0, 0\n  index: -1\nà\n  rotate: false\n  xy: 90, 101\n  size: 30, 56\n  orig: 30, 56\n  offset: 0, 0\n  index: -1\nỉ\n  rotate: false\n  xy: 125, 226\n  size: 30, 57\n  orig: 30, 57\n  offset: 0, 0\n  index: -1\n",["skeleton.png"],{"skeleton":{"hash":"IXXsKosXJbKZyqusR++QGfygcLs","spine":"3.7.94","width":138.74,"height":133.16,"images":"","audio":""},"bones":[{"name":"root"},{"name":"twinkle","parent":"root","length":15.79,"rotation":46.59,"x":-39.81,"y":20.11,"color":"0069ffff"},{"name":"dice","parent":"root","length":54.8,"rotation":44.54,"x":-13.77,"y":-14.3,"color":"ff0000ff"},{"name":"text","parent":"root","length":65.73,"rotation":1.08,"x":-27.72,"y":-46.54,"color":"00ff18ff"},{"name":"bone","parent":"root","length":76.45,"rotation":-56.46,"x":63.21,"y":90.02,"color":"fff900ff"}],"slots":[{"name":"dice","bone":"dice","attachment":"dice"},{"name":"i","bone":"text","attachment":"i"},{"name":"t","bone":"text","attachment":"t"},{"name":"u","bone":"text","attachment":"u"},{"name":"x","bone":"text","attachment":"x"},{"name":"à","bone":"text","attachment":"à"},{"name":"ỉ","bone":"text","attachment":"ỉ"},{"name":"twinkle","bone":"twinkle","attachment":"twinkle","blend":"additive"},{"name":"clip","bone":"dice","attachment":"clip"},{"name":"light","bone":"bone","color":"fffcc698","attachment":"light","blend":"additive"}],"skins":{"default":{"clip":{"clip":{"type":"clipping","vertexCount":31,"color":"ce3a3aff","vertices":[54.44,25.44,52.99,30.49,50.01,33.42,44.65,35.07,16.45,42.16,10.38,44.22,4.19,44.17,0,40.48,-5.14,32.42,-11.11,22.1,-16.25,13.19,-20.42,6.68,-22.06,0.76,-20.46,-5.28,-17.14,-16.37,-14.96,-24.65,-13.79,-30.27,-10.24,-33.48,-4.6,-35.12,4.7,-37.58,15.84,-40.45,25.57,-43.04,31.36,-44.83,35.21,-44.7,38.23,-42.57,40.42,-38.94,55.5,-13.5,59.64,-6.46,61.24,-1.55,60.62,2.76,57.83,11.95]}},"dice":{"dice":{"type":"mesh","hull":4,"width":121,"height":124,"uvs":[1,1,0,1,0,0,1,0],"triangles":[1,2,3,1,3,0],"vertices":[19.84,-86.44,-66.41,-1.57,20.57,86.81,106.81,1.94],"edges":[0,2,2,4,4,6,0,6]}},"i":{"i":{"type":"mesh","hull":4,"width":14,"height":50,"uvs":[1,1,0,1,0,0,1,0],"triangles":[1,2,3,1,3,0],"vertices":[32.15,-23.23,18.15,-22.96,19.09,27.03,33.09,26.77],"edges":[0,2,2,4,4,6,0,6]}},"light":{"light":{"type":"mesh","hull":4,"width":86,"height":139,"uvs":[1,1,0,1,0,0,1,0],"triangles":[1,2,3,1,3,0],"vertices":[110.07,-6.63,62.56,-78.31,-53.3,-1.52,-5.79,70.16],"edges":[0,2,2,4,4,6,0,6]}},"t":{"t":{"type":"mesh","hull":4,"width":30,"height":54,"uvs":[1,1,0,1,0,0,1,0],"triangles":[1,2,3,1,3,0],"vertices":[-3.43,-24.56,-33.42,-23.99,-32.4,30,-2.41,29.44],"edges":[0,2,2,4,4,6,0,6]}},"twinkle":{"twinkle":{"type":"mesh","hull":4,"width":43,"height":42,"uvs":[1,1,0,1,0,0,1,0],"triangles":[1,2,3,1,3,0],"vertices":[-1.11,-29.31,-30.66,1.93,-0.15,30.79,29.4,-0.44],"edges":[0,2,2,4,4,6,0,6]}},"u":{"u":{"type":"mesh","hull":4,"width":30,"height":53,"uvs":[1,1,0,1,0,0,1,0],"triangles":[1,2,3,1,3,0],"vertices":[103.7,-26.56,73.7,-25.99,74.7,27,104.7,26.43],"edges":[0,2,2,4,4,6,0,6]}},"x":{"x":{"type":"mesh","hull":4,"width":30,"height":49,"uvs":[1,1,0,1,0,0,1,0],"triangles":[1,2,3,1,3,0],"vertices":[64.3,-23.69,34.31,-23.13,35.23,25.86,65.23,25.3],"edges":[0,2,2,4,4,6,0,6]}},"à":{"à":{"type":"mesh","hull":4,"width":30,"height":56,"uvs":[1,1,0,1,0,0,1,0],"triangles":[1,2,3,1,3,0],"vertices":[20.21,-22.62,-9.78,-22.05,-8.72,33.94,21.27,33.37],"edges":[0,2,2,4,4,6,0,6]}},"ỉ":{"ỉ":{"type":"mesh","hull":4,"width":30,"height":57,"uvs":[1,1,0,1,0,0,1,0],"triangles":[1,2,3,1,3,0],"vertices":[85.22,-21.13,55.97,-20.58,57.01,34.66,86.27,34.11],"edges":[0,2,2,4,4,6,0,6]}}}},"animations":{"animation":{"slots":{"twinkle":{"color":[{"time":0,"color":"ffffff00"},{"time":2,"color":"ffffffff","curve":"stepped"},{"time":2.5,"color":"ffffffff"},{"time":2.6667,"color":"ffffff00"}],"attachment":[{"time":0,"name":null},{"time":2,"name":"twinkle"}]}},"bones":{"dice":{"rotate":[{"time":1.1,"angle":0},{"time":1.2667,"angle":-74.59},{"time":1.4333,"angle":165.28},{"time":1.6333,"angle":17},{"time":1.8,"angle":-15.6},{"time":2,"angle":0,"curve":"stepped"},{"time":3.1,"angle":0},{"time":3.2667,"angle":-74.59},{"time":3.4333,"angle":165.28},{"time":3.6333,"angle":17},{"time":3.8,"angle":-15.6},{"time":4,"angle":0}],"translate":[{"time":0,"x":0,"y":0},{"time":0.3667,"x":-0.43,"y":12.38},{"time":0.5333,"x":-1.19,"y":-6.38},{"time":0.9,"x":-1.71,"y":16.19},{"time":1.1,"x":1.37,"y":-4.84},{"time":1.2667,"x":1.12,"y":27.47},{"time":1.4333,"x":32.67,"y":33.12},{"time":1.5333,"x":34.72,"y":27.99},{"time":1.6333,"x":12.15,"y":20.29},{"time":1.7,"x":-1.4,"y":14.55},{"time":1.8,"x":-6.32,"y":5.93},{"time":2,"x":0,"y":0},{"time":2.3667,"x":-0.43,"y":12.38},{"time":2.5333,"x":-1.19,"y":-6.38},{"time":2.9,"x":-1.71,"y":16.19},{"time":3.1,"x":1.37,"y":-4.84},{"time":3.2667,"x":1.12,"y":27.47},{"time":3.4333,"x":32.67,"y":33.12},{"time":3.5333,"x":34.72,"y":27.99},{"time":3.6333,"x":12.15,"y":20.29},{"time":3.7,"x":-1.4,"y":14.55},{"time":3.8,"x":-6.32,"y":5.93},{"time":4,"x":0,"y":0}]},"bone":{"translate":[{"time":0,"x":0,"y":0},{"time":0.6667,"x":-157.09,"y":-138.57}]},"twinkle":{"rotate":[{"time":2,"angle":0},{"time":2.6667,"angle":-146.43}],"translate":[{"time":2,"x":0,"y":0},{"time":2.3333,"x":-0.96,"y":10.21},{"time":2.5,"x":-0.96,"y":-4.15},{"time":2.6667,"x":-1.28,"y":1.28}],"scale":[{"time":2,"x":0.427,"y":0.427},{"time":2.6667,"x":1,"y":1}]},"text":{"translate":[{"time":0,"x":0,"y":0},{"time":0.6667,"x":-9.34,"y":0,"curve":"stepped"},{"time":2,"x":-9.34,"y":0},{"time":2.3333,"x":0,"y":0},{"time":2.6667,"x":-9.34,"y":0},{"time":3,"x":0,"y":0},{"time":3.3333,"x":-9.34,"y":0},{"time":3.6667,"x":0,"y":0}],"scale":[{"time":0,"x":1,"y":1},{"time":0.6667,"x":1.1,"y":1.1,"curve":"stepped"},{"time":2,"x":1.1,"y":1.1},{"time":2.3333,"x":1,"y":1},{"time":2.6667,"x":1.1,"y":1.1},{"time":3,"x":1,"y":1},{"time":3.3333,"x":1.1,"y":1.1},{"time":3.6667,"x":1,"y":1}]}}},"animation2":{"slots":{"twinkle":{"color":[{"time":0,"color":"ffffff00"},{"time":2,"color":"ffffffff","curve":"stepped"},{"time":2.5,"color":"ffffffff"},{"time":2.6667,"color":"ffffff00"}],"attachment":[{"time":0,"name":null},{"time":2,"name":"twinkle"}]}},"bones":{"dice":{"rotate":[{"time":1.1,"angle":0},{"time":1.2667,"angle":-74.59},{"time":1.4333,"angle":165.28},{"time":1.6333,"angle":17},{"time":1.8,"angle":-15.6},{"time":2,"angle":0,"curve":"stepped"},{"time":3.1,"angle":0},{"time":3.2667,"angle":-74.59},{"time":3.4333,"angle":165.28},{"time":3.6333,"angle":17},{"time":3.8,"angle":-15.6},{"time":4,"angle":0}],"translate":[{"time":0,"x":0,"y":0},{"time":0.3667,"x":-0.43,"y":12.38},{"time":0.5333,"x":-1.19,"y":-6.38},{"time":0.9,"x":-1.71,"y":16.19},{"time":1.1,"x":1.37,"y":-4.84},{"time":1.2667,"x":1.12,"y":27.47},{"time":1.4333,"x":32.67,"y":33.12},{"time":1.5333,"x":34.72,"y":27.99},{"time":1.6333,"x":12.15,"y":20.29},{"time":1.7,"x":-1.4,"y":14.55},{"time":1.8,"x":-6.32,"y":5.93},{"time":2,"x":0,"y":0},{"time":2.3667,"x":-0.43,"y":12.38},{"time":2.5333,"x":-1.19,"y":-6.38},{"time":2.9,"x":-1.71,"y":16.19},{"time":3.1,"x":1.37,"y":-4.84},{"time":3.2667,"x":1.12,"y":27.47},{"time":3.4333,"x":32.67,"y":33.12},{"time":3.5333,"x":34.72,"y":27.99},{"time":3.6333,"x":12.15,"y":20.29},{"time":3.7,"x":-1.4,"y":14.55},{"time":3.8,"x":-6.32,"y":5.93},{"time":4,"x":0,"y":0}]},"bone":{"translate":[{"time":0,"x":0,"y":0},{"time":0.6667,"x":-157.09,"y":-138.57}]},"twinkle":{"rotate":[{"time":2,"angle":0},{"time":2.6667,"angle":-146.43}],"translate":[{"time":2,"x":0,"y":0},{"time":2.3333,"x":-0.96,"y":10.21},{"time":2.5,"x":-0.96,"y":-4.15},{"time":2.6667,"x":-1.28,"y":1.28}],"scale":[{"time":2,"x":0.427,"y":0.427},{"time":2.6667,"x":1,"y":1}]},"text":{"translate":[{"time":0,"x":0,"y":0},{"time":0.6667,"x":-9.34,"y":0,"curve":"stepped"},{"time":2,"x":-9.34,"y":0},{"time":2.3333,"x":0,"y":0},{"time":2.6667,"x":-9.34,"y":0},{"time":3,"x":0,"y":0},{"time":3.3333,"x":-9.34,"y":0},{"time":3.6667,"x":0,"y":0}],"scale":[{"time":0,"x":1,"y":1},{"time":0.6667,"x":1.1,"y":1.1,"curve":"stepped"},{"time":2,"x":1.1,"y":1.1},{"time":2.3333,"x":1,"y":1},{"time":2.6667,"x":1.1,"y":1.1},{"time":3,"x":1,"y":1},{"time":3.3333,"x":1.1,"y":1.1},{"time":3.6667,"x":1,"y":1}]}}}}},[0]]],0,0,[0],[-1],[0]]
