[1,["1ad99df3d@6c48a"],["_textureSource"],["cc.SpriteFrame","cc.ImageAsset","cc.Texture2D"],0,[[[{"name":"Card_13C","rect":{"x":183,"y":866,"width":110,"height":155},"offset":{"x":0,"y":0},"originalSize":{"width":114,"height":161},"rotated":false,"capInsets":[0,0,0,0],"texture":"1ad99df3d@6c48a","packable":true}],[0],0,[0],[0],[0]],[[{"name":"tps_symbol_1","rect":{"x":898,"y":142,"width":122,"height":129},"offset":{"x":0,"y":0},"originalSize":{"width":122,"height":129},"rotated":false,"capInsets":[0,0,0,0],"texture":"1ad99df3d@6c48a","packable":true}],[0],0,[0],[0],[0]],[[{"name":"tx_table_bg","rect":{"x":3,"y":262,"width":754,"height":174},"offset":{"x":0,"y":0},"originalSize":{"width":754,"height":174},"rotated":true,"capInsets":[0,0,0,0],"texture":"1ad99df3d@6c48a","packable":true}],[0],0,[0],[0],[0]],[[{"fmt":"0","w":1024,"h":1024}],[1],0,[],[],[]],[[{"base":"2,2,0,0,0,1","mipmaps":["1ad99df3d"]}],[2],0,[],[],[]],[[{"name":"Card_10C","rect":{"x":299,"y":866,"width":109,"height":155},"offset":{"x":0.5,"y":1},"originalSize":{"width":114,"height":161},"rotated":false,"capInsets":[0,0,0,0],"texture":"1ad99df3d@6c48a","packable":true}],[0],0,[0],[0],[0]],[[{"name":"ig_btn_lattatca","rect":{"x":759,"y":933,"width":235,"height":88},"offset":{"x":27.5,"y":0},"originalSize":{"width":290,"height":88},"rotated":false,"capInsets":[0,0,0,0],"texture":"1ad99df3d@6c48a","packable":true}],[0],0,[0],[0],[0]],[[{"name":"mnpk_bg_text","rect":{"x":3,"y":3,"width":889,"height":253},"offset":{"x":0,"y":0},"originalSize":{"width":889,"height":253},"rotated":false,"capInsets":[0,0,0,0],"texture":"1ad99df3d@6c48a","packable":true}],[0],0,[0],[0],[0]],[[{"name":"Card_8C","rect":{"x":414,"y":866,"width":109,"height":155},"offset":{"x":-0.5,"y":1},"originalSize":{"width":114,"height":161},"rotated":false,"capInsets":[0,0,0,0],"texture":"1ad99df3d@6c48a","packable":true}],[0],0,[0],[0],[0]],[[{"name":"Card_4C","rect":{"x":529,"y":866,"width":109,"height":155},"offset":{"x":-0.5,"y":1},"originalSize":{"width":114,"height":161},"rotated":false,"capInsets":[0,0,0,0],"texture":"1ad99df3d@6c48a","packable":true}],[0],0,[0],[0],[0]],[[{"name":"tx_4","rect":{"x":1000,"y":991,"width":16,"height":16},"offset":{"x":0,"y":0},"originalSize":{"width":16,"height":16},"rotated":false,"capInsets":[0,0,0,0],"texture":"1ad99df3d@6c48a","packable":true}],[0],0,[0],[0],[0]],[[{"name":"Card_9C","rect":{"x":644,"y":866,"width":109,"height":155},"offset":{"x":0.5,"y":1},"originalSize":{"width":114,"height":161},"rotated":false,"capInsets":[0,0,0,0],"texture":"1ad99df3d@6c48a","packable":true}],[0],0,[0],[0],[0]],[[{"name":"ig_bg_thong_bao","rect":{"x":183,"y":277,"width":834,"height":50},"offset":{"x":0,"y":0},"originalSize":{"width":834,"height":50},"rotated":false,"capInsets":[0,0,0,0],"texture":"1ad99df3d@6c48a","packable":true}],[0],0,[0],[0],[0]],[[{"name":"tx_btn_confirm_bet","rect":{"x":898,"y":3,"width":133,"height":122},"offset":{"x":0,"y":0},"originalSize":{"width":133,"height":122},"rotated":true,"capInsets":[0,0,0,0],"texture":"1ad99df3d@6c48a","packable":true}],[0],0,[0],[0],[0]],[[{"name":"setting_line","rect":{"x":1019,"y":333,"width":354,"height":2},"offset":{"x":0,"y":0},"originalSize":{"width":354,"height":2},"rotated":true,"capInsets":[0,0,0,0],"texture":"1ad99df3d@6c48a","packable":true}],[0],0,[0],[0],[0]],[[{"name":"lb_icon_wrong","rect":{"x":1000,"y":965,"width":20,"height":20},"offset":{"x":0,"y":0},"originalSize":{"width":26,"height":20},"rotated":false,"capInsets":[0,0,0,0],"texture":"1ad99df3d@6c48a","packable":true}],[0],0,[0],[0],[0]],[[{"name":"lb_icon_right","rect":{"x":1000,"y":933,"width":26,"height":20},"offset":{"x":0,"y":0},"originalSize":{"width":26,"height":20},"rotated":true,"capInsets":[0,0,0,0],"texture":"1ad99df3d@6c48a","packable":true}],[0],0,[0],[0],[0]],[[{"name":"top_line","rect":{"x":211,"y":262,"width":5,"height":71},"offset":{"x":0,"y":0},"originalSize":{"width":5,"height":71},"rotated":true,"capInsets":[0,0,0,0],"texture":"1ad99df3d@6c48a","packable":true}],[0],0,[0],[0],[0]],[[{"name":"tx_bg","rect":{"x":183,"y":333,"width":830,"height":527},"offset":{"x":0,"y":0},"originalSize":{"width":830,"height":527},"rotated":false,"capInsets":[0,0,0,0],"texture":"1ad99df3d@6c48a","packable":true}],[0],0,[0],[0],[0]],[[{"name":"lb_table_line","rect":{"x":288,"y":262,"width":2,"height":500},"offset":{"x":0,"y":0},"originalSize":{"width":2,"height":500},"rotated":true,"capInsets":[0,0,0,0],"texture":"1ad99df3d@6c48a","packable":true}],[0],0,[0],[0],[0]],[[{"name":"btn_login","rect":{"x":759,"y":866,"width":262,"height":61},"offset":{"x":0,"y":0},"originalSize":{"width":262,"height":61},"rotated":false,"capInsets":[0,0,0,0],"texture":"1ad99df3d@6c48a","packable":true}],[0],0,[0],[0],[0]],[[{"name":"tx_3_bridge","rect":{"x":183,"y":262,"width":8,"height":8},"offset":{"x":0,"y":0},"originalSize":{"width":8,"height":8},"rotated":false,"capInsets":[0,0,0,0],"texture":"1ad99df3d@6c48a","packable":true}],[0],0,[0],[0],[0]],[[{"name":"tx_2_bridge","rect":{"x":197,"y":262,"width":8,"height":8},"offset":{"x":0,"y":0},"originalSize":{"width":8,"height":8},"rotated":false,"capInsets":[0,0,0,0],"texture":"1ad99df3d@6c48a","packable":true}],[0],0,[0],[0],[0]]]]
