[1,["111f67673@6c48a"],["_textureSource"],["cc.SpriteFrame","cc.ImageAsset","cc.Texture2D"],0,[[[{"name":"tps_all_btn","rect":{"x":940,"y":264,"width":204,"height":81},"offset":{"x":0,"y":0},"originalSize":{"width":204,"height":81},"rotated":true,"capInsets":[0,0,0,0],"texture":"111f67673@6c48a","packable":true}],[0],0,[0],[0],[0]],[[{"name":"tophu_icon_202","rect":{"x":677,"y":3,"width":63,"height":60},"offset":{"x":0,"y":0},"originalSize":{"width":63,"height":60},"rotated":true,"capInsets":[0,0,0,0],"texture":"111f67673@6c48a","packable":true}],[0],0,[0],[0],[0]],[[{"fmt":"0","w":1024,"h":1024}],[1],0,[],[],[]],[[{"base":"2,2,0,0,0,1","mipmaps":["111f67673"]}],[2],0,[],[],[]],[[{"name":"tx_3","rect":{"x":940,"y":474,"width":31,"height":31},"offset":{"x":0,"y":0},"originalSize":{"width":31,"height":31},"rotated":false,"capInsets":[0,0,0,0],"texture":"111f67673@6c48a","packable":true}],[0],0,[0],[0],[0]],[[{"name":"nohu_light_small","rect":{"x":502,"y":264,"width":169,"height":168},"offset":{"x":1.5,"y":4},"originalSize":{"width":186,"height":186},"rotated":false,"capInsets":[0,0,0,0],"texture":"111f67673@6c48a","packable":true}],[0],0,[0],[0],[0]],[[{"name":"Card_9R","rect":{"x":864,"y":643,"width":110,"height":157},"offset":{"x":1,"y":-1},"originalSize":{"width":114,"height":161},"rotated":true,"capInsets":[0,0,0,0],"texture":"111f67673@6c48a","packable":true}],[0],0,[0],[0],[0]],[[{"name":"tophu_icon_199","rect":{"x":677,"y":72,"width":63,"height":60},"offset":{"x":0,"y":0},"originalSize":{"width":63,"height":60},"rotated":true,"capInsets":[0,0,0,0],"texture":"111f67673@6c48a","packable":true}],[0],0,[0],[0],[0]],[[{"name":"bt_page_next","rect":{"x":412,"y":387,"width":43,"height":58},"offset":{"x":0,"y":0},"originalSize":{"width":43,"height":58},"rotated":true,"capInsets":[0,0,0,0],"texture":"111f67673@6c48a","packable":true}],[0],0,[0],[0],[0]],[[{"name":"dball_font_jackpot","rect":{"x":3,"y":517,"width":127,"height":493},"offset":{"x":-0.5,"y":9.5},"originalSize":{"width":128,"height":512},"rotated":false,"capInsets":[0,0,0,0],"texture":"111f67673@6c48a","packable":true}],[0],0,[0],[0],[0]],[[{"name":"tophu_icon_219","rect":{"x":677,"y":141,"width":63,"height":60},"offset":{"x":0,"y":0},"originalSize":{"width":63,"height":60},"rotated":true,"capInsets":[0,0,0,0],"texture":"111f67673@6c48a","packable":true}],[0],0,[0],[0],[0]],[[{"name":"lb_icon_phone","rect":{"x":709,"y":411,"width":28,"height":28},"offset":{"x":0,"y":0},"originalSize":{"width":28,"height":28},"rotated":false,"capInsets":[0,0,0,0],"texture":"111f67673@6c48a","packable":true}],[0],0,[0],[0],[0]],[[{"name":"tophu_icon_206","rect":{"x":677,"y":210,"width":63,"height":60},"offset":{"x":0,"y":0},"originalSize":{"width":63,"height":60},"rotated":true,"capInsets":[0,0,0,0],"texture":"111f67673@6c48a","packable":true}],[0],0,[0],[0],[0]],[[{"name":"tai_on","rect":{"x":373,"y":264,"width":117,"height":122},"offset":{"x":0,"y":0},"originalSize":{"width":117,"height":122},"rotated":true,"capInsets":[0,0,0,0],"texture":"111f67673@6c48a","packable":true}],[0],0,[0],[0],[0]],[[{"name":"tx_1","rect":{"x":977,"y":474,"width":31,"height":31},"offset":{"x":0,"y":0},"originalSize":{"width":31,"height":31},"rotated":false,"capInsets":[0,0,0,0],"texture":"111f67673@6c48a","packable":true}],[0],0,[0],[0],[0]],[[{"name":"lb_banner_frame","rect":{"x":210,"y":517,"width":286,"height":447},"offset":{"x":0,"y":0},"originalSize":{"width":286,"height":447},"rotated":false,"capInsets":[0,0,0,0],"texture":"111f67673@6c48a","packable":true}],[0],0,[0],[0],[0]],[[{"name":"tx_ico_xiu_fx","rect":{"x":677,"y":279,"width":60,"height":60},"offset":{"x":0,"y":0},"originalSize":{"width":60,"height":60},"rotated":false,"capInsets":[0,0,0,0],"texture":"111f67673@6c48a","packable":true}],[0],0,[0],[0],[0]],[[{"name":"lb_icon_thongbao_206","rect":{"x":624,"y":438,"width":79,"height":72},"offset":{"x":0,"y":0},"originalSize":{"width":79,"height":72},"rotated":false,"capInsets":[0,0,0,0],"texture":"111f67673@6c48a","packable":true}],[0],0,[0],[0],[0]],[[{"name":"btn_ruttien","rect":{"x":743,"y":969,"width":115,"height":52},"offset":{"x":0,"y":0},"originalSize":{"width":115,"height":52},"rotated":false,"capInsets":[0,0,0,0],"texture":"111f67673@6c48a","packable":true}],[0],0,[0],[0],[0]],[[{"name":"tx_current_money_tai","rect":{"x":239,"y":970,"width":246,"height":50},"offset":{"x":0,"y":0},"originalSize":{"width":246,"height":50},"rotated":false,"capInsets":[0,0,0,0],"texture":"111f67673@6c48a","packable":true}],[0],0,[0],[0],[0]],[[{"name":"lb_promotion_icon","rect":{"x":373,"y":438,"width":77,"height":73},"offset":{"x":-2,"y":1.5},"originalSize":{"width":81,"height":76},"rotated":false,"capInsets":[0,0,0,0],"texture":"111f67673@6c48a","packable":true}],[0],0,[0],[0],[0]],[[{"name":"solo_checked","rect":{"x":136,"y":973,"width":97,"height":48},"offset":{"x":0,"y":0},"originalSize":{"width":97,"height":48},"rotated":false,"capInsets":[0,0,0,0],"texture":"111f67673@6c48a","packable":true}],[0],0,[0],[0],[0]],[[{"name":"font_chat_1","rect":{"x":298,"y":3,"width":373,"height":255},"offset":{"x":-69.5,"y":0.5},"originalSize":{"width":512,"height":256},"rotated":false,"capInsets":[0,0,0,0],"texture":"111f67673@6c48a","packable":true}],[0],0,[0],[0],[0]],[[{"name":"font_no_hu","rect":{"x":743,"y":264,"width":191,"height":246},"offset":{"x":-32.5,"y":5},"originalSize":{"width":256,"height":256},"rotated":false,"capInsets":[0,0,0,0],"texture":"111f67673@6c48a","packable":true}],[0],0,[0],[0],[0]],[[{"name":"tps_jackpot_bg","rect":{"x":136,"y":517,"width":450,"height":68},"offset":{"x":0,"y":0},"originalSize":{"width":450,"height":68},"rotated":true,"capInsets":[0,0,0,0],"texture":"111f67673@6c48a","packable":true}],[0],0,[0],[0],[0]],[[{"name":"mnpk_btn_rank","rect":{"x":794,"y":516,"width":64,"height":64},"offset":{"x":0,"y":0},"originalSize":{"width":64,"height":64},"rotated":false,"capInsets":[0,0,0,0],"texture":"111f67673@6c48a","packable":true}],[0],0,[0],[0],[0]],[[{"name":"tx_current_money_xiu","rect":{"x":491,"y":970,"width":246,"height":50},"offset":{"x":0,"y":0},"originalSize":{"width":246,"height":50},"rotated":false,"capInsets":[0,0,0,0],"texture":"111f67673@6c48a","packable":true}],[0],0,[0],[0],[0]],[[{"name":"tps_symbol_2","rect":{"x":881,"y":759,"width":139,"height":126},"offset":{"x":0,"y":0},"originalSize":{"width":139,"height":126},"rotated":false,"capInsets":[0,0,0,0],"texture":"111f67673@6c48a","packable":true}],[0],0,[0],[0],[0]],[[{"name":"tps_chan_btn","rect":{"x":794,"y":759,"width":204,"height":81},"offset":{"x":0,"y":0},"originalSize":{"width":204,"height":81},"rotated":true,"capInsets":[0,0,0,0],"texture":"111f67673@6c48a","packable":true}],[0],0,[0],[0],[0]],[[{"name":"vinaphone","rect":{"x":456,"y":438,"width":162,"height":72},"offset":{"x":0,"y":0},"originalSize":{"width":162,"height":72},"rotated":false,"capInsets":[0,0,0,0],"texture":"111f67673@6c48a","packable":true}],[0],0,[0],[0],[0]],[[{"name":"tps_symbol_blur_1","rect":{"x":864,"y":516,"width":121,"height":157},"offset":{"x":0,"y":0},"originalSize":{"width":121,"height":157},"rotated":true,"capInsets":[0,0,0,0],"texture":"111f67673@6c48a","packable":true}],[0],0,[0],[0],[0]],[[{"name":"lb_banner_frame","rect":{"x":502,"y":516,"width":286,"height":447},"offset":{"x":0,"y":0},"originalSize":{"width":286,"height":447},"rotated":false,"capInsets":[0,0,0,0],"texture":"111f67673@6c48a","packable":true}],[0],0,[0],[0],[0]],[[{"name":"btn_help2","rect":{"x":373,"y":387,"width":33,"height":45},"offset":{"x":0,"y":0},"originalSize":{"width":33,"height":45},"rotated":false,"capInsets":[0,0,0,0],"texture":"111f67673@6c48a","packable":true}],[0],0,[0],[0],[0]],[[{"name":"mnpk_btn_rule","rect":{"x":794,"y":586,"width":64,"height":64},"offset":{"x":0,"y":0},"originalSize":{"width":64,"height":64},"rotated":false,"capInsets":[0,0,0,0],"texture":"111f67673@6c48a","packable":true}],[0],0,[0],[0],[0]],[[{"name":"tx_ico_tai_fx","rect":{"x":677,"y":345,"width":60,"height":60},"offset":{"x":0,"y":0},"originalSize":{"width":60,"height":60},"rotated":false,"capInsets":[0,0,0,0],"texture":"111f67673@6c48a","packable":true}],[0],0,[0],[0],[0]],[[{"name":"roboto_bold_30","rect":{"x":3,"y":3,"width":289,"height":508},"offset":{"x":0,"y":0},"originalSize":{"width":293,"height":512},"rotated":false,"capInsets":[0,0,0,0],"texture":"111f67673@6c48a","packable":true}],[0],0,[0],[0],[0]],[[{"name":"font_money_3","rect":{"x":881,"y":891,"width":130,"height":124},"offset":{"x":-63,"y":2},"originalSize":{"width":256,"height":128},"rotated":true,"capInsets":[0,0,0,0],"texture":"111f67673@6c48a","packable":true}],[0],0,[0],[0],[0]],[[{"name":"dball_font_money","rect":{"x":298,"y":264,"width":69,"height":247},"offset":{"x":-29.5,"y":4.5},"originalSize":{"width":128,"height":256},"rotated":false,"capInsets":[0,0,0,0],"texture":"111f67673@6c48a","packable":true}],[0],0,[0],[0],[0]],[[{"name":"solo_check","rect":{"x":794,"y":656,"width":97,"height":48},"offset":{"x":0,"y":0},"originalSize":{"width":97,"height":48},"rotated":true,"capInsets":[0,0,0,0],"texture":"111f67673@6c48a","packable":true}],[0],0,[0],[0],[0]],[[{"name":"font_chu_do","rect":{"x":743,"y":3,"width":274,"height":255},"offset":{"x":-119,"y":0.5},"originalSize":{"width":512,"height":256},"rotated":false,"capInsets":[0,0,0,0],"texture":"111f67673@6c48a","packable":true}],[0],0,[0],[0],[0]]]]
