[1,["55CU7tyjFIVb7fVaTvPSeY@f9941"],["spriteFrame"],[["cc.BitmapFont",["_name","fontSize","fntConfig"],0]],[[0,0,1,2,4]],[[0,"font_text_lobby",19,{"commonHeight":25,"fontSize":19,"atlasName":"font_text_lobby.png","fontDefDictionary":{"9":{"xOffset":0,"yOffset":0,"xAdvance":48,"rect":{"x":0,"y":0,"width":0,"height":0}},"32":{"xOffset":0,"yOffset":0,"xAdvance":6,"rect":{"x":0,"y":0,"width":0,"height":0}},"33":{"xOffset":0,"yOffset":10,"xAdvance":6,"rect":{"x":174,"y":225,"width":5,"height":15}},"34":{"xOffset":0,"yOffset":9,"xAdvance":8,"rect":{"x":30,"y":62,"width":7,"height":8}},"35":{"xOffset":0,"yOffset":10,"xAdvance":10,"rect":{"x":139,"y":134,"width":9,"height":15}},"36":{"xOffset":0,"yOffset":8,"xAdvance":10,"rect":{"x":149,"y":168,"width":9,"height":19}},"37":{"xOffset":0,"yOffset":10,"xAdvance":17,"rect":{"x":0,"y":16,"width":16,"height":15}},"38":{"xOffset":0,"yOffset":9,"xAdvance":14,"rect":{"x":0,"y":235,"width":13,"height":16}},"39":{"xOffset":0,"yOffset":9,"xAdvance":4,"rect":{"x":62,"y":244,"width":3,"height":8}},"40":{"xOffset":0,"yOffset":9,"xAdvance":6,"rect":{"x":175,"y":20,"width":5,"height":18}},"41":{"xOffset":0,"yOffset":9,"xAdvance":6,"rect":{"x":175,"y":39,"width":5,"height":18}},"42":{"xOffset":0,"yOffset":9,"xAdvance":10,"rect":{"x":129,"y":16,"width":9,"height":11}},"43":{"xOffset":0,"yOffset":12,"xAdvance":12,"rect":{"x":94,"y":106,"width":11,"height":13}},"44":{"xOffset":0,"yOffset":19,"xAdvance":6,"rect":{"x":56,"y":244,"width":5,"height":8}},"45":{"xOffset":0,"yOffset":16,"xAdvance":7,"rect":{"x":14,"y":249,"width":6,"height":5}},"46":{"xOffset":0,"yOffset":19,"xAdvance":5,"rect":{"x":38,"y":62,"width":4,"height":6}},"47":{"xOffset":0,"yOffset":9,"xAdvance":7,"rect":{"x":168,"y":188,"width":6,"height":17}},"48":{"xOffset":0,"yOffset":10,"xAdvance":11,"rect":{"x":95,"y":32,"width":10,"height":15}},"49":{"xOffset":0,"yOffset":10,"xAdvance":7,"rect":{"x":167,"y":240,"width":6,"height":15}},"50":{"xOffset":0,"yOffset":10,"xAdvance":11,"rect":{"x":106,"y":52,"width":10,"height":15}},"51":{"xOffset":0,"yOffset":10,"xAdvance":10,"rect":{"x":140,"y":0,"width":9,"height":15}},"52":{"xOffset":0,"yOffset":10,"xAdvance":12,"rect":{"x":94,"y":225,"width":11,"height":15}},"53":{"xOffset":0,"yOffset":10,"xAdvance":11,"rect":{"x":106,"y":122,"width":10,"height":15}},"54":{"xOffset":0,"yOffset":10,"xAdvance":11,"rect":{"x":117,"y":225,"width":10,"height":15}},"55":{"xOffset":0,"yOffset":10,"xAdvance":10,"rect":{"x":139,"y":49,"width":9,"height":15}},"56":{"xOffset":0,"yOffset":10,"xAdvance":11,"rect":{"x":106,"y":87,"width":10,"height":15}},"57":{"xOffset":0,"yOffset":10,"xAdvance":11,"rect":{"x":106,"y":177,"width":10,"height":15}},"58":{"xOffset":0,"yOffset":13,"xAdvance":5,"rect":{"x":174,"y":241,"width":4,"height":12}},"59":{"xOffset":0,"yOffset":13,"xAdvance":6,"rect":{"x":169,"y":70,"width":5,"height":15}},"60":{"xOffset":0,"yOffset":12,"xAdvance":11,"rect":{"x":117,"y":49,"width":10,"height":13}},"61":{"xOffset":0,"yOffset":14,"xAdvance":11,"rect":{"x":128,"y":246,"width":10,"height":9}},"62":{"xOffset":0,"yOffset":12,"xAdvance":11,"rect":{"x":118,"y":0,"width":10,"height":13}},"63":{"xOffset":0,"yOffset":9,"xAdvance":9,"rect":{"x":159,"y":210,"width":8,"height":16}},"64":{"xOffset":0,"yOffset":11,"xAdvance":15,"rect":{"x":0,"y":156,"width":14,"height":16}},"65":{"xOffset":0,"yOffset":10,"xAdvance":14,"rect":{"x":15,"y":159,"width":13,"height":15}},"66":{"xOffset":0,"yOffset":10,"xAdvance":11,"rect":{"x":129,"y":0,"width":10,"height":15}},"67":{"xOffset":0,"yOffset":9,"xAdvance":12,"rect":{"x":94,"y":120,"width":11,"height":16}},"68":{"xOffset":0,"yOffset":10,"xAdvance":13,"rect":{"x":43,"y":178,"width":12,"height":15}},"69":{"xOffset":0,"yOffset":10,"xAdvance":10,"rect":{"x":149,"y":152,"width":9,"height":15}},"70":{"xOffset":0,"yOffset":10,"xAdvance":10,"rect":{"x":139,"y":150,"width":9,"height":15}},"71":{"xOffset":0,"yOffset":9,"xAdvance":13,"rect":{"x":56,"y":227,"width":12,"height":16}},"72":{"xOffset":0,"yOffset":10,"xAdvance":13,"rect":{"x":57,"y":18,"width":12,"height":15}},"73":{"xOffset":0,"yOffset":10,"xAdvance":5,"rect":{"x":175,"y":113,"width":4,"height":15}},"74":{"xOffset":0,"yOffset":10,"xAdvance":9,"rect":{"x":159,"y":194,"width":8,"height":15}},"75":{"xOffset":0,"yOffset":10,"xAdvance":12,"rect":{"x":84,"y":0,"width":11,"height":15}},"76":{"xOffset":0,"yOffset":10,"xAdvance":9,"rect":{"x":159,"y":178,"width":8,"height":15}},"77":{"xOffset":0,"yOffset":10,"xAdvance":16,"rect":{"x":0,"y":32,"width":15,"height":15}},"78":{"xOffset":0,"yOffset":10,"xAdvance":13,"rect":{"x":57,"y":34,"width":12,"height":15}},"79":{"xOffset":0,"yOffset":9,"xAdvance":14,"rect":{"x":43,"y":106,"width":13,"height":16}},"80":{"xOffset":0,"yOffset":10,"xAdvance":11,"rect":{"x":117,"y":143,"width":10,"height":15}},"81":{"xOffset":0,"yOffset":9,"xAdvance":14,"rect":{"x":29,"y":110,"width":13,"height":18}},"82":{"xOffset":0,"yOffset":10,"xAdvance":11,"rect":{"x":117,"y":114,"width":10,"height":15}},"83":{"xOffset":0,"yOffset":9,"xAdvance":11,"rect":{"x":117,"y":97,"width":10,"height":16}},"84":{"xOffset":0,"yOffset":10,"xAdvance":12,"rect":{"x":94,"y":157,"width":11,"height":15}},"85":{"xOffset":0,"yOffset":10,"xAdvance":12,"rect":{"x":94,"y":189,"width":11,"height":15}},"86":{"xOffset":0,"yOffset":10,"xAdvance":14,"rect":{"x":14,"y":213,"width":13,"height":15}},"87":{"xOffset":0,"yOffset":10,"xAdvance":18,"rect":{"x":0,"y":0,"width":17,"height":15}},"88":{"xOffset":0,"yOffset":10,"xAdvance":12,"rect":{"x":94,"y":173,"width":11,"height":15}},"89":{"xOffset":0,"yOffset":10,"xAdvance":13,"rect":{"x":70,"y":59,"width":12,"height":15}},"90":{"xOffset":0,"yOffset":10,"xAdvance":12,"rect":{"x":95,"y":16,"width":11,"height":15}},"91":{"xOffset":0,"yOffset":9,"xAdvance":6,"rect":{"x":169,"y":86,"width":5,"height":18}},"92":{"xOffset":0,"yOffset":9,"xAdvance":8,"rect":{"x":159,"y":227,"width":7,"height":17}},"93":{"xOffset":0,"yOffset":9,"xAdvance":6,"rect":{"x":169,"y":123,"width":5,"height":18}},"94":{"xOffset":0,"yOffset":10,"xAdvance":11,"rect":{"x":94,"y":241,"width":10,"height":12}},"95":{"xOffset":0,"yOffset":24,"xAdvance":11,"rect":{"x":44,"y":58,"width":10,"height":3}},"96":{"xOffset":0,"yOffset":9,"xAdvance":6,"rect":{"x":21,"y":249,"width":5,"height":6}},"97":{"xOffset":0,"yOffset":13,"xAdvance":10,"rect":{"x":139,"y":211,"width":9,"height":12}},"98":{"xOffset":0,"yOffset":9,"xAdvance":11,"rect":{"x":106,"y":193,"width":10,"height":16}},"99":{"xOffset":0,"yOffset":13,"xAdvance":9,"rect":{"x":150,"y":17,"width":8,"height":12}},"100":{"xOffset":0,"yOffset":9,"xAdvance":11,"rect":{"x":117,"y":32,"width":10,"height":16}},"101":{"xOffset":0,"yOffset":13,"xAdvance":11,"rect":{"x":117,"y":130,"width":10,"height":12}},"102":{"xOffset":0,"yOffset":9,"xAdvance":9,"rect":{"x":159,"y":161,"width":8,"height":16}},"103":{"xOffset":0,"yOffset":13,"xAdvance":12,"rect":{"x":70,"y":127,"width":11,"height":15}},"104":{"xOffset":0,"yOffset":9,"xAdvance":11,"rect":{"x":128,"y":156,"width":10,"height":16}},"105":{"xOffset":0,"yOffset":9,"xAdvance":5,"rect":{"x":175,"y":75,"width":4,"height":16}},"106":{"xOffset":0,"yOffset":9,"xAdvance":7,"rect":{"x":168,"y":148,"width":6,"height":19}},"107":{"xOffset":0,"yOffset":9,"xAdvance":11,"rect":{"x":117,"y":80,"width":10,"height":16}},"108":{"xOffset":0,"yOffset":9,"xAdvance":5,"rect":{"x":175,"y":58,"width":4,"height":16}},"109":{"xOffset":0,"yOffset":13,"xAdvance":16,"rect":{"x":0,"y":61,"width":15,"height":12}},"110":{"xOffset":0,"yOffset":13,"xAdvance":11,"rect":{"x":117,"y":212,"width":10,"height":12}},"111":{"xOffset":0,"yOffset":13,"xAdvance":12,"rect":{"x":83,"y":36,"width":11,"height":12}},"112":{"xOffset":0,"yOffset":13,"xAdvance":12,"rect":{"x":70,"y":111,"width":11,"height":15}},"113":{"xOffset":0,"yOffset":13,"xAdvance":11,"rect":{"x":128,"y":140,"width":10,"height":15}},"114":{"xOffset":0,"yOffset":13,"xAdvance":7,"rect":{"x":167,"y":227,"width":6,"height":12}},"115":{"xOffset":0,"yOffset":13,"xAdvance":9,"rect":{"x":159,"y":148,"width":8,"height":12}},"116":{"xOffset":0,"yOffset":10,"xAdvance":8,"rect":{"x":160,"y":0,"width":7,"height":15}},"117":{"xOffset":0,"yOffset":13,"xAdvance":11,"rect":{"x":128,"y":69,"width":10,"height":12}},"118":{"xOffset":0,"yOffset":13,"xAdvance":11,"rect":{"x":117,"y":241,"width":10,"height":12}},"119":{"xOffset":0,"yOffset":13,"xAdvance":16,"rect":{"x":0,"y":48,"width":15,"height":12}},"120":{"xOffset":0,"yOffset":13,"xAdvance":11,"rect":{"x":107,"y":0,"width":10,"height":12}},"121":{"xOffset":0,"yOffset":13,"xAdvance":12,"rect":{"x":83,"y":49,"width":11,"height":15}},"122":{"xOffset":0,"yOffset":13,"xAdvance":10,"rect":{"x":149,"y":188,"width":9,"height":12}},"123":{"xOffset":0,"yOffset":9,"xAdvance":6,"rect":{"x":174,"y":206,"width":5,"height":18}},"124":{"xOffset":0,"yOffset":8,"xAdvance":4,"rect":{"x":175,"y":149,"width":3,"height":20}},"125":{"xOffset":0,"yOffset":9,"xAdvance":6,"rect":{"x":169,"y":17,"width":5,"height":18}},"126":{"xOffset":0,"yOffset":15,"xAdvance":12,"rect":{"x":17,"y":20,"width":11,"height":7}},"192":{"xOffset":0,"yOffset":6,"xAdvance":13,"rect":{"x":56,"y":207,"width":12,"height":19}},"193":{"xOffset":0,"yOffset":6,"xAdvance":13,"rect":{"x":57,"y":89,"width":12,"height":19}},"194":{"xOffset":0,"yOffset":6,"xAdvance":13,"rect":{"x":57,"y":69,"width":12,"height":19}},"195":{"xOffset":0,"yOffset":6,"xAdvance":14,"rect":{"x":18,"y":0,"width":13,"height":19}},"200":{"xOffset":0,"yOffset":6,"xAdvance":10,"rect":{"x":149,"y":112,"width":9,"height":19}},"201":{"xOffset":0,"yOffset":6,"xAdvance":10,"rect":{"x":149,"y":132,"width":9,"height":19}},"202":{"xOffset":0,"yOffset":6,"xAdvance":10,"rect":{"x":149,"y":32,"width":9,"height":19}},"204":{"xOffset":0,"yOffset":6,"xAdvance":6,"rect":{"x":175,"y":0,"width":5,"height":19}},"205":{"xOffset":0,"yOffset":6,"xAdvance":6,"rect":{"x":168,"y":206,"width":5,"height":19}},"210":{"xOffset":0,"yOffset":6,"xAdvance":14,"rect":{"x":28,"y":195,"width":13,"height":19}},"211":{"xOffset":0,"yOffset":6,"xAdvance":14,"rect":{"x":29,"y":73,"width":13,"height":19}},"212":{"xOffset":0,"yOffset":6,"xAdvance":14,"rect":{"x":16,"y":32,"width":13,"height":19}},"213":{"xOffset":0,"yOffset":6,"xAdvance":14,"rect":{"x":15,"y":175,"width":13,"height":19}},"217":{"xOffset":0,"yOffset":6,"xAdvance":13,"rect":{"x":69,"y":185,"width":12,"height":19}},"218":{"xOffset":0,"yOffset":6,"xAdvance":12,"rect":{"x":94,"y":137,"width":11,"height":19}},"221":{"xOffset":0,"yOffset":6,"xAdvance":13,"rect":{"x":70,"y":18,"width":12,"height":19}},"224":{"xOffset":0,"yOffset":9,"xAdvance":10,"rect":{"x":139,"y":117,"width":9,"height":16}},"225":{"xOffset":0,"yOffset":9,"xAdvance":11,"rect":{"x":95,"y":67,"width":10,"height":16}},"226":{"xOffset":0,"yOffset":9,"xAdvance":10,"rect":{"x":139,"y":32,"width":9,"height":16}},"227":{"xOffset":0,"yOffset":9,"xAdvance":10,"rect":{"x":150,"y":0,"width":9,"height":16}},"232":{"xOffset":0,"yOffset":9,"xAdvance":10,"rect":{"x":149,"y":237,"width":9,"height":16}},"233":{"xOffset":0,"yOffset":9,"xAdvance":11,"rect":{"x":117,"y":179,"width":10,"height":16}},"234":{"xOffset":0,"yOffset":9,"xAdvance":10,"rect":{"x":139,"y":81,"width":9,"height":16}},"236":{"xOffset":0,"yOffset":9,"xAdvance":6,"rect":{"x":169,"y":53,"width":5,"height":16}},"237":{"xOffset":0,"yOffset":9,"xAdvance":6,"rect":{"x":169,"y":36,"width":5,"height":16}},"242":{"xOffset":0,"yOffset":9,"xAdvance":11,"rect":{"x":117,"y":63,"width":10,"height":16}},"243":{"xOffset":0,"yOffset":9,"xAdvance":12,"rect":{"x":82,"y":198,"width":11,"height":16}},"244":{"xOffset":0,"yOffset":9,"xAdvance":11,"rect":{"x":128,"y":31,"width":10,"height":16}},"245":{"xOffset":0,"yOffset":9,"xAdvance":12,"rect":{"x":82,"y":112,"width":11,"height":16}},"249":{"xOffset":0,"yOffset":9,"xAdvance":11,"rect":{"x":106,"y":231,"width":10,"height":16}},"250":{"xOffset":0,"yOffset":9,"xAdvance":10,"rect":{"x":159,"y":112,"width":9,"height":16}},"253":{"xOffset":0,"yOffset":9,"xAdvance":12,"rect":{"x":94,"y":205,"width":11,"height":19}},"258":{"xOffset":0,"yOffset":7,"xAdvance":14,"rect":{"x":28,"y":215,"width":13,"height":18}},"259":{"xOffset":0,"yOffset":9,"xAdvance":10,"rect":{"x":159,"y":56,"width":9,"height":16}},"272":{"xOffset":0,"yOffset":9,"xAdvance":14,"rect":{"x":29,"y":93,"width":13,"height":16}},"273":{"xOffset":0,"yOffset":9,"xAdvance":13,"rect":{"x":70,"y":75,"width":12,"height":16}},"296":{"xOffset":0,"yOffset":6,"xAdvance":7,"rect":{"x":168,"y":168,"width":6,"height":19}},"297":{"xOffset":0,"yOffset":9,"xAdvance":7,"rect":{"x":168,"y":0,"width":6,"height":16}},"360":{"xOffset":0,"yOffset":6,"xAdvance":12,"rect":{"x":83,"y":65,"width":11,"height":19}},"361":{"xOffset":0,"yOffset":9,"xAdvance":11,"rect":{"x":128,"y":195,"width":10,"height":16}},"416":{"xOffset":0,"yOffset":8,"xAdvance":14,"rect":{"x":32,"y":0,"width":13,"height":17}},"417":{"xOffset":0,"yOffset":11,"xAdvance":13,"rect":{"x":15,"y":195,"width":12,"height":14}},"431":{"xOffset":0,"yOffset":7,"xAdvance":15,"rect":{"x":0,"y":173,"width":14,"height":18}},"432":{"xOffset":0,"yOffset":11,"xAdvance":13,"rect":{"x":57,"y":109,"width":12,"height":14}},"7840":{"xOffset":0,"yOffset":10,"xAdvance":13,"rect":{"x":57,"y":50,"width":12,"height":18}},"7841":{"xOffset":0,"yOffset":13,"xAdvance":11,"rect":{"x":96,"y":0,"width":10,"height":15}},"7842":{"xOffset":0,"yOffset":5,"xAdvance":14,"rect":{"x":16,"y":52,"width":13,"height":20}},"7843":{"xOffset":0,"yOffset":8,"xAdvance":10,"rect":{"x":149,"y":201,"width":9,"height":17}},"7844":{"xOffset":0,"yOffset":5,"xAdvance":14,"rect":{"x":43,"y":123,"width":13,"height":20}},"7845":{"xOffset":0,"yOffset":7,"xAdvance":12,"rect":{"x":82,"y":215,"width":11,"height":18}},"7846":{"xOffset":0,"yOffset":5,"xAdvance":14,"rect":{"x":42,"y":194,"width":13,"height":20}},"7847":{"xOffset":0,"yOffset":7,"xAdvance":10,"rect":{"x":159,"y":129,"width":9,"height":18}},"7848":{"xOffset":0,"yOffset":4,"xAdvance":13,"rect":{"x":44,"y":36,"width":12,"height":21}},"7849":{"xOffset":0,"yOffset":7,"xAdvance":11,"rect":{"x":106,"y":103,"width":10,"height":18}},"7850":{"xOffset":0,"yOffset":4,"xAdvance":14,"rect":{"x":29,"y":172,"width":13,"height":21}},"7851":{"xOffset":0,"yOffset":7,"xAdvance":10,"rect":{"x":159,"y":93,"width":9,"height":18}},"7852":{"xOffset":0,"yOffset":6,"xAdvance":14,"rect":{"x":29,"y":129,"width":13,"height":22}},"7853":{"xOffset":0,"yOffset":9,"xAdvance":10,"rect":{"x":159,"y":73,"width":9,"height":19}},"7854":{"xOffset":0,"yOffset":5,"xAdvance":14,"rect":{"x":28,"y":234,"width":13,"height":20}},"7855":{"xOffset":0,"yOffset":7,"xAdvance":10,"rect":{"x":139,"y":98,"width":9,"height":18}},"7856":{"xOffset":0,"yOffset":5,"xAdvance":13,"rect":{"x":56,"y":186,"width":12,"height":20}},"7857":{"xOffset":0,"yOffset":7,"xAdvance":11,"rect":{"x":95,"y":48,"width":10,"height":18}},"7858":{"xOffset":0,"yOffset":4,"xAdvance":13,"rect":{"x":56,"y":164,"width":12,"height":21}},"7859":{"xOffset":0,"yOffset":6,"xAdvance":10,"rect":{"x":159,"y":17,"width":9,"height":19}},"7860":{"xOffset":0,"yOffset":4,"xAdvance":14,"rect":{"x":15,"y":137,"width":13,"height":21}},"7861":{"xOffset":0,"yOffset":7,"xAdvance":10,"rect":{"x":159,"y":37,"width":9,"height":18}},"7862":{"xOffset":0,"yOffset":6,"xAdvance":13,"rect":{"x":69,"y":143,"width":12,"height":22}},"7863":{"xOffset":0,"yOffset":9,"xAdvance":11,"rect":{"x":106,"y":32,"width":10,"height":19}},"7864":{"xOffset":0,"yOffset":10,"xAdvance":10,"rect":{"x":149,"y":52,"width":9,"height":18}},"7865":{"xOffset":0,"yOffset":13,"xAdvance":10,"rect":{"x":139,"y":65,"width":9,"height":15}},"7866":{"xOffset":0,"yOffset":5,"xAdvance":10,"rect":{"x":149,"y":91,"width":9,"height":20}},"7867":{"xOffset":0,"yOffset":8,"xAdvance":10,"rect":{"x":149,"y":219,"width":9,"height":17}},"7868":{"xOffset":0,"yOffset":6,"xAdvance":10,"rect":{"x":149,"y":71,"width":9,"height":19}},"7869":{"xOffset":0,"yOffset":9,"xAdvance":11,"rect":{"x":118,"y":14,"width":10,"height":16}},"7870":{"xOffset":0,"yOffset":5,"xAdvance":11,"rect":{"x":128,"y":48,"width":10,"height":20}},"7871":{"xOffset":0,"yOffset":7,"xAdvance":12,"rect":{"x":83,"y":17,"width":11,"height":18}},"7872":{"xOffset":0,"yOffset":5,"xAdvance":10,"rect":{"x":139,"y":224,"width":9,"height":20}},"7873":{"xOffset":0,"yOffset":7,"xAdvance":11,"rect":{"x":106,"y":68,"width":10,"height":18}},"7874":{"xOffset":0,"yOffset":4,"xAdvance":11,"rect":{"x":128,"y":173,"width":10,"height":21}},"7875":{"xOffset":0,"yOffset":7,"xAdvance":11,"rect":{"x":128,"y":82,"width":10,"height":18}},"7876":{"xOffset":0,"yOffset":4,"xAdvance":10,"rect":{"x":139,"y":189,"width":9,"height":21}},"7877":{"xOffset":0,"yOffset":7,"xAdvance":11,"rect":{"x":128,"y":101,"width":10,"height":18}},"7878":{"xOffset":0,"yOffset":6,"xAdvance":10,"rect":{"x":139,"y":166,"width":9,"height":22}},"7879":{"xOffset":0,"yOffset":9,"xAdvance":11,"rect":{"x":128,"y":120,"width":10,"height":19}},"7880":{"xOffset":0,"yOffset":5,"xAdvance":5,"rect":{"x":175,"y":92,"width":4,"height":20}},"7881":{"xOffset":0,"yOffset":8,"xAdvance":6,"rect":{"x":169,"y":105,"width":5,"height":17}},"7882":{"xOffset":0,"yOffset":10,"xAdvance":4,"rect":{"x":175,"y":170,"width":3,"height":18}},"7883":{"xOffset":0,"yOffset":9,"xAdvance":4,"rect":{"x":175,"y":129,"width":3,"height":19}},"7884":{"xOffset":0,"yOffset":9,"xAdvance":14,"rect":{"x":42,"y":215,"width":13,"height":19}},"7885":{"xOffset":0,"yOffset":13,"xAdvance":11,"rect":{"x":128,"y":230,"width":10,"height":15}},"7886":{"xOffset":0,"yOffset":5,"xAdvance":14,"rect":{"x":42,"y":235,"width":13,"height":20}},"7887":{"xOffset":0,"yOffset":8,"xAdvance":12,"rect":{"x":82,"y":234,"width":11,"height":17}},"7888":{"xOffset":0,"yOffset":5,"xAdvance":14,"rect":{"x":30,"y":20,"width":13,"height":20}},"7889":{"xOffset":0,"yOffset":7,"xAdvance":13,"rect":{"x":57,"y":124,"width":12,"height":18}},"7890":{"xOffset":0,"yOffset":5,"xAdvance":14,"rect":{"x":30,"y":41,"width":13,"height":20}},"7891":{"xOffset":0,"yOffset":7,"xAdvance":11,"rect":{"x":107,"y":13,"width":10,"height":18}},"7892":{"xOffset":0,"yOffset":4,"xAdvance":14,"rect":{"x":43,"y":84,"width":13,"height":21}},"7893":{"xOffset":0,"yOffset":7,"xAdvance":11,"rect":{"x":106,"y":138,"width":10,"height":18}},"7894":{"xOffset":0,"yOffset":4,"xAdvance":14,"rect":{"x":43,"y":62,"width":13,"height":21}},"7895":{"xOffset":0,"yOffset":7,"xAdvance":12,"rect":{"x":70,"y":92,"width":11,"height":18}},"7896":{"xOffset":0,"yOffset":6,"xAdvance":14,"rect":{"x":15,"y":74,"width":13,"height":22}},"7897":{"xOffset":0,"yOffset":9,"xAdvance":12,"rect":{"x":82,"y":92,"width":11,"height":19}},"7898":{"xOffset":0,"yOffset":6,"xAdvance":15,"rect":{"x":0,"y":115,"width":14,"height":19}},"7899":{"xOffset":0,"yOffset":9,"xAdvance":13,"rect":{"x":43,"y":144,"width":12,"height":16}},"7900":{"xOffset":0,"yOffset":6,"xAdvance":15,"rect":{"x":0,"y":74,"width":14,"height":19}},"7901":{"xOffset":0,"yOffset":9,"xAdvance":13,"rect":{"x":43,"y":161,"width":12,"height":16}},"7902":{"xOffset":0,"yOffset":5,"xAdvance":15,"rect":{"x":0,"y":192,"width":14,"height":20}},"7903":{"xOffset":0,"yOffset":8,"xAdvance":13,"rect":{"x":44,"y":18,"width":12,"height":17}},"7904":{"xOffset":0,"yOffset":6,"xAdvance":14,"rect":{"x":29,"y":152,"width":13,"height":19}},"7905":{"xOffset":0,"yOffset":9,"xAdvance":12,"rect":{"x":72,"y":0,"width":11,"height":16}},"7906":{"xOffset":0,"yOffset":8,"xAdvance":15,"rect":{"x":0,"y":94,"width":14,"height":20}},"7907":{"xOffset":0,"yOffset":11,"xAdvance":13,"rect":{"x":46,"y":0,"width":12,"height":17}},"7908":{"xOffset":0,"yOffset":10,"xAdvance":13,"rect":{"x":69,"y":205,"width":12,"height":18}},"7909":{"xOffset":0,"yOffset":13,"xAdvance":11,"rect":{"x":139,"y":16,"width":10,"height":15}},"7910":{"xOffset":0,"yOffset":5,"xAdvance":12,"rect":{"x":94,"y":85,"width":11,"height":20}},"7911":{"xOffset":0,"yOffset":8,"xAdvance":11,"rect":{"x":128,"y":212,"width":10,"height":17}},"7912":{"xOffset":0,"yOffset":6,"xAdvance":14,"rect":{"x":15,"y":117,"width":13,"height":19}},"7913":{"xOffset":0,"yOffset":9,"xAdvance":12,"rect":{"x":82,"y":129,"width":11,"height":16}},"7914":{"xOffset":0,"yOffset":6,"xAdvance":14,"rect":{"x":15,"y":97,"width":13,"height":19}},"7915":{"xOffset":0,"yOffset":9,"xAdvance":12,"rect":{"x":82,"y":146,"width":11,"height":16}},"7916":{"xOffset":0,"yOffset":5,"xAdvance":15,"rect":{"x":0,"y":135,"width":14,"height":20}},"7917":{"xOffset":0,"yOffset":8,"xAdvance":13,"rect":{"x":59,"y":0,"width":12,"height":17}},"7918":{"xOffset":0,"yOffset":6,"xAdvance":14,"rect":{"x":14,"y":229,"width":13,"height":19}},"7919":{"xOffset":0,"yOffset":9,"xAdvance":12,"rect":{"x":82,"y":163,"width":11,"height":16}},"7920":{"xOffset":0,"yOffset":7,"xAdvance":14,"rect":{"x":0,"y":213,"width":13,"height":21}},"7921":{"xOffset":0,"yOffset":11,"xAdvance":12,"rect":{"x":82,"y":180,"width":11,"height":17}},"7922":{"xOffset":0,"yOffset":6,"xAdvance":13,"rect":{"x":69,"y":224,"width":12,"height":19}},"7923":{"xOffset":0,"yOffset":9,"xAdvance":11,"rect":{"x":106,"y":157,"width":10,"height":19}},"7924":{"xOffset":0,"yOffset":10,"xAdvance":13,"rect":{"x":69,"y":166,"width":12,"height":18}},"7925":{"xOffset":0,"yOffset":13,"xAdvance":11,"rect":{"x":117,"y":196,"width":10,"height":15}},"7926":{"xOffset":0,"yOffset":5,"xAdvance":13,"rect":{"x":70,"y":38,"width":12,"height":20}},"7927":{"xOffset":0,"yOffset":8,"xAdvance":11,"rect":{"x":106,"y":210,"width":10,"height":20}},"7928":{"xOffset":0,"yOffset":6,"xAdvance":13,"rect":{"x":56,"y":144,"width":12,"height":19}},"7929":{"xOffset":0,"yOffset":9,"xAdvance":11,"rect":{"x":117,"y":159,"width":10,"height":19}}},"kerningDict":{}}]],0,0,[0],[0],[0]]
