[1,["1f12a40fc@6c48a"],["_textureSource"],["cc.SpriteFrame","cc.ImageAsset","cc.Texture2D"],0,[[[{"name":"banner0","rect":{"x":465,"y":738,"width":278,"height":440},"offset":{"x":0,"y":0},"originalSize":{"width":278,"height":440},"rotated":true,"capInsets":[0,0,0,0],"texture":"1f12a40fc@6c48a","packable":true}],[0],0,[0],[0],[0]],[[{"name":"Card_11T_blur","rect":{"x":911,"y":417,"width":110,"height":161},"offset":{"x":0,"y":0},"originalSize":{"width":114,"height":161},"rotated":false,"capInsets":[0,0,0,0],"texture":"1f12a40fc@6c48a","packable":true}],[0],0,[0],[0],[0]],[[{"name":"Card_9T_blur","rect":{"x":911,"y":584,"width":110,"height":161},"offset":{"x":0,"y":0},"originalSize":{"width":114,"height":161},"rotated":false,"capInsets":[0,0,0,0],"texture":"1f12a40fc@6c48a","packable":true}],[0],0,[0],[0],[0]],[[{"name":"chat_text","rect":{"x":177,"y":738,"width":66,"height":280},"offset":{"x":0,"y":0},"originalSize":{"width":66,"height":280},"rotated":false,"capInsets":[0,0,0,0],"texture":"1f12a40fc@6c48a","packable":true}],[0],0,[0],[0],[0]],[[{"name":"Card_1B_blur","rect":{"x":911,"y":751,"width":110,"height":161},"offset":{"x":0,"y":0},"originalSize":{"width":114,"height":161},"rotated":false,"capInsets":[0,0,0,0],"texture":"1f12a40fc@6c48a","packable":true}],[0],0,[0],[0],[0]],[[{"fmt":"0","w":1024,"h":1024}],[1],0,[],[],[]],[[{"base":"2,2,0,0,0,1","mipmaps":["1f12a40fc"]}],[2],0,[],[],[]],[[{"name":"lb_icon_nap_code1","rect":{"x":984,"y":918,"width":53,"height":35},"offset":{"x":-3.5,"y":0},"originalSize":{"width":60,"height":35},"rotated":true,"capInsets":[0,0,0,0],"texture":"1f12a40fc@6c48a","packable":true}],[0],0,[0],[0],[0]],[[{"name":"mnpk_spinner_bg","rect":{"x":3,"y":3,"width":700,"height":205},"offset":{"x":0,"y":0},"originalSize":{"width":700,"height":205},"rotated":false,"capInsets":[0,0,0,0],"texture":"1f12a40fc@6c48a","packable":true}],[0],0,[0],[0],[0]],[[{"name":"Card_1T_blur","rect":{"x":694,"y":417,"width":111,"height":161},"offset":{"x":0.5,"y":0},"originalSize":{"width":114,"height":161},"rotated":false,"capInsets":[0,0,0,0],"texture":"1f12a40fc@6c48a","packable":true}],[0],0,[0],[0],[0]],[[{"name":"lb_icon_nap_code","rect":{"x":868,"y":584,"width":53,"height":35},"offset":{"x":-7,"y":0},"originalSize":{"width":67,"height":35},"rotated":true,"capInsets":[0,0,0,0],"texture":"1f12a40fc@6c48a","packable":true}],[0],0,[0],[0],[0]],[[{"name":"font_name","rect":{"x":177,"y":382,"width":350,"height":511},"offset":{"x":-81,"y":0.5},"originalSize":{"width":512,"height":512},"rotated":true,"capInsets":[0,0,0,0],"texture":"1f12a40fc@6c48a","packable":true}],[0],0,[0],[0],[0]],[[{"name":"chat_emo_2","rect":{"x":249,"y":738,"width":66,"height":280},"offset":{"x":0,"y":0},"originalSize":{"width":66,"height":280},"rotated":false,"capInsets":[0,0,0,0],"texture":"1f12a40fc@6c48a","packable":true}],[0],0,[0],[0],[0]],[[{"name":"lb_icon_outtable","rect":{"x":868,"y":643,"width":35,"height":42},"offset":{"x":0,"y":0},"originalSize":{"width":35,"height":42},"rotated":false,"capInsets":[0,0,0,0],"texture":"1f12a40fc@6c48a","packable":true}],[0],0,[0],[0],[0]],[[{"name":"lb_icon_nap_ewal","rect":{"x":868,"y":691,"width":35,"height":34},"offset":{"x":0,"y":0},"originalSize":{"width":35,"height":34},"rotated":false,"capInsets":[0,0,0,0],"texture":"1f12a40fc@6c48a","packable":true}],[0],0,[0],[0],[0]],[[{"name":"tps_symbol_4","rect":{"x":694,"y":584,"width":148,"height":168},"offset":{"x":0,"y":0},"originalSize":{"width":148,"height":168},"rotated":true,"capInsets":[0,0,0,0],"texture":"1f12a40fc@6c48a","packable":true}],[0],0,[0],[0],[0]],[[{"name":"mnpk_text","rect":{"x":3,"y":382,"width":615,"height":121},"offset":{"x":-0.5,"y":0},"originalSize":{"width":616,"height":121},"rotated":true,"capInsets":[0,0,0,0],"texture":"1f12a40fc@6c48a","packable":true}],[0],0,[0],[0],[0]],[[{"name":"tps_btn2_line_20","rect":{"x":911,"y":918,"width":103,"height":67},"offset":{"x":0,"y":0},"originalSize":{"width":103,"height":67},"rotated":true,"capInsets":[0,0,0,0],"texture":"1f12a40fc@6c48a","packable":true}],[0],0,[0],[0],[0]],[[{"name":"btn_xoa","rect":{"x":984,"y":977,"width":35,"height":44},"offset":{"x":0,"y":0},"originalSize":{"width":35,"height":44},"rotated":false,"capInsets":[0,0,0,0],"texture":"1f12a40fc@6c48a","packable":true}],[0],0,[0],[0],[0]],[[{"name":"btn_ok","rect":{"x":811,"y":417,"width":161,"height":76},"offset":{"x":0,"y":0},"originalSize":{"width":161,"height":76},"rotated":true,"capInsets":[0,0,0,0],"texture":"1f12a40fc@6c48a","packable":true}],[0],0,[0],[0],[0]],[[{"name":"chat_text_2","rect":{"x":321,"y":738,"width":66,"height":280},"offset":{"x":0,"y":0},"originalSize":{"width":66,"height":280},"rotated":false,"capInsets":[0,0,0,0],"texture":"1f12a40fc@6c48a","packable":true}],[0],0,[0],[0],[0]],[[{"name":"logo_9","rect":{"x":709,"y":3,"width":309,"height":408},"offset":{"x":0,"y":0},"originalSize":{"width":309,"height":408},"rotated":false,"capInsets":[0,0,0,0],"texture":"1f12a40fc@6c48a","packable":true}],[0],0,[0],[0],[0]],[[{"name":"tx_bg_soicau","rect":{"x":130,"y":382,"width":608,"height":41},"offset":{"x":0,"y":0},"originalSize":{"width":608,"height":41},"rotated":true,"capInsets":[0,0,0,0],"texture":"1f12a40fc@6c48a","packable":true}],[0],0,[0],[0],[0]],[[{"name":"chat_emo","rect":{"x":393,"y":738,"width":66,"height":280},"offset":{"x":0,"y":0},"originalSize":{"width":66,"height":280},"rotated":false,"capInsets":[0,0,0,0],"texture":"1f12a40fc@6c48a","packable":true}],[0],0,[0],[0],[0]],[[{"name":"lb_list_btn_bg","rect":{"x":3,"y":214,"width":162,"height":672},"offset":{"x":0,"y":0},"originalSize":{"width":162,"height":672},"rotated":true,"capInsets":[0,0,0,0],"texture":"1f12a40fc@6c48a","packable":true}],[0],0,[0],[0],[0]]]]
