[1,["1f9dd1fb2@6c48a"],["_textureSource"],["cc.SpriteFrame","cc.ImageAsset","cc.Texture2D"],0,[[[{"name":"font_count_down_2","rect":{"x":3,"y":536,"width":483,"height":350},"offset":{"x":-14.5,"y":81},"originalSize":{"width":512,"height":512},"rotated":true,"capInsets":[0,0,0,0],"texture":"1f9dd1fb2@6c48a","packable":true}],[0],0,[0],[0],[0]],[[{"name":"tps_btnmoney_active_4","rect":{"x":887,"y":388,"width":126,"height":133},"offset":{"x":0,"y":0},"originalSize":{"width":126,"height":133},"rotated":true,"capInsets":[0,0,0,0],"texture":"1f9dd1fb2@6c48a","packable":true}],[0],0,[0],[0],[0]],[[{"name":"lb_icon_gamerule","rect":{"x":445,"y":997,"width":24,"height":40},"offset":{"x":0,"y":0},"originalSize":{"width":44,"height":48},"rotated":true,"capInsets":[0,0,0,0],"texture":"1f9dd1fb2@6c48a","packable":true}],[0],0,[0],[0],[0]],[[{"name":"xiu_default","rect":{"x":887,"y":122,"width":133,"height":127},"offset":{"x":0,"y":0},"originalSize":{"width":133,"height":127},"rotated":false,"capInsets":[0,0,0,0],"texture":"1f9dd1fb2@6c48a","packable":true}],[0],0,[0],[0],[0]],[[{"name":"font_money","rect":{"x":359,"y":536,"width":373,"height":511},"offset":{"x":-69.5,"y":0.5},"originalSize":{"width":512,"height":512},"rotated":true,"capInsets":[0,0,0,0],"texture":"1f9dd1fb2@6c48a","packable":true}],[0],0,[0],[0],[0]],[[{"name":"tps_btnmoney_active_3","rect":{"x":887,"y":520,"width":126,"height":133},"offset":{"x":0,"y":0},"originalSize":{"width":126,"height":133},"rotated":true,"capInsets":[0,0,0,0],"texture":"1f9dd1fb2@6c48a","packable":true}],[0],0,[0],[0],[0]],[[{"fmt":"0","w":1024,"h":1024}],[1],0,[],[],[]],[[{"base":"2,2,0,0,0,1","mipmaps":["1f9dd1fb2"]}],[2],0,[],[],[]],[[{"name":"tps_symbol_blur_5","rect":{"x":876,"y":833,"width":144,"height":158},"offset":{"x":0,"y":0},"originalSize":{"width":144,"height":158},"rotated":false,"capInsets":[0,0,0,0],"texture":"1f9dd1fb2@6c48a","packable":true}],[0],0,[0],[0],[0]],[[{"name":"logo_event","rect":{"x":876,"y":786,"width":145,"height":41},"offset":{"x":0,"y":0},"originalSize":{"width":145,"height":41},"rotated":false,"capInsets":[0,0,0,0],"texture":"1f9dd1fb2@6c48a","packable":true}],[0],0,[0],[0],[0]],[[{"name":"tps_symbol_3","rect":{"x":887,"y":3,"width":113,"height":134},"offset":{"x":0,"y":0},"originalSize":{"width":113,"height":134},"rotated":true,"capInsets":[0,0,0,0],"texture":"1f9dd1fb2@6c48a","packable":true}],[0],0,[0],[0],[0]],[[{"name":"tx_bg_songuoichoi_tai","rect":{"x":725,"y":989,"width":120,"height":31},"offset":{"x":0,"y":0},"originalSize":{"width":120,"height":31},"rotated":false,"capInsets":[0,0,0,0],"texture":"1f9dd1fb2@6c48a","packable":true}],[0],0,[0],[0],[0]],[[{"name":"ct_bich","rect":{"x":491,"y":997,"width":23,"height":26},"offset":{"x":0,"y":0},"originalSize":{"width":23,"height":26},"rotated":true,"capInsets":[0,0,0,0],"texture":"1f9dd1fb2@6c48a","packable":true}],[0],0,[0],[0],[0]],[[{"name":"tps_btn1_line_20","rect":{"x":612,"y":915,"width":103,"height":67},"offset":{"x":0,"y":0},"originalSize":{"width":103,"height":67},"rotated":true,"capInsets":[0,0,0,0],"texture":"1f9dd1fb2@6c48a","packable":true}],[0],0,[0],[0],[0]],[[{"name":"mnpk_light1","rect":{"x":555,"y":997,"width":22,"height":22},"offset":{"x":-0.5,"y":0.5},"originalSize":{"width":23,"height":23},"rotated":false,"capInsets":[0,0,0,0],"texture":"1f9dd1fb2@6c48a","packable":true}],[0],0,[0],[0],[0]],[[{"name":"btn_smart_otp","rect":{"x":685,"y":915,"width":185,"height":68},"offset":{"x":-5,"y":5},"originalSize":{"width":195,"height":78},"rotated":false,"capInsets":[0,0,0,0],"texture":"1f9dd1fb2@6c48a","packable":true}],[0],0,[0],[0],[0]],[[{"name":"xiu_on","rect":{"x":887,"y":255,"width":133,"height":127},"offset":{"x":0,"y":0},"originalSize":{"width":133,"height":127},"rotated":false,"capInsets":[0,0,0,0],"texture":"1f9dd1fb2@6c48a","packable":true}],[0],0,[0],[0],[0]],[[{"name":"btn_cancel","rect":{"x":445,"y":915,"width":161,"height":76},"offset":{"x":0,"y":0},"originalSize":{"width":161,"height":76},"rotated":false,"capInsets":[0,0,0,0],"texture":"1f9dd1fb2@6c48a","packable":true}],[0],0,[0],[0],[0]],[[{"name":"lb_icon_nap_gift","rect":{"x":685,"y":989,"width":32,"height":34},"offset":{"x":0,"y":0},"originalSize":{"width":32,"height":34},"rotated":true,"capInsets":[0,0,0,0],"texture":"1f9dd1fb2@6c48a","packable":true}],[0],0,[0],[0],[0]],[[{"name":"mnpk_light2","rect":{"x":583,"y":997,"width":22,"height":22},"offset":{"x":-0.5,"y":0.5},"originalSize":{"width":23,"height":23},"rotated":false,"capInsets":[0,0,0,0],"texture":"1f9dd1fb2@6c48a","packable":true}],[0],0,[0],[0],[0]],[[{"name":"mnpk_bg","rect":{"x":3,"y":3,"width":878,"height":527},"offset":{"x":0,"y":0},"originalSize":{"width":878,"height":527},"rotated":false,"capInsets":[0,0,0,0],"texture":"1f9dd1fb2@6c48a","packable":true}],[0],0,[0],[0],[0]],[[{"name":"tps_symbol_5","rect":{"x":876,"y":652,"width":145,"height":128},"offset":{"x":0,"y":0},"originalSize":{"width":145,"height":128},"rotated":false,"capInsets":[0,0,0,0],"texture":"1f9dd1fb2@6c48a","packable":true}],[0],0,[0],[0],[0]],[[{"name":"stg_icon_banchoi","rect":{"x":851,"y":997,"width":43,"height":17},"offset":{"x":0,"y":0},"originalSize":{"width":43,"height":17},"rotated":false,"capInsets":[0,0,0,0],"texture":"1f9dd1fb2@6c48a","packable":true}],[0],0,[0],[0],[0]],[[{"name":"ct_ro","rect":{"x":523,"y":997,"width":23,"height":26},"offset":{"x":0,"y":0},"originalSize":{"width":23,"height":26},"rotated":true,"capInsets":[0,0,0,0],"texture":"1f9dd1fb2@6c48a","packable":true}],[0],0,[0],[0],[0]],[[{"name":"ig_btn_lat","rect":{"x":359,"y":915,"width":80,"height":106},"offset":{"x":0,"y":0},"originalSize":{"width":80,"height":106},"rotated":false,"capInsets":[0,0,0,0],"texture":"1f9dd1fb2@6c48a","packable":true}],[0],0,[0],[0],[0]]]]
