[1,["71eiqQyChOwJzA5czEiYgj@f9941"],["spriteFrame"],[["cc.BitmapFont",["_name","fontSize","fntConfig"],0]],[[0,0,1,2,4]],[[0,"tps_font_line",32,{"commonHeight":33,"fontSize":32,"atlasName":"tps_font_line.png","fontDefDictionary":{"9":{"xOffset":0,"yOffset":0,"xAdvance":96,"rect":{"x":0,"y":0,"width":0,"height":0}},"32":{"xOffset":0,"yOffset":0,"xAdvance":12,"rect":{"x":0,"y":0,"width":0,"height":0}},"43":{"xOffset":0,"yOffset":19,"xAdvance":11,"rect":{"x":36,"y":20,"width":11,"height":10}},"44":{"xOffset":0,"yOffset":28,"xAdvance":6,"rect":{"x":64,"y":40,"width":6,"height":8}},"45":{"xOffset":0,"yOffset":22,"xAdvance":11,"rect":{"x":0,"y":57,"width":11,"height":4}},"46":{"xOffset":0,"yOffset":28,"xAdvance":6,"rect":{"x":12,"y":58,"width":6,"height":5}},"47":{"xOffset":0,"yOffset":14,"xAdvance":11,"rect":{"x":64,"y":20,"width":11,"height":19}},"48":{"xOffset":0,"yOffset":14,"xAdvance":18,"rect":{"x":0,"y":19,"width":18,"height":19}},"49":{"xOffset":0,"yOffset":15,"xAdvance":6,"rect":{"x":71,"y":40,"width":6,"height":18}},"50":{"xOffset":0,"yOffset":14,"xAdvance":12,"rect":{"x":20,"y":0,"width":12,"height":18}},"51":{"xOffset":0,"yOffset":14,"xAdvance":12,"rect":{"x":51,"y":0,"width":12,"height":19}},"52":{"xOffset":0,"yOffset":14,"xAdvance":16,"rect":{"x":19,"y":19,"width":16,"height":19}},"53":{"xOffset":0,"yOffset":14,"xAdvance":12,"rect":{"x":64,"y":0,"width":12,"height":19}},"54":{"xOffset":0,"yOffset":14,"xAdvance":14,"rect":{"x":36,"y":0,"width":14,"height":19}},"55":{"xOffset":0,"yOffset":15,"xAdvance":13,"rect":{"x":50,"y":40,"width":13,"height":19}},"56":{"xOffset":0,"yOffset":14,"xAdvance":13,"rect":{"x":50,"y":20,"width":13,"height":19}},"57":{"xOffset":0,"yOffset":14,"xAdvance":15,"rect":{"x":34,"y":39,"width":15,"height":20}},"58":{"xOffset":0,"yOffset":19,"xAdvance":6,"rect":{"x":64,"y":49,"width":6,"height":14}},"66":{"xOffset":0,"yOffset":15,"xAdvance":16,"rect":{"x":0,"y":39,"width":16,"height":17}},"75":{"xOffset":0,"yOffset":15,"xAdvance":16,"rect":{"x":17,"y":39,"width":16,"height":18}},"77":{"xOffset":0,"yOffset":15,"xAdvance":19,"rect":{"x":0,"y":0,"width":19,"height":18}}},"kerningDict":{}}]],0,0,[0],[0],[0]]
